{
"type": "FeatureCollection",
"name": "travis_county_roads",
"crs": { "type": "name", "properties": { "name": "urn:ogc:def:crs:EPSG::4269" } },
"features": [
{ "type": "Feature", "properties": { "LINEARID": "110485712407", "FULLNAME": "Old Hwy 20", "RTTYP": "M", "MTFCC": "S1200", "NAME": "Travis" }, "geometry": { "type": "LineString", "coordinates": [ [ -97.542575, 30.343248 ], [ -97.544364, 30.343403 ], [ -97.544915, 30.343451 ], [ -97.544997, 30.343457 ], [ -97.545222, 30.343477 ], [ -97.54572, 30.343519 ], [ -97.545818, 30.343527 ], [ -97.546314, 30.343565 ], [ -97.547215, 30.343571 ], [ -97.547613, 30.343533 ] ] } },
{ "type": "Feature", "properties": { "LINEARID": "110485881563", "FULLNAME": "Congress Ave S", "RTTYP": "M", "MTFCC": "S1200", "NAME": "Travis" }, "geometry": { "type": "LineString", "coordinates": [ [ -97.771483, 30.21091 ], [ -97.771878, 30.210346 ], [ -97.77192, 30.210278 ], [ -97.772791, 30.208863 ], [ -97.773181, 30.208215 ], [ -97.773624, 30.207419 ], [ -97.774255, 30.206188 ], [ -97.77453, 30.205588 ], [ -97.774756, 30.204991 ], [ -97.774818, 30.204885 ], [ -97.775148, 30.20388 ], [ -97.775365, 30.203254 ], [ -97.775528, 30.202493 ], [ -97.775573, 30.20233 ], [ -97.775944, 30.200987 ], [ -97.776119, 30.200355 ], [ -97.776215, 30.200007 ], [ -97.776367, 30.199455 ], [ -97.776635, 30.198483 ], [ -97.776715, 30.198217 ], [ -97.77674, 30.198134 ], [ -97.776799, 30.197939 ], [ -97.776856, 30.197778 ], [ -97.777123, 30.197027 ], [ -97.778566, 30.193732 ], [ -97.778846, 30.193092 ], [ -97.778875, 30.193026 ], [ -97.778898, 30.192964 ], [ -97.778907, 30.19294 ], [ -97.779551, 30.191176 ], [ -97.779947, 30.189842 ], [ -97.780206, 30.189054 ], [ -97.780697, 30.187484 ], [ -97.780713, 30.187436 ], [ -97.781223, 30.185808 ], [ -97.781695, 30.184301 ], [ -97.781978, 30.183397 ], [ -97.782745, 30.181035 ], [ -97.783216, 30.179563 ], [ -97.784004, 30.177045 ], [ -97.784913, 30.174156 ], [ -97.785277, 30.172951 ], [ -97.785473, 30.172289 ], [ -97.785635, 30.171753 ], [ -97.785829, 30.171313 ], [ -97.785971, 30.171041 ], [ -97.786115, 30.17084 ] ] } },
{ "type": "Feature", "properties": { "LINEARID": "1105598254238", "FULLNAME": "US Hwy 183 S", "RTTYP": "U", "MTFCC": "S1200", "NAME": "Travis" }, "geometry": { "type": "LineString", "coordinates": [ [ -97.688278, 30.240139 ], [ -97.688128, 30.23987 ], [ -97.687926, 30.239594 ], [ -97.687536, 30.238992 ], [ -97.687135, 30.238272 ], [ -97.686771, 30.237663 ], [ -97.686173, 30.236648 ], [ -97.684886, 30.234396 ], [ -97.683987, 30.23281 ], [ -97.683957, 30.232751 ], [ -97.683413, 30.231671 ], [ -97.683164, 30.23095 ], [ -97.682997, 30.23037 ], [ -97.682913, 30.230033 ], [ -97.682808, 30.229499 ] ] } },
{ "type": "Feature", "properties": { "LINEARID": "1108296488927", "FULLNAME": "Capital of Texas Hwy S", "RTTYP": "M", "MTFCC": "S1100", "NAME": "Travis" }, "geometry": { "type": "LineString", "coordinates": [ [ -97.793269, 30.232541 ], [ -97.792709, 30.232268 ], [ -97.792421, 30.232128 ], [ -97.791855, 30.231863 ], [ -97.791629, 30.231757 ], [ -97.789754, 30.230837 ], [ -97.788321, 30.230142 ], [ -97.788224, 30.230092 ], [ -97.788079, 30.230021 ], [ -97.787125, 30.229558 ], [ -97.78586, 30.228975 ], [ -97.785529, 30.228839 ], [ -97.785288, 30.228752 ], [ -97.784897, 30.228598 ], [ -97.784596, 30.228513 ], [ -97.784279, 30.228441 ], [ -97.78364, 30.228282 ], [ -97.78348, 30.228243 ], [ -97.78319, 30.228182 ], [ -97.782821, 30.22812 ], [ -97.782439, 30.228071 ], [ -97.781948, 30.228012 ], [ -97.781483, 30.227972 ], [ -97.781207, 30.22799 ], [ -97.781078, 30.227998 ], [ -97.779837, 30.227903 ], [ -97.779324, 30.227882 ], [ -97.778932, 30.227866 ], [ -97.777673, 30.227814 ], [ -97.776579, 30.227767 ], [ -97.776532, 30.227766 ], [ -97.776439, 30.227764 ], [ -97.776352, 30.227769 ], [ -97.776263, 30.227766 ], [ -97.776105, 30.227771 ], [ -97.775944, 30.227768 ], [ -97.774864, 30.227796 ], [ -97.773667, 30.227819 ], [ -97.773427, 30.227817 ], [ -97.773015, 30.227797 ], [ -97.7727, 30.227772 ], [ -97.772387, 30.22773 ], [ -97.771888, 30.227634 ], [ -97.771812, 30.227619 ], [ -97.771496, 30.227547 ], [ -97.771193, 30.227467 ], [ -97.771044, 30.22742 ], [ -97.77075, 30.22732 ], [ -97.770606, 30.227262 ], [ -97.770462, 30.227205 ], [ -97.769552, 30.226798 ], [ -97.769348, 30.226707 ], [ -97.769279, 30.22664 ], [ -97.769161, 30.226561 ], [ -97.76882, 30.226333 ], [ -97.768714, 30.226273 ], [ -97.76857, 30.226177 ], [ -97.76842, 30.226086 ], [ -97.768225, 30.225958 ], [ -97.767272, 30.225326 ], [ -97.76711, 30.225209 ], [ -97.766732, 30.224938 ], [ -97.766001, 30.224442 ], [ -97.765664, 30.224201 ], [ -97.764902, 30.223695 ], [ -97.764751, 30.223595 ], [ -97.764405, 30.223368 ], [ -97.764036, 30.22315 ], [ -97.763838, 30.223034 ], [ -97.763568, 30.222862 ], [ -97.762418, 30.222131 ], [ -97.762395, 30.22212 ], [ -97.76159, 30.221707 ], [ -97.761042, 30.221418 ], [ -97.760362, 30.22106 ], [ -97.760231, 30.220992 ], [ -97.758526, 30.220207 ], [ -97.758486, 30.22019 ], [ -97.757823, 30.219877 ], [ -97.756811, 30.219363 ], [ -97.755856, 30.218894 ], [ -97.755354, 30.218603 ], [ -97.755003, 30.218412 ], [ -97.754549, 30.218087 ], [ -97.754322, 30.217903 ], [ -97.754102, 30.217727 ], [ -97.753916, 30.217594 ], [ -97.753767, 30.217509 ], [ -97.753601, 30.217383 ], [ -97.75345, 30.217282 ], [ -97.75321, 30.217174 ], [ -97.752838, 30.217025 ], [ -97.752695, 30.216964 ], [ -97.752539, 30.216903 ], [ -97.752113, 30.216774 ], [ -97.751962, 30.216713 ] ] } },
{ "type": "Feature", "properties": { "LINEARID": "1108296487394", "FULLNAME": "Capital of Texas Hwy S", "RTTYP": "M", "MTFCC": "S1100", "NAME": "Travis" }, "geometry": { "type": "LineString", "coordinates": [ [ -97.752117, 30.216478 ], [ -97.752276, 30.216516 ], [ -97.752577, 30.21661 ], [ -97.752796, 30.216683 ], [ -97.752973, 30.216739 ], [ -97.753138, 30.21681 ], [ -97.753291, 30.216893 ], [ -97.753608, 30.217087 ], [ -97.753779, 30.217205 ], [ -97.754367, 30.217654 ], [ -97.754489, 30.217758 ], [ -97.755091, 30.218241 ], [ -97.755247, 30.218346 ], [ -97.755481, 30.21849 ], [ -97.755783, 30.218667 ], [ -97.756137, 30.218872 ], [ -97.756333, 30.218978 ], [ -97.756587, 30.219108 ], [ -97.756901, 30.219231 ], [ -97.75862, 30.219995 ], [ -97.758687, 30.220032 ], [ -97.759141, 30.220253 ], [ -97.760427, 30.220878 ], [ -97.761567, 30.221457 ], [ -97.761667, 30.221508 ], [ -97.76251, 30.221941 ], [ -97.762582, 30.221978 ], [ -97.763688, 30.222676 ], [ -97.763955, 30.222844 ], [ -97.764149, 30.222964 ], [ -97.764818, 30.223376 ], [ -97.764938, 30.223467 ], [ -97.765354, 30.223783 ], [ -97.765686, 30.224029 ], [ -97.766116, 30.224315 ], [ -97.767242, 30.22507 ], [ -97.767591, 30.225304 ], [ -97.767723, 30.225398 ], [ -97.768078, 30.225628 ], [ -97.768352, 30.225812 ], [ -97.768859, 30.226138 ], [ -97.769164, 30.226343 ], [ -97.769261, 30.226399 ], [ -97.769466, 30.226518 ], [ -97.769661, 30.22662 ], [ -97.769726, 30.226654 ], [ -97.769839, 30.226722 ], [ -97.770278, 30.226915 ], [ -97.770543, 30.227022 ], [ -97.770714, 30.227083 ], [ -97.770921, 30.227145 ], [ -97.771167, 30.227227 ], [ -97.771717, 30.227378 ], [ -97.771992, 30.227442 ], [ -97.772065, 30.227459 ], [ -97.772331, 30.227531 ], [ -97.772723, 30.227583 ], [ -97.772955, 30.227609 ], [ -97.773438, 30.227638 ], [ -97.775924, 30.227586 ], [ -97.776418, 30.227581 ], [ -97.776492, 30.22758 ], [ -97.776594, 30.227581 ], [ -97.777694, 30.227593 ], [ -97.778947, 30.227655 ], [ -97.779489, 30.227682 ], [ -97.779842, 30.227698 ], [ -97.78129, 30.227762 ], [ -97.781323, 30.227763 ], [ -97.781731, 30.22779 ], [ -97.782375, 30.227852 ], [ -97.783232, 30.227979 ], [ -97.783704, 30.228084 ], [ -97.784368, 30.228256 ], [ -97.784406, 30.228267 ], [ -97.784983, 30.228429 ], [ -97.785603, 30.22864 ], [ -97.785974, 30.228782 ], [ -97.786096, 30.228845 ], [ -97.786569, 30.229044 ], [ -97.786915, 30.229205 ], [ -97.787149, 30.229309 ], [ -97.788191, 30.229827 ], [ -97.788341, 30.229902 ], [ -97.788456, 30.229956 ], [ -97.789854, 30.230617 ], [ -97.79118, 30.231207 ], [ -97.791793, 30.23151 ], [ -97.792001, 30.231613 ], [ -97.792882, 30.232051 ], [ -97.793453, 30.232338 ] ] } },
{ "type": "Feature", "properties": { "LINEARID": "1105598254246", "FULLNAME": "US Hwy 183 S", "RTTYP": "U", "MTFCC": "S1200", "NAME": "Travis" }, "geometry": { "type": "LineString", "coordinates": [ [ -97.688325, 30.239734 ], [ -97.687599, 30.238563 ], [ -97.687421, 30.238253 ], [ -97.686996, 30.237513 ], [ -97.68657, 30.236771 ], [ -97.686391, 30.236469 ], [ -97.686236, 30.236186 ], [ -97.685893, 30.235581 ], [ -97.685771, 30.235367 ], [ -97.68536, 30.234653 ], [ -97.685191, 30.234359 ], [ -97.684462, 30.23309 ], [ -97.684237, 30.232665 ], [ -97.683855, 30.231944 ], [ -97.683416, 30.230794 ], [ -97.683228, 30.230204 ], [ -97.683184, 30.229945 ] ] } },
{ "type": "Feature", "properties": { "LINEARID": "1108296487056", "FULLNAME": "State Hwy 45 E", "RTTYP": "S", "MTFCC": "S1100", "NAME": "Travis" }, "geometry": { "type": "LineString", "coordinates": [ [ -97.678223, 30.47985 ], [ -97.680199, 30.479766 ], [ -97.680383, 30.479755 ], [ -97.680477, 30.479748 ], [ -97.680847, 30.479719 ], [ -97.681198, 30.479685 ], [ -97.681543, 30.47965 ], [ -97.681892, 30.479615 ], [ -97.682237, 30.47958 ], [ -97.682351, 30.479568 ], [ -97.682466, 30.479555 ], [ -97.68258, 30.479542 ], [ -97.682695, 30.479529 ], [ -97.682808, 30.479515 ], [ -97.68311, 30.479478 ] ] } },
{ "type": "Feature", "properties": { "LINEARID": "1105320995811", "FULLNAME": "State Hwy 71 E", "RTTYP": "S", "MTFCC": "S1200", "NAME": "Travis" }, "geometry": { "type": "LineString", "coordinates": [ [ -97.536904, 30.18057 ], [ -97.538974, 30.181666 ], [ -97.540195, 30.182321 ], [ -97.540419, 30.182428 ], [ -97.540591, 30.182517 ], [ -97.541007, 30.182738 ], [ -97.541142, 30.182816 ] ] } },
{ "type": "Feature", "properties": { "LINEARID": "1105598229911", "FULLNAME": "Hwy 71 E", "RTTYP": "M", "MTFCC": "S1200", "NAME": "Travis" }, "geometry": { "type": "LineString", "coordinates": [ [ -97.617885, 30.188543 ], [ -97.616756, 30.187492 ], [ -97.61667, 30.18742 ], [ -97.616577, 30.187347 ], [ -97.616199, 30.18706 ], [ -97.615619, 30.186741 ], [ -97.615096, 30.186492 ], [ -97.615064, 30.186477 ], [ -97.614918, 30.18643 ], [ -97.614045, 30.186181 ], [ -97.613454, 30.186068 ], [ -97.612992, 30.186026 ], [ -97.612473, 30.186011 ], [ -97.611954, 30.186026 ], [ -97.611224, 30.186083 ], [ -97.610448, 30.186139 ], [ -97.609476, 30.186213 ], [ -97.608777, 30.186247 ], [ -97.608635, 30.186253 ], [ -97.606597, 30.18645 ], [ -97.606101, 30.186514 ], [ -97.606004, 30.186531 ], [ -97.605864, 30.186537 ], [ -97.604617, 30.186671 ], [ -97.602739, 30.186883 ], [ -97.60265, 30.186895 ], [ -97.602125, 30.186965 ], [ -97.598111, 30.187504 ], [ -97.597935, 30.187528 ], [ -97.59775, 30.187551 ], [ -97.594911, 30.187922 ], [ -97.594441, 30.187958 ], [ -97.591702, 30.188219 ], [ -97.588678, 30.188519 ], [ -97.586539, 30.188708 ], [ -97.585644, 30.188802 ], [ -97.58565, 30.188861 ] ] } },
{ "type": "Feature", "properties": { "LINEARID": "11015792049155", "FULLNAME": "US Hwy 290 E", "RTTYP": "U", "MTFCC": "S1200", "NAME": "Travis" }, "geometry": { "type": "LineString", "coordinates": [ [ -97.969007, 30.210884 ], [ -97.969337, 30.210672 ] ] } },
{ "type": "Feature", "properties": { "LINEARID": "1105598229875", "FULLNAME": "Hwy 71 E", "RTTYP": "M", "MTFCC": "S1200", "NAME": "Travis" }, "geometry": { "type": "LineString", "coordinates": [ [ -97.541142, 30.182816 ], [ -97.541223, 30.182853 ], [ -97.54134, 30.182895 ], [ -97.54283, 30.183724 ], [ -97.543944, 30.18421 ], [ -97.545043, 30.18463 ], [ -97.545919, 30.184933 ], [ -97.546925, 30.1852 ], [ -97.547703, 30.185385 ], [ -97.549024, 30.185616 ], [ -97.550644, 30.185898 ], [ -97.551838, 30.1861 ], [ -97.553363, 30.186354 ], [ -97.555486, 30.186737 ], [ -97.558532, 30.187195 ], [ -97.561265, 30.187532 ], [ -97.562012, 30.187628 ], [ -97.5622, 30.187656 ], [ -97.562418, 30.187693 ], [ -97.563205, 30.187824 ], [ -97.563271, 30.187834 ], [ -97.564601, 30.188052 ], [ -97.564804, 30.188076 ], [ -97.565302, 30.188164 ], [ -97.565424, 30.188192 ], [ -97.56558, 30.188213 ], [ -97.569627, 30.188908 ], [ -97.57196, 30.189309 ], [ -97.572763, 30.189442 ], [ -97.573997, 30.189643 ], [ -97.574153, 30.18968 ], [ -97.574285, 30.189693 ], [ -97.5743, 30.189705 ], [ -97.57441, 30.189727 ], [ -97.574707, 30.189766 ], [ -97.57504, 30.189802 ], [ -97.575367, 30.189828 ], [ -97.575694, 30.189843 ], [ -97.57601, 30.189853 ], [ -97.576351, 30.189855 ], [ -97.576679, 30.189848 ], [ -97.577143, 30.189825 ], [ -97.577607, 30.189791 ], [ -97.579995, 30.189567 ], [ -97.580976, 30.189478 ], [ -97.583014, 30.189297 ], [ -97.585557, 30.189052 ], [ -97.585669, 30.18904 ], [ -97.585817, 30.189028 ], [ -97.59171, 30.188479 ], [ -97.594011, 30.188267 ], [ -97.594545, 30.1882 ], [ -97.597955, 30.187768 ], [ -97.598134, 30.18775 ], [ -97.601888, 30.18728 ], [ -97.602172, 30.18724 ], [ -97.602464, 30.187199 ], [ -97.602695, 30.187176 ], [ -97.60343, 30.187081 ], [ -97.6046, 30.186931 ], [ -97.604957, 30.186885 ], [ -97.606009, 30.186763 ], [ -97.606553, 30.1867 ], [ -97.608327, 30.186539 ], [ -97.608767, 30.1865 ], [ -97.608918, 30.186486 ], [ -97.609354, 30.186446 ], [ -97.609488, 30.186437 ], [ -97.609677, 30.186417 ], [ -97.60992, 30.186395 ], [ -97.610803, 30.186324 ], [ -97.61164, 30.186252 ], [ -97.612247, 30.186215 ], [ -97.612619, 30.186213 ], [ -97.613136, 30.186249 ], [ -97.613549, 30.18629 ], [ -97.613873, 30.186357 ], [ -97.614415, 30.186495 ], [ -97.61485, 30.186633 ], [ -97.615079, 30.18672 ], [ -97.615769, 30.187048 ], [ -97.616397, 30.187471 ], [ -97.616488, 30.187529 ], [ -97.616595, 30.187626 ], [ -97.617012, 30.187987 ], [ -97.617949, 30.18886 ] ] } },
{ "type": "Feature", "properties": { "LINEARID": "1106039347761", "FULLNAME": "Hwy 71 E", "RTTYP": "M", "MTFCC": "S1200", "NAME": "Travis" }, "geometry": { "type": "LineString", "coordinates": [ [ -97.582848, 30.189036 ], [ -97.580924, 30.189251 ], [ -97.578577, 30.189464 ], [ -97.577467, 30.189566 ], [ -97.57682, 30.189608 ], [ -97.576337, 30.189613 ], [ -97.575813, 30.189613 ], [ -97.574929, 30.189556 ], [ -97.574166, 30.189465 ], [ -97.572828, 30.189227 ], [ -97.571559, 30.189017 ], [ -97.569689, 30.188716 ], [ -97.568065, 30.18841 ], [ -97.5655, 30.187966 ], [ -97.563259, 30.187584 ], [ -97.562412, 30.187477 ], [ -97.562285, 30.18746 ], [ -97.562089, 30.187423 ], [ -97.558578, 30.187003 ], [ -97.555094, 30.18642 ], [ -97.553891, 30.186209 ], [ -97.553422, 30.186134 ], [ -97.55329, 30.186115 ], [ -97.551565, 30.185789 ], [ -97.550459, 30.185618 ], [ -97.548678, 30.185286 ], [ -97.547543, 30.185089 ], [ -97.545904, 30.184634 ], [ -97.545147, 30.184413 ], [ -97.544661, 30.184226 ], [ -97.543462, 30.183742 ], [ -97.542455, 30.183258 ], [ -97.541529, 30.182742 ], [ -97.541358, 30.182657 ], [ -97.541275, 30.182598 ], [ -97.536096, 30.179847 ], [ -97.53535, 30.179453 ], [ -97.53073, 30.177012 ], [ -97.529486, 30.176369 ], [ -97.529459, 30.176339 ] ] } },
{ "type": "Feature", "properties": { "LINEARID": "11015882833316", "FULLNAME": "State Hwy 45 E", "RTTYP": "S", "MTFCC": "S1100", "NAME": "Travis" }, "geometry": { "type": "LineString", "coordinates": [ [ -97.624516, 30.487138 ], [ -97.624334, 30.487098 ] ] } },
{ "type": "Feature", "properties": { "LINEARID": "110485712560", "FULLNAME": "Hwy 71 E", "RTTYP": "M", "MTFCC": "S1200", "NAME": "Travis" }, "geometry": { "type": "LineString", "coordinates": [ [ -97.529228, 30.176525 ], [ -97.530253, 30.177013 ], [ -97.534846, 30.179479 ], [ -97.535143, 30.179642 ], [ -97.535625, 30.179906 ], [ -97.535962, 30.180081 ], [ -97.536609, 30.180425 ], [ -97.53683, 30.180531 ], [ -97.536904, 30.18057 ] ] } },
{ "type": "Feature", "properties": { "LINEARID": "1108296487113", "FULLNAME": "State Hwy 45 W", "RTTYP": "S", "MTFCC": "S1100", "NAME": "Travis" }, "geometry": { "type": "LineString", "coordinates": [ [ -97.674116, 30.480426 ], [ -97.674145, 30.480425 ], [ -97.674517, 30.480394 ], [ -97.674596, 30.480386 ], [ -97.675025, 30.480393 ], [ -97.675063, 30.480394 ], [ -97.675111, 30.480391 ], [ -97.675336, 30.480375 ], [ -97.676173, 30.480328 ], [ -97.676604, 30.480304 ], [ -97.680403, 30.480072 ], [ -97.68155, 30.480002 ], [ -97.681885, 30.479975 ], [ -97.682316, 30.479931 ], [ -97.682973, 30.47985 ] ] } },
{ "type": "Feature", "properties": { "LINEARID": "11033193365745", "FULLNAME": "State Hwy 45 SW", "RTTYP": "S", "MTFCC": "S1100", "NAME": "Travis" }, "geometry": { "type": "LineString", "coordinates": [ [ -97.892274, 30.175604 ], [ -97.891727, 30.175232 ], [ -97.890555, 30.174385 ], [ -97.890426, 30.174285 ], [ -97.890328, 30.174209 ], [ -97.890024, 30.173974 ], [ -97.889756, 30.173747 ], [ -97.889513, 30.173525 ], [ -97.889393, 30.17342 ], [ -97.889133, 30.173159 ], [ -97.888865, 30.172837 ], [ -97.888788, 30.172735 ], [ -97.888744, 30.17268 ], [ -97.888682, 30.172601 ], [ -97.888582, 30.172476 ], [ -97.888557, 30.172447 ], [ -97.888514, 30.172397 ], [ -97.888019, 30.171822 ], [ -97.887834, 30.171631 ], [ -97.887762, 30.171548 ], [ -97.887489, 30.171232 ], [ -97.886976, 30.170594 ], [ -97.886365, 30.169802 ], [ -97.885841, 30.169051 ], [ -97.885483, 30.168485 ], [ -97.885227, 30.16808 ], [ -97.884444, 30.166667 ], [ -97.884239, 30.166273 ], [ -97.884025, 30.16589 ], [ -97.883507, 30.165008 ], [ -97.882977, 30.164132 ], [ -97.8823, 30.163096 ], [ -97.881849, 30.162387 ], [ -97.881776, 30.162273 ], [ -97.881377, 30.161624 ], [ -97.881049, 30.161093 ], [ -97.880432, 30.160027 ], [ -97.879729, 30.158758 ], [ -97.879077, 30.15759 ], [ -97.878839, 30.157179 ], [ -97.87824, 30.156255 ], [ -97.877894, 30.155761 ], [ -97.877358, 30.155046 ], [ -97.876768, 30.154331 ], [ -97.876286, 30.153783 ], [ -97.875138, 30.152638 ], [ -97.874755, 30.152272 ], [ -97.873899, 30.151453 ], [ -97.872382, 30.150016 ], [ -97.871852, 30.149498 ], [ -97.871268, 30.148896 ], [ -97.870803, 30.14836 ], [ -97.870481, 30.147991 ], [ -97.87013, 30.14755 ], [ -97.869725, 30.147014 ], [ -97.869391, 30.146537 ], [ -97.869033, 30.145995 ], [ -97.868452, 30.145024 ], [ -97.868113, 30.144398 ], [ -97.867859, 30.143874 ], [ -97.867585, 30.143281 ], [ -97.86735, 30.142703 ], [ -97.866888, 30.141478 ], [ -97.86673, 30.141052 ], [ -97.866376, 30.14009 ], [ -97.865739, 30.13848 ], [ -97.865711, 30.138409 ], [ -97.865509, 30.137974 ], [ -97.865229, 30.137414 ], [ -97.864895, 30.136845 ], [ -97.864817, 30.13671 ], [ -97.864687, 30.136494 ], [ -97.863913, 30.135272 ], [ -97.863569, 30.134732 ] ] } },
{ "type": "Feature", "properties": { "LINEARID": "11033198576890", "FULLNAME": "State Hwy 45 SW", "RTTYP": "S", "MTFCC": "S1100", "NAME": "Travis" }, "geometry": { "type": "LineString", "coordinates": [ [ -97.862412, 30.133902 ], [ -97.862739, 30.134241 ], [ -97.863495, 30.135153 ], [ -97.86396, 30.135802 ], [ -97.864282, 30.136261 ], [ -97.864353, 30.136376 ], [ -97.864653, 30.136859 ], [ -97.86511, 30.137665 ], [ -97.865408, 30.138273 ], [ -97.865473, 30.138423 ], [ -97.865753, 30.139066 ], [ -97.866501, 30.141074 ], [ -97.866918, 30.142224 ], [ -97.86738, 30.14335 ], [ -97.867678, 30.143976 ], [ -97.867982, 30.144566 ], [ -97.868298, 30.145114 ], [ -97.868825, 30.145996 ], [ -97.869135, 30.146437 ], [ -97.869588, 30.147086 ], [ -97.869993, 30.147617 ], [ -97.870285, 30.147974 ], [ -97.870828, 30.148593 ], [ -97.871471, 30.149266 ], [ -97.872109, 30.149898 ], [ -97.873727, 30.151435 ], [ -97.874613, 30.152283 ], [ -97.874889, 30.152543 ], [ -97.875994, 30.15364 ], [ -97.876465, 30.154152 ], [ -97.877305, 30.155165 ], [ -97.877856, 30.155892 ], [ -97.878279, 30.1565 ], [ -97.878708, 30.15718 ], [ -97.878965, 30.157609 ], [ -97.879537, 30.158652 ], [ -97.879948, 30.159414 ], [ -97.880413, 30.160225 ], [ -97.881188, 30.161548 ], [ -97.881623, 30.162245 ], [ -97.881712, 30.162384 ], [ -97.882159, 30.163085 ], [ -97.883148, 30.164616 ], [ -97.883923, 30.165945 ], [ -97.884662, 30.167298 ], [ -97.885138, 30.168263 ], [ -97.885436, 30.168907 ], [ -97.88586, 30.169897 ], [ -97.886087, 30.170481 ], [ -97.886534, 30.17155 ], [ -97.886634, 30.171812 ], [ -97.886715, 30.172024 ], [ -97.886775, 30.172239 ], [ -97.886832, 30.172426 ], [ -97.886882, 30.172591 ], [ -97.886948, 30.172841 ], [ -97.887013, 30.173169 ], [ -97.887073, 30.173341 ], [ -97.887156, 30.173568 ], [ -97.887262, 30.173742 ], [ -97.887405, 30.173945 ], [ -97.88753, 30.1741 ], [ -97.887673, 30.174237 ], [ -97.887864, 30.174392 ], [ -97.888103, 30.174541 ], [ -97.888301, 30.174635 ], [ -97.888618, 30.174788 ], [ -97.888836, 30.174869 ], [ -97.889124, 30.174994 ], [ -97.889315, 30.175077 ], [ -97.889656, 30.175241 ], [ -97.889868, 30.175351 ], [ -97.890033, 30.175459 ], [ -97.890281, 30.175604 ], [ -97.890707, 30.175919 ], [ -97.89109, 30.176234 ], [ -97.89205, 30.177029 ], [ -97.892185, 30.177175 ] ] } },
{ "type": "Feature", "properties": { "LINEARID": "11017129188180", "FULLNAME": "N US 183 Hwy", "RTTYP": "M", "MTFCC": "S1200", "NAME": "Travis" }, "geometry": { "type": "LineString", "coordinates": [ [ -97.690084, 30.03912 ], [ -97.690098, 30.039256 ], [ -97.690199, 30.039999 ], [ -97.690384, 30.04168 ], [ -97.69046, 30.042593 ] ] } },
{ "type": "Feature", "properties": { "LINEARID": "1108296484997", "FULLNAME": "N Mo Pac Expy", "RTTYP": "M", "MTFCC": "S1100", "NAME": "Travis" }, "geometry": { "type": "LineString", "coordinates": [ [ -97.755614, 30.336593 ], [ -97.755384, 30.33751 ], [ -97.753972, 30.340449 ], [ -97.750619, 30.347268 ], [ -97.750046, 30.348411 ], [ -97.749879, 30.348733 ], [ -97.749753, 30.349025 ], [ -97.749642, 30.349317 ], [ -97.749575, 30.349554 ], [ -97.749477, 30.349924 ], [ -97.749231, 30.351097 ], [ -97.74909, 30.351732 ], [ -97.749081, 30.35179 ], [ -97.74903, 30.352022 ], [ -97.748964, 30.352237 ], [ -97.748777, 30.352657 ], [ -97.748081, 30.353601 ], [ -97.747868, 30.353891 ], [ -97.747485, 30.354436 ], [ -97.747047, 30.35504 ], [ -97.746943, 30.355211 ], [ -97.746764, 30.355555 ], [ -97.746654, 30.355816 ], [ -97.74641, 30.356315 ], [ -97.746135, 30.357102 ], [ -97.746063, 30.357311 ], [ -97.745902, 30.357883 ], [ -97.745033, 30.36066 ], [ -97.744895, 30.360965 ], [ -97.744769, 30.36121 ] ] } },
{ "type": "Feature", "properties": { "LINEARID": "11013807191771", "FULLNAME": "N Mopac Expy", "RTTYP": "M", "MTFCC": "S1100", "NAME": "Travis" }, "geometry": { "type": "LineString", "coordinates": [ [ -97.737741, 30.380106 ], [ -97.737262, 30.381139 ], [ -97.736743, 30.382259 ], [ -97.736496, 30.382883 ], [ -97.736189, 30.383655 ], [ -97.736132, 30.3838 ], [ -97.735904, 30.38448 ], [ -97.735731, 30.385117 ], [ -97.735479, 30.386054 ], [ -97.735233, 30.387012 ], [ -97.735048, 30.387728 ], [ -97.734905, 30.388286 ], [ -97.734704, 30.389195 ], [ -97.73462, 30.389476 ], [ -97.734537, 30.389758 ], [ -97.734508, 30.389861 ], [ -97.734481, 30.389958 ], [ -97.734474, 30.389983 ], [ -97.734239, 30.390881 ], [ -97.733752, 30.392794 ], [ -97.733335, 30.394434 ], [ -97.732886, 30.395848 ], [ -97.732871, 30.395896 ], [ -97.732732, 30.396254 ], [ -97.732573, 30.396706 ], [ -97.732115, 30.397765 ], [ -97.731654, 30.398511 ], [ -97.731379, 30.398942 ], [ -97.73006, 30.400834 ], [ -97.729113, 30.401881 ], [ -97.728807, 30.402221 ], [ -97.728709, 30.40233 ], [ -97.728571, 30.402464 ], [ -97.728382, 30.402652 ], [ -97.728199, 30.402844 ], [ -97.728116, 30.402932 ], [ -97.727287, 30.403619 ], [ -97.725854, 30.404846 ], [ -97.724428, 30.405676 ], [ -97.722498, 30.406761 ], [ -97.7213, 30.407342 ], [ -97.720665, 30.407596 ], [ -97.719591, 30.407959 ], [ -97.718574, 30.408222 ], [ -97.717545, 30.408335 ], [ -97.716232, 30.408554 ], [ -97.716149, 30.408568 ], [ -97.71599, 30.40858 ], [ -97.714476, 30.408889 ], [ -97.713961, 30.409046 ], [ -97.713431, 30.409242 ], [ -97.712803, 30.409485 ], [ -97.711954, 30.409948 ], [ -97.71191, 30.40997 ], [ -97.711586, 30.410131 ], [ -97.711276, 30.410328 ], [ -97.711209, 30.410373 ], [ -97.711076, 30.410461 ], [ -97.710858, 30.410622 ], [ -97.71082, 30.410646 ], [ -97.710746, 30.410691 ], [ -97.710078, 30.411244 ], [ -97.709971, 30.411333 ], [ -97.709579, 30.411734 ], [ -97.708693, 30.41264 ], [ -97.707459, 30.413825 ], [ -97.706623, 30.414851 ], [ -97.706542, 30.414954 ], [ -97.706094, 30.415799 ], [ -97.705911, 30.416217 ], [ -97.705172, 30.41816 ], [ -97.704884, 30.419191 ], [ -97.704406, 30.420384 ], [ -97.704373, 30.420466 ], [ -97.704338, 30.420566 ], [ -97.703898, 30.421814 ], [ -97.70378, 30.422177 ], [ -97.703464, 30.423047 ], [ -97.703226, 30.423739 ], [ -97.702452, 30.42597 ], [ -97.701924, 30.427787 ], [ -97.701842, 30.428071 ], [ -97.701381, 30.429613 ], [ -97.701074, 30.430544 ], [ -97.700999, 30.430773 ], [ -97.70092, 30.430988 ], [ -97.700403, 30.432379 ], [ -97.700205, 30.432957 ], [ -97.700109, 30.433238 ], [ -97.699807, 30.43408 ], [ -97.699749, 30.434373 ], [ -97.699632, 30.435026 ], [ -97.699523, 30.435659 ], [ -97.699497, 30.435813 ], [ -97.699369, 30.437061 ], [ -97.699298, 30.437952 ], [ -97.699051, 30.438969 ], [ -97.69867, 30.439971 ], [ -97.698589, 30.440157 ], [ -97.698527, 30.440298 ], [ -97.698503, 30.440441 ], [ -97.698447, 30.440575 ], [ -97.697923, 30.441871 ], [ -97.697144, 30.443826 ], [ -97.696802, 30.445249 ], [ -97.696722, 30.445742 ], [ -97.696635, 30.44637 ], [ -97.696564, 30.446929 ], [ -97.696499, 30.4479 ], [ -97.69649, 30.448214 ], [ -97.69646, 30.449311 ], [ -97.696456, 30.449552 ], [ -97.696456, 30.449565 ], [ -97.696455, 30.449609 ], [ -97.696453, 30.449772 ], [ -97.696467, 30.449941 ], [ -97.696514, 30.450546 ], [ -97.696654, 30.451688 ], [ -97.69673, 30.45208 ], [ -97.696863, 30.452771 ], [ -97.697026, 30.453563 ], [ -97.697504, 30.455124 ], [ -97.698028, 30.456638 ], [ -97.698191, 30.457069 ], [ -97.698692, 30.45842 ], [ -97.699297, 30.4602 ] ] } },
{ "type": "Feature", "properties": { "LINEARID": "1108296484738", "FULLNAME": "N Mo-Pac Expy", "RTTYP": "M", "MTFCC": "S1100", "NAME": "Travis" }, "geometry": { "type": "LineString", "coordinates": [ [ -97.742177, 30.369375 ], [ -97.74197, 30.369908 ], [ -97.741665, 30.370651 ], [ -97.741128, 30.371958 ], [ -97.741045, 30.372158 ], [ -97.740969, 30.372344 ], [ -97.740722, 30.373013 ], [ -97.740422, 30.373818 ], [ -97.739986, 30.375027 ], [ -97.739812, 30.375422 ], [ -97.738435, 30.378555 ], [ -97.738305, 30.378843 ], [ -97.738199, 30.379078 ], [ -97.738094, 30.379293 ], [ -97.738049, 30.379398 ], [ -97.738028, 30.379452 ], [ -97.737948, 30.379643 ], [ -97.737933, 30.379681 ], [ -97.737918, 30.379716 ], [ -97.737901, 30.379756 ], [ -97.737863, 30.379847 ], [ -97.737741, 30.380106 ] ] } },
{ "type": "Feature", "properties": { "LINEARID": "1108296484770", "FULLNAME": "N Mo-Pac Expy", "RTTYP": "M", "MTFCC": "S1100", "NAME": "Travis" }, "geometry": { "type": "LineString", "coordinates": [ [ -97.744769, 30.36121 ], [ -97.744736, 30.361297 ], [ -97.744452, 30.362009 ], [ -97.744022, 30.362963 ], [ -97.743641, 30.364015 ], [ -97.743457, 30.364583 ], [ -97.743235, 30.365428 ], [ -97.742787, 30.367644 ], [ -97.742601, 30.368247 ] ] } },
{ "type": "Feature", "properties": { "LINEARID": "110485779337", "FULLNAME": "N Lamar Blvd", "RTTYP": "M", "MTFCC": "S1200", "NAME": "Travis" }, "geometry": { "type": "LineString", "coordinates": [ [ -97.712439, 30.347805 ], [ -97.712407, 30.347856 ], [ -97.712357, 30.347936 ], [ -97.712275, 30.348057 ], [ -97.712224, 30.348131 ], [ -97.711732, 30.348726 ], [ -97.711354, 30.349183 ], [ -97.710487, 30.350057 ], [ -97.709454, 30.350718 ], [ -97.709153, 30.35081 ] ] } },
{ "type": "Feature", "properties": { "LINEARID": "1105320995580", "FULLNAME": "N Lamar Blvd", "RTTYP": "M", "MTFCC": "S1200", "NAME": "Travis" }, "geometry": { "type": "LineString", "coordinates": [ [ -97.709153, 30.35081 ], [ -97.707269, 30.352111 ], [ -97.705638, 30.353351 ], [ -97.704707, 30.354046 ], [ -97.704068, 30.354524 ], [ -97.702936, 30.355339 ], [ -97.702688, 30.355497 ], [ -97.701263, 30.35657 ], [ -97.700387, 30.357273 ], [ -97.70036, 30.357309 ], [ -97.700108, 30.357647 ], [ -97.699923, 30.357908 ], [ -97.699707, 30.358266 ], [ -97.698658, 30.360086 ], [ -97.698085, 30.361117 ], [ -97.697045, 30.362985 ], [ -97.697013, 30.363043 ], [ -97.696989, 30.363085 ], [ -97.696977, 30.363107 ], [ -97.69695, 30.363155 ], [ -97.695997, 30.36487 ], [ -97.694587, 30.36736 ], [ -97.693009, 30.370175 ], [ -97.692449, 30.37117 ], [ -97.691612, 30.372665 ], [ -97.691149, 30.373468 ], [ -97.690776, 30.37413 ], [ -97.690125, 30.375257 ], [ -97.689784, 30.375895 ], [ -97.689309, 30.376738 ], [ -97.688948, 30.377396 ], [ -97.688756, 30.377686 ], [ -97.688287, 30.378482 ], [ -97.687684, 30.37954 ], [ -97.687622, 30.379651 ], [ -97.68714, 30.380533 ], [ -97.686701, 30.381334 ], [ -97.686375, 30.38193 ], [ -97.68633, 30.382012 ], [ -97.685803, 30.382932 ], [ -97.685737, 30.383045 ], [ -97.685188, 30.384005 ], [ -97.685078, 30.384288 ], [ -97.684997, 30.384496 ], [ -97.68473, 30.385079 ], [ -97.684689, 30.385162 ], [ -97.684253, 30.386056 ], [ -97.683236, 30.388544 ], [ -97.682903, 30.389362 ], [ -97.682209, 30.390948 ], [ -97.681964, 30.391543 ], [ -97.681769, 30.392045 ], [ -97.681296, 30.393229 ], [ -97.681037, 30.393878 ], [ -97.680842, 30.394335 ], [ -97.680769, 30.394505 ], [ -97.680523, 30.395119 ], [ -97.680514, 30.395141 ], [ -97.679588, 30.39766 ], [ -97.679397, 30.399152 ], [ -97.679342, 30.399553 ], [ -97.679166, 30.401785 ], [ -97.679081, 30.402818 ], [ -97.678972, 30.403442 ], [ -97.678543, 30.405824 ], [ -97.678478, 30.406176 ], [ -97.678257, 30.407365 ], [ -97.678195, 30.4077 ], [ -97.678186, 30.40775 ], [ -97.678176, 30.407802 ], [ -97.678166, 30.407896 ], [ -97.678162, 30.407937 ], [ -97.678124, 30.408306 ], [ -97.678068, 30.408839 ], [ -97.67798, 30.409294 ], [ -97.677939, 30.409828 ], [ -97.677793, 30.412335 ], [ -97.677729, 30.413172 ], [ -97.677619, 30.413602 ], [ -97.677475, 30.414141 ], [ -97.677331, 30.41449 ], [ -97.676833, 30.415475 ], [ -97.674251, 30.420052 ], [ -97.672779, 30.422734 ] ] } },
{ "type": "Feature", "properties": { "LINEARID": "1102983251701", "FULLNAME": "N I-35", "RTTYP": "M", "MTFCC": "S1100", "NAME": "Travis" }, "geometry": { "type": "LineString", "coordinates": [ [ -97.678584, 30.373403 ], [ -97.678044, 30.374212 ], [ -97.677789, 30.374594 ], [ -97.676637, 30.376316 ], [ -97.676155, 30.377057 ], [ -97.675498, 30.37821 ], [ -97.675233, 30.378686 ], [ -97.674907, 30.379309 ], [ -97.674666, 30.379851 ], [ -97.674636, 30.379916 ], [ -97.674573, 30.380114 ], [ -97.674392, 30.380696 ], [ -97.674379, 30.380728 ], [ -97.67426, 30.381116 ], [ -97.674236, 30.381217 ], [ -97.67415, 30.38159 ], [ -97.674065, 30.381964 ], [ -97.673867, 30.382761 ], [ -97.673681, 30.383648 ], [ -97.67341, 30.38479 ], [ -97.67309, 30.386136 ], [ -97.672595, 30.388202 ], [ -97.672565, 30.388382 ], [ -97.672551, 30.388437 ], [ -97.672229, 30.38979 ], [ -97.671752, 30.391862 ], [ -97.671677, 30.392907 ] ] } },
{ "type": "Feature", "properties": { "LINEARID": "1105320995581", "FULLNAME": "N Lamar Blvd", "RTTYP": "M", "MTFCC": "S1200", "NAME": "Travis" }, "geometry": { "type": "LineString", "coordinates": [ [ -97.6725, 30.42328 ], [ -97.672408, 30.423357 ], [ -97.672351, 30.42338 ], [ -97.672285, 30.423387 ], [ -97.672216, 30.423372 ], [ -97.672159, 30.423343 ], [ -97.672095, 30.423295 ] ] } },
{ "type": "Feature", "properties": { "LINEARID": "1103669896930", "FULLNAME": "N Lexington St", "RTTYP": "M", "MTFCC": "S1200", "NAME": "Travis" }, "geometry": { "type": "LineString", "coordinates": [ [ -97.556167, 30.347387 ], [ -97.556208, 30.347248 ], [ -97.556317, 30.346803 ], [ -97.556514, 30.345964 ] ] } },
{ "type": "Feature", "properties": { "LINEARID": "1105598233827", "FULLNAME": "N Capital of Texas Hwy", "RTTYP": "M", "MTFCC": "S1200", "NAME": "Travis" }, "geometry": { "type": "LineString", "coordinates": [ [ -97.825378, 30.305438 ], [ -97.825356, 30.305537 ], [ -97.825302, 30.305763 ], [ -97.825282, 30.305947 ], [ -97.825275, 30.306211 ], [ -97.825294, 30.306481 ], [ -97.825376, 30.306906 ], [ -97.825516, 30.307462 ], [ -97.826129, 30.309435 ], [ -97.826489, 30.310591 ], [ -97.826878, 30.311922 ], [ -97.826892, 30.31201 ], [ -97.826954, 30.312391 ], [ -97.826965, 30.312575 ], [ -97.82697, 30.312628 ], [ -97.826981, 30.312746 ], [ -97.826977, 30.313098 ], [ -97.826924, 30.313537 ], [ -97.826865, 30.31384 ], [ -97.826824, 30.314027 ], [ -97.826768, 30.314197 ], [ -97.826727, 30.314358 ], [ -97.826639, 30.314577 ], [ -97.826608, 30.314678 ], [ -97.826599, 30.314705 ], [ -97.826523, 30.314866 ], [ -97.826207, 30.31543 ], [ -97.826164, 30.315505 ], [ -97.826097, 30.315591 ], [ -97.825594, 30.316206 ], [ -97.825539, 30.316266 ], [ -97.825333, 30.316487 ], [ -97.825079, 30.316711 ], [ -97.824665, 30.317021 ], [ -97.82439, 30.317214 ], [ -97.824207, 30.317304 ], [ -97.821654, 30.31866 ], [ -97.821601, 30.318688 ], [ -97.820625, 30.319204 ], [ -97.817342, 30.32092 ], [ -97.81628, 30.321474 ], [ -97.816107, 30.321566 ], [ -97.815828, 30.321716 ], [ -97.815513, 30.321894 ], [ -97.815307, 30.322044 ], [ -97.81514, 30.322165 ], [ -97.814944, 30.322326 ], [ -97.81469, 30.322549 ], [ -97.814551, 30.322681 ], [ -97.814494, 30.322741 ], [ -97.814397, 30.322852 ], [ -97.81432, 30.322932 ], [ -97.81415, 30.323141 ], [ -97.814064, 30.323247 ], [ -97.812849, 30.325146 ], [ -97.811333, 30.327517 ], [ -97.811239, 30.32765 ], [ -97.811158, 30.32779 ], [ -97.810324, 30.329094 ], [ -97.80942, 30.330507 ], [ -97.808212, 30.332399 ], [ -97.806974, 30.334333 ], [ -97.806427, 30.335189 ], [ -97.806356, 30.335305 ], [ -97.806282, 30.335421 ], [ -97.803772, 30.339396 ], [ -97.803696, 30.339511 ], [ -97.803613, 30.339644 ], [ -97.801809, 30.342457 ], [ -97.801514, 30.342913 ], [ -97.800832, 30.343987 ], [ -97.799708, 30.345758 ], [ -97.799244, 30.346451 ], [ -97.799123, 30.346652 ], [ -97.798491, 30.347605 ], [ -97.798082, 30.348224 ], [ -97.797877, 30.348526 ], [ -97.797547, 30.348951 ], [ -97.797415, 30.349122 ], [ -97.797359, 30.34921 ], [ -97.797014, 30.349743 ], [ -97.796951, 30.349838 ], [ -97.796911, 30.349881 ], [ -97.796826, 30.349986 ], [ -97.796508, 30.350523 ], [ -97.796397, 30.35076 ], [ -97.796343, 30.350914 ], [ -97.796286, 30.351054 ], [ -97.796194, 30.351213 ], [ -97.796003, 30.351473 ], [ -97.795898, 30.35163 ], [ -97.795676, 30.352007 ], [ -97.795417, 30.352432 ], [ -97.795374, 30.352498 ], [ -97.795334, 30.352566 ], [ -97.7935, 30.355528 ], [ -97.792981, 30.356328 ], [ -97.792632, 30.356864 ], [ -97.791907, 30.358063 ], [ -97.791549, 30.358834 ], [ -97.791352, 30.359289 ], [ -97.791262, 30.359498 ], [ -97.791225, 30.359585 ], [ -97.791085, 30.359911 ], [ -97.790907, 30.360486 ], [ -97.790745, 30.361008 ], [ -97.790533, 30.361856 ], [ -97.790422, 30.362451 ], [ -97.790382, 30.362804 ], [ -97.790298, 30.363719 ], [ -97.790274, 30.363954 ], [ -97.790256, 30.364126 ], [ -97.790238, 30.364301 ], [ -97.790223, 30.364445 ], [ -97.790076, 30.365876 ], [ -97.789877, 30.367126 ], [ -97.789675, 30.367672 ], [ -97.789432, 30.368152 ], [ -97.789343, 30.368329 ], [ -97.789249, 30.368462 ], [ -97.789002, 30.368814 ], [ -97.788153, 30.369747 ], [ -97.788122, 30.369781 ], [ -97.787316, 30.370451 ], [ -97.786127, 30.371441 ], [ -97.785893, 30.371637 ], [ -97.785768, 30.371738 ], [ -97.785663, 30.371828 ], [ -97.785324, 30.372114 ], [ -97.784672, 30.372662 ], [ -97.782068, 30.37485 ], [ -97.780485, 30.376181 ], [ -97.780459, 30.376203 ], [ -97.778267, 30.378058 ], [ -97.776859, 30.379252 ], [ -97.77675, 30.379329 ], [ -97.776654, 30.379426 ], [ -97.775187, 30.380671 ], [ -97.774879, 30.380899 ], [ -97.774661, 30.381054 ], [ -97.774495, 30.38118 ], [ -97.774172, 30.381369 ], [ -97.771559, 30.382689 ], [ -97.771415, 30.38276 ], [ -97.771254, 30.382839 ], [ -97.770489, 30.383201 ], [ -97.770404, 30.383238 ], [ -97.770369, 30.383254 ], [ -97.768639, 30.384087 ], [ -97.768039, 30.384376 ], [ -97.767545, 30.384652 ], [ -97.767019, 30.384964 ], [ -97.766968, 30.385002 ], [ -97.766804, 30.385124 ], [ -97.766698, 30.385201 ], [ -97.763827, 30.387292 ], [ -97.763238, 30.38769 ], [ -97.762955, 30.387842 ], [ -97.76276, 30.387921 ], [ -97.762485, 30.38803 ], [ -97.762239, 30.388102 ], [ -97.762009, 30.388153 ], [ -97.76189, 30.388175 ], [ -97.761727, 30.388207 ], [ -97.761444, 30.388246 ], [ -97.760713, 30.38827 ], [ -97.760201, 30.388269 ], [ -97.760096, 30.388269 ], [ -97.759843, 30.388251 ], [ -97.75962, 30.388263 ], [ -97.759349, 30.388256 ], [ -97.758416, 30.388235 ], [ -97.756998, 30.388222 ], [ -97.756746, 30.38822 ], [ -97.755428, 30.388239 ], [ -97.755338, 30.38824 ], [ -97.754564, 30.388251 ], [ -97.754144, 30.388264 ], [ -97.753741, 30.388301 ], [ -97.753547, 30.388311 ], [ -97.753364, 30.388335 ], [ -97.7521, 30.388454 ], [ -97.751987, 30.388465 ], [ -97.751705, 30.388481 ], [ -97.751483, 30.388506 ], [ -97.750812, 30.388552 ], [ -97.750281, 30.38859 ], [ -97.750097, 30.388603 ], [ -97.749936, 30.388621 ], [ -97.749318, 30.388687 ], [ -97.748488, 30.38877 ], [ -97.747887, 30.388831 ], [ -97.747175, 30.388935 ], [ -97.74652, 30.389068 ], [ -97.745902, 30.389282 ], [ -97.745801, 30.389313 ] ] } },
{ "type": "Feature", "properties": { "LINEARID": "1108296484993", "FULLNAME": "N Mo Pac Expy", "RTTYP": "M", "MTFCC": "S1100", "NAME": "Travis" }, "geometry": { "type": "LineString", "coordinates": [ [ -97.755277, 30.336413 ], [ -97.755165, 30.33695 ], [ -97.755111, 30.337157 ], [ -97.754967, 30.337664 ], [ -97.754898, 30.337904 ], [ -97.754438, 30.338833 ], [ -97.750508, 30.346743 ], [ -97.749613, 30.348736 ], [ -97.749399, 30.349358 ], [ -97.749252, 30.349823 ], [ -97.749135, 30.350294 ], [ -97.74897, 30.351068 ], [ -97.748839, 30.35172 ], [ -97.748618, 30.352264 ], [ -97.748547, 30.352422 ], [ -97.748342, 30.352765 ], [ -97.748176, 30.353036 ], [ -97.747946, 30.35335 ], [ -97.747875, 30.353456 ], [ -97.747746, 30.353646 ], [ -97.74754, 30.353906 ], [ -97.747329, 30.354091 ], [ -97.746865, 30.354836 ], [ -97.746641, 30.355238 ], [ -97.746464, 30.35554 ], [ -97.746178, 30.356168 ], [ -97.746131, 30.356273 ], [ -97.745807, 30.357255 ], [ -97.745745, 30.357375 ], [ -97.744851, 30.360077 ], [ -97.744684, 30.360579 ], [ -97.744476, 30.36121 ], [ -97.744438, 30.361299 ], [ -97.74395, 30.362395 ], [ -97.743326, 30.363989 ], [ -97.74319, 30.364413 ], [ -97.743043, 30.365012 ], [ -97.742444, 30.367783 ], [ -97.742361, 30.368137 ], [ -97.742312, 30.368347 ], [ -97.742149, 30.368817 ] ] } },
{ "type": "Feature", "properties": { "LINEARID": "1109097861137", "FULLNAME": "N Mopac Expy", "RTTYP": "M", "MTFCC": "S1100", "NAME": "Travis" }, "geometry": { "type": "LineString", "coordinates": [ [ -97.742149, 30.368817 ], [ -97.74173, 30.369893 ], [ -97.741469, 30.370553 ], [ -97.741458, 30.370582 ], [ -97.741216, 30.371139 ], [ -97.740892, 30.371887 ], [ -97.740877, 30.371921 ], [ -97.740786, 30.372171 ], [ -97.740592, 30.372699 ], [ -97.740143, 30.374151 ], [ -97.739851, 30.374809 ], [ -97.739799, 30.374925 ], [ -97.739107, 30.376481 ], [ -97.738011, 30.378775 ], [ -97.737935, 30.378928 ], [ -97.73781, 30.37918 ], [ -97.737784, 30.379233 ], [ -97.737704, 30.379401 ], [ -97.737616, 30.379582 ], [ -97.73759, 30.379639 ], [ -97.737497, 30.37984 ], [ -97.737453, 30.379929 ], [ -97.737378, 30.380077 ], [ -97.737146, 30.380614 ], [ -97.736925, 30.381087 ], [ -97.736809, 30.381337 ], [ -97.736273, 30.382481 ], [ -97.736182, 30.382685 ], [ -97.735788, 30.383708 ], [ -97.735336, 30.385016 ], [ -97.735133, 30.385885 ], [ -97.734891, 30.386841 ], [ -97.734458, 30.388543 ], [ -97.734172, 30.389679 ], [ -97.734144, 30.389788 ], [ -97.734123, 30.389873 ], [ -97.734114, 30.389911 ], [ -97.734062, 30.390125 ], [ -97.733359, 30.392683 ], [ -97.733063, 30.39376 ], [ -97.732926, 30.394316 ], [ -97.732842, 30.394661 ], [ -97.732557, 30.395691 ], [ -97.73242, 30.396121 ], [ -97.732002, 30.397171 ], [ -97.731932, 30.397305 ], [ -97.731484, 30.398151 ], [ -97.731395, 30.398296 ], [ -97.731168, 30.398723 ], [ -97.730517, 30.399654 ], [ -97.730441, 30.399766 ], [ -97.729618, 30.400778 ], [ -97.728772, 30.40169 ], [ -97.728532, 30.401952 ], [ -97.728362, 30.402142 ], [ -97.728266, 30.402233 ], [ -97.728135, 30.402357 ], [ -97.72806, 30.402428 ], [ -97.726984, 30.403423 ], [ -97.725862, 30.40431 ], [ -97.724498, 30.405223 ], [ -97.72381, 30.405682 ], [ -97.721993, 30.406671 ], [ -97.720569, 30.407313 ], [ -97.719869, 30.40756 ], [ -97.718912, 30.407841 ], [ -97.717731, 30.407998 ], [ -97.716166, 30.408244 ], [ -97.715924, 30.408277 ], [ -97.71431, 30.408632 ], [ -97.713832, 30.408766 ], [ -97.713481, 30.408882 ], [ -97.713075, 30.409022 ], [ -97.712548, 30.409243 ], [ -97.712328, 30.409351 ], [ -97.71172, 30.409649 ], [ -97.71154, 30.409746 ], [ -97.711021, 30.410026 ], [ -97.710647, 30.410308 ], [ -97.710542, 30.410387 ], [ -97.710156, 30.410701 ], [ -97.709798, 30.411033 ], [ -97.709711, 30.411113 ], [ -97.70861, 30.412174 ], [ -97.707628, 30.413169 ], [ -97.706964, 30.413879 ], [ -97.706545, 30.414354 ], [ -97.706236, 30.41476 ], [ -97.705643, 30.415857 ], [ -97.705109, 30.417347 ], [ -97.704281, 30.419663 ], [ -97.704109, 30.420193 ], [ -97.704077, 30.420292 ], [ -97.704044, 30.420384 ], [ -97.703548, 30.421763 ], [ -97.703535, 30.421823 ], [ -97.703202, 30.422713 ], [ -97.702915, 30.423595 ], [ -97.70216, 30.425853 ], [ -97.701574, 30.427716 ], [ -97.700701, 30.430465 ], [ -97.700626, 30.430702 ], [ -97.700562, 30.430909 ], [ -97.700217, 30.431841 ], [ -97.699847, 30.432841 ], [ -97.699435, 30.434237 ], [ -97.699402, 30.434367 ], [ -97.699203, 30.435639 ], [ -97.699099, 30.436576 ], [ -97.698916, 30.43788 ], [ -97.698797, 30.438405 ], [ -97.698519, 30.439279 ], [ -97.698249, 30.440058 ], [ -97.698202, 30.440208 ], [ -97.698147, 30.440354 ], [ -97.698098, 30.440472 ], [ -97.697485, 30.44195 ], [ -97.696921, 30.443421 ], [ -97.696603, 30.444542 ], [ -97.696341, 30.445679 ], [ -97.696245, 30.446219 ], [ -97.696221, 30.446942 ], [ -97.69617, 30.4479 ], [ -97.696146, 30.44899 ], [ -97.696151, 30.449411 ], [ -97.696151, 30.449438 ], [ -97.696153, 30.449617 ], [ -97.696155, 30.449766 ], [ -97.696165, 30.449929 ], [ -97.696234, 30.450791 ], [ -97.696351, 30.451781 ], [ -97.696405, 30.452096 ], [ -97.696514, 30.452724 ], [ -97.696689, 30.453505 ], [ -97.696875, 30.454157 ], [ -97.697189, 30.455182 ], [ -97.697562, 30.4563 ], [ -97.698098, 30.457814 ], [ -97.698704, 30.459643 ], [ -97.698916, 30.460338 ] ] } },
{ "type": "Feature", "properties": { "LINEARID": "1105598233770", "FULLNAME": "N Capital of Texas Hwy", "RTTYP": "M", "MTFCC": "S1200", "NAME": "Travis" }, "geometry": { "type": "LineString", "coordinates": [ [ -97.825072, 30.305471 ], [ -97.825064, 30.305539 ], [ -97.82501, 30.306044 ], [ -97.824997, 30.30639 ], [ -97.825013, 30.306572 ], [ -97.825062, 30.306828 ], [ -97.825113, 30.307063 ], [ -97.82517, 30.307235 ], [ -97.825323, 30.307782 ], [ -97.825781, 30.309271 ], [ -97.826532, 30.311714 ], [ -97.826582, 30.311974 ], [ -97.826592, 30.312036 ], [ -97.826618, 30.312192 ], [ -97.826649, 30.312532 ], [ -97.826655, 30.312608 ], [ -97.826674, 30.31285 ], [ -97.82669, 30.313197 ], [ -97.826675, 30.313384 ], [ -97.826585, 30.31379 ], [ -97.826524, 30.314022 ], [ -97.826347, 30.314553 ], [ -97.8263, 30.314705 ], [ -97.826272, 30.314776 ], [ -97.825935, 30.31539 ], [ -97.825907, 30.31542 ], [ -97.825868, 30.315468 ], [ -97.82577, 30.315596 ], [ -97.825751, 30.315619 ], [ -97.825584, 30.315824 ], [ -97.825298, 30.316151 ], [ -97.825263, 30.316192 ], [ -97.825068, 30.316369 ], [ -97.824929, 30.316507 ], [ -97.824419, 30.316895 ], [ -97.824313, 30.316971 ], [ -97.824193, 30.317048 ], [ -97.823361, 30.31748 ], [ -97.822652, 30.317848 ], [ -97.822346, 30.318017 ], [ -97.821493, 30.318488 ], [ -97.821422, 30.318527 ], [ -97.820635, 30.318953 ], [ -97.820355, 30.319098 ], [ -97.820193, 30.319183 ], [ -97.819213, 30.319695 ], [ -97.818138, 30.320256 ], [ -97.81709, 30.320802 ], [ -97.816321, 30.321203 ], [ -97.81605, 30.321348 ], [ -97.815972, 30.32139 ], [ -97.81552, 30.321631 ], [ -97.815236, 30.321809 ], [ -97.815052, 30.321932 ], [ -97.814752, 30.322163 ], [ -97.814627, 30.322256 ], [ -97.814496, 30.322363 ], [ -97.814227, 30.322606 ], [ -97.814175, 30.322659 ], [ -97.814104, 30.322753 ], [ -97.813933, 30.322992 ], [ -97.813887, 30.323071 ], [ -97.813668, 30.323384 ], [ -97.813137, 30.324214 ], [ -97.812607, 30.325044 ], [ -97.812076, 30.325875 ], [ -97.811546, 30.326708 ], [ -97.811083, 30.327434 ], [ -97.810996, 30.327538 ], [ -97.810918, 30.327688 ], [ -97.810436, 30.328447 ], [ -97.810195, 30.328824 ], [ -97.809827, 30.329403 ], [ -97.80922, 30.330356 ], [ -97.808618, 30.3313 ], [ -97.808602, 30.331326 ], [ -97.807985, 30.332298 ], [ -97.807366, 30.333269 ], [ -97.806748, 30.33424 ], [ -97.806198, 30.335102 ], [ -97.806131, 30.335208 ], [ -97.806062, 30.335315 ], [ -97.805481, 30.33622 ], [ -97.804804, 30.337274 ], [ -97.804127, 30.338328 ], [ -97.80352, 30.339272 ], [ -97.803443, 30.339391 ], [ -97.803356, 30.339529 ], [ -97.802839, 30.340341 ], [ -97.802203, 30.341341 ], [ -97.801748, 30.342055 ], [ -97.801288, 30.342777 ], [ -97.80062, 30.343823 ], [ -97.800567, 30.343906 ], [ -97.800183, 30.344508 ], [ -97.799563, 30.345479 ], [ -97.799439, 30.345673 ], [ -97.799012, 30.346385 ], [ -97.798322, 30.347523 ], [ -97.797754, 30.34846 ], [ -97.797737, 30.348485 ], [ -97.797594, 30.348674 ], [ -97.797441, 30.348877 ], [ -97.797318, 30.349042 ], [ -97.796819, 30.349842 ], [ -97.796759, 30.349921 ], [ -97.796738, 30.349949 ], [ -97.796405, 30.350475 ], [ -97.796269, 30.350777 ], [ -97.796146, 30.351011 ], [ -97.795906, 30.351362 ], [ -97.795459, 30.351976 ], [ -97.795229, 30.352328 ], [ -97.795179, 30.352404 ], [ -97.795137, 30.352469 ], [ -97.794216, 30.35388 ], [ -97.793338, 30.355227 ], [ -97.793173, 30.355481 ], [ -97.792722, 30.356203 ], [ -97.792117, 30.357172 ], [ -97.791992, 30.357372 ], [ -97.791539, 30.35824 ], [ -97.791375, 30.35857 ], [ -97.791109, 30.359163 ], [ -97.791056, 30.359262 ], [ -97.790985, 30.359474 ], [ -97.790956, 30.359561 ], [ -97.790667, 30.360426 ], [ -97.790438, 30.361109 ], [ -97.790369, 30.361436 ], [ -97.790188, 30.362295 ], [ -97.790117, 30.362774 ], [ -97.789985, 30.36366 ], [ -97.789958, 30.363916 ], [ -97.7897, 30.366353 ], [ -97.789635, 30.36689 ], [ -97.789506, 30.367312 ], [ -97.789324, 30.367833 ], [ -97.789065, 30.368241 ], [ -97.788957, 30.368394 ], [ -97.78869, 30.368775 ], [ -97.78856, 30.368959 ], [ -97.787883, 30.369625 ], [ -97.787295, 30.370126 ], [ -97.786509, 30.370794 ], [ -97.785878, 30.371331 ], [ -97.785617, 30.371557 ], [ -97.784743, 30.372286 ], [ -97.781729, 30.374849 ], [ -97.78032, 30.376046 ], [ -97.778199, 30.377824 ], [ -97.778041, 30.377956 ], [ -97.776679, 30.379098 ], [ -97.776582, 30.379185 ], [ -97.776468, 30.379274 ], [ -97.774979, 30.380496 ], [ -97.774692, 30.380727 ], [ -97.774263, 30.381032 ], [ -97.77394, 30.381218 ], [ -97.771384, 30.38249 ], [ -97.7713, 30.382536 ], [ -97.771106, 30.382629 ], [ -97.770506, 30.382924 ], [ -97.770387, 30.382982 ], [ -97.768787, 30.383766 ], [ -97.768759, 30.38378 ], [ -97.767907, 30.38417 ], [ -97.767409, 30.384438 ], [ -97.767031, 30.384653 ], [ -97.766878, 30.384753 ], [ -97.7668, 30.384797 ], [ -97.766681, 30.384886 ], [ -97.766493, 30.385005 ], [ -97.765641, 30.385633 ], [ -97.764164, 30.386721 ], [ -97.76361, 30.387129 ], [ -97.76297, 30.387553 ], [ -97.762645, 30.387707 ], [ -97.762357, 30.38783 ], [ -97.762148, 30.387913 ], [ -97.76188, 30.387985 ], [ -97.761606, 30.388037 ], [ -97.761324, 30.388065 ], [ -97.760711, 30.388052 ], [ -97.760645, 30.388049 ], [ -97.760059, 30.388025 ], [ -97.759846, 30.388017 ], [ -97.759671, 30.388013 ], [ -97.757218, 30.387984 ], [ -97.756974, 30.387981 ], [ -97.756716, 30.387978 ], [ -97.755379, 30.387976 ], [ -97.754694, 30.387992 ], [ -97.753706, 30.388051 ], [ -97.753508, 30.388064 ], [ -97.753343, 30.388079 ], [ -97.752449, 30.388165 ], [ -97.752017, 30.388207 ], [ -97.75192, 30.388216 ], [ -97.75169, 30.388232 ], [ -97.751432, 30.388263 ], [ -97.75026, 30.388373 ], [ -97.750078, 30.388387 ], [ -97.749911, 30.388404 ], [ -97.749036, 30.388478 ], [ -97.748019, 30.388594 ], [ -97.747553, 30.388657 ], [ -97.747263, 30.388709 ], [ -97.746982, 30.388775 ], [ -97.746754, 30.388839 ], [ -97.746118, 30.389064 ], [ -97.745839, 30.389163 ], [ -97.745738, 30.389189 ] ] } },
{ "type": "Feature", "properties": { "LINEARID": "110485779348", "FULLNAME": "N Lamar Blvd", "RTTYP": "M", "MTFCC": "S1200", "NAME": "Travis" }, "geometry": { "type": "LineString", "coordinates": [ [ -97.71235, 30.347712 ], [ -97.712303, 30.347782 ], [ -97.712266, 30.347838 ], [ -97.712187, 30.347967 ], [ -97.712136, 30.348052 ], [ -97.711893, 30.348344 ], [ -97.711379, 30.348943 ], [ -97.710819, 30.34948 ], [ -97.710447, 30.349778 ], [ -97.709878, 30.350132 ], [ -97.709337, 30.350568 ], [ -97.709153, 30.35081 ] ] } },
{ "type": "Feature", "properties": { "LINEARID": "110485782826", "FULLNAME": "S Lamar Blvd", "RTTYP": "M", "MTFCC": "S1200", "NAME": "Travis" }, "geometry": { "type": "LineString", "coordinates": [ [ -97.758049, 30.262139 ], [ -97.758016, 30.262075 ], [ -97.758286, 30.261262 ], [ -97.758405, 30.260993 ], [ -97.7585, 30.260928 ] ] } },
{ "type": "Feature", "properties": { "LINEARID": "110485782798", "FULLNAME": "S Lamar Blvd", "RTTYP": "M", "MTFCC": "S1200", "NAME": "Travis" }, "geometry": { "type": "LineString", "coordinates": [ [ -97.789424, 30.238565 ], [ -97.789896, 30.238128 ], [ -97.791491, 30.236917 ], [ -97.792754, 30.236032 ], [ -97.792933, 30.235969 ], [ -97.793751, 30.235485 ], [ -97.794579, 30.235067 ], [ -97.794606, 30.235053 ], [ -97.794878, 30.234916 ], [ -97.79568, 30.234464 ], [ -97.795776, 30.234409 ], [ -97.79606, 30.234245 ], [ -97.79649, 30.233997 ], [ -97.796817, 30.233803 ], [ -97.796891, 30.233759 ], [ -97.796913, 30.233746 ], [ -97.797117, 30.233582 ], [ -97.797305, 30.233415 ], [ -97.7975, 30.233243 ], [ -97.797741, 30.233085 ], [ -97.79797, 30.232936 ], [ -97.798337, 30.232743 ], [ -97.798642, 30.232628 ], [ -97.798866, 30.232544 ], [ -97.799545, 30.232357 ], [ -97.799972, 30.232266 ], [ -97.800314, 30.232193 ], [ -97.80057, 30.232122 ], [ -97.800839, 30.232099 ], [ -97.801728, 30.232072 ] ] } },
{ "type": "Feature", "properties": { "LINEARID": "1104475916986", "FULLNAME": "S State Hwy 95", "RTTYP": "S", "MTFCC": "S1200", "NAME": "Travis" }, "geometry": { "type": "LineString", "coordinates": [ [ -97.382242, 30.423891 ], [ -97.382241, 30.423795 ], [ -97.382203, 30.423571 ] ] } },
{ "type": "Feature", "properties": { "LINEARID": "1108296488592", "FULLNAME": "S Mo-Pac Expy", "RTTYP": "M", "MTFCC": "S1200", "NAME": "Travis" }, "geometry": { "type": "LineString", "coordinates": [ [ -97.771045, 30.274351 ], [ -97.770728, 30.274805 ], [ -97.770617, 30.274964 ] ] } },
{ "type": "Feature", "properties": { "LINEARID": "110485782800", "FULLNAME": "S Lamar Blvd", "RTTYP": "M", "MTFCC": "S1200", "NAME": "Travis" }, "geometry": { "type": "LineString", "coordinates": [ [ -97.75773, 30.262943 ], [ -97.757687, 30.262849 ], [ -97.757966, 30.262202 ], [ -97.758049, 30.262139 ] ] } },
{ "type": "Feature", "properties": { "LINEARID": "1108296488590", "FULLNAME": "S Mo-Pac Expy", "RTTYP": "M", "MTFCC": "S1200", "NAME": "Travis" }, "geometry": { "type": "LineString", "coordinates": [ [ -97.887517, 30.173628 ], [ -97.887488, 30.173641 ], [ -97.887361, 30.173694 ], [ -97.887262, 30.173742 ], [ -97.886956, 30.173899 ], [ -97.886717, 30.174017 ], [ -97.88638, 30.174187 ], [ -97.886065, 30.174352 ], [ -97.885883, 30.174486 ], [ -97.88571, 30.174629 ], [ -97.885517, 30.174829 ], [ -97.885368, 30.174999 ], [ -97.885061, 30.175452 ], [ -97.884854, 30.17576 ], [ -97.884065, 30.176953 ], [ -97.883916, 30.177164 ], [ -97.883249, 30.178114 ], [ -97.882972, 30.178472 ], [ -97.882744, 30.178721 ], [ -97.882198, 30.179208 ], [ -97.882104, 30.179303 ], [ -97.881908, 30.179502 ], [ -97.881648, 30.179789 ], [ -97.881427, 30.180076 ], [ -97.881112, 30.180484 ], [ -97.880785, 30.180903 ], [ -97.880579, 30.181169 ], [ -97.880453, 30.181342 ], [ -97.880263, 30.181679 ], [ -97.88011, 30.181995 ], [ -97.880079, 30.182075 ], [ -97.87993, 30.182448 ], [ -97.879804, 30.182718 ], [ -97.879612, 30.183303 ], [ -97.879116, 30.184248 ], [ -97.878588, 30.185169 ], [ -97.877919, 30.186113 ], [ -97.87721, 30.187082 ], [ -97.876655, 30.187675 ], [ -97.876509, 30.187839 ], [ -97.876211, 30.188133 ], [ -97.875836, 30.188475 ], [ -97.875417, 30.188767 ], [ -97.874332, 30.189524 ], [ -97.874124, 30.189672 ], [ -97.873875, 30.189859 ], [ -97.873586, 30.190118 ], [ -97.873254, 30.190466 ], [ -97.872937, 30.190788 ], [ -97.872723, 30.191015 ], [ -97.872636, 30.191109 ], [ -97.872424, 30.191358 ], [ -97.872117, 30.191732 ], [ -97.872012, 30.191859 ], [ -97.871085, 30.193109 ], [ -97.870795, 30.19353 ], [ -97.870126, 30.194414 ], [ -97.869698, 30.194983 ], [ -97.869488, 30.195284 ], [ -97.869085, 30.195896 ], [ -97.868785, 30.196339 ], [ -97.868538, 30.196687 ], [ -97.868296, 30.197029 ], [ -97.868006, 30.197379 ], [ -97.867763, 30.197671 ], [ -97.86716, 30.198303 ], [ -97.866883, 30.198595 ], [ -97.866474, 30.19904 ], [ -97.866411, 30.199113 ], [ -97.866078, 30.199492 ], [ -97.865919, 30.199742 ], [ -97.865506, 30.200428 ], [ -97.865467, 30.200494 ], [ -97.865434, 30.200548 ], [ -97.865394, 30.200629 ], [ -97.865204, 30.201013 ], [ -97.864943, 30.201505 ], [ -97.864585, 30.202137 ], [ -97.864336, 30.202638 ], [ -97.864079, 30.203125 ], [ -97.863778, 30.20373 ], [ -97.863594, 30.204119 ], [ -97.863497, 30.204324 ], [ -97.86325, 30.204748 ], [ -97.863052, 30.205077 ], [ -97.86298, 30.205182 ], [ -97.862364, 30.20607 ], [ -97.86223, 30.206264 ], [ -97.862098, 30.206451 ], [ -97.861562, 30.207127 ], [ -97.860935, 30.207899 ], [ -97.860851, 30.208002 ], [ -97.860159, 30.208872 ], [ -97.859785, 30.209311 ], [ -97.859526, 30.209613 ], [ -97.859318, 30.209898 ], [ -97.857902, 30.211342 ], [ -97.857342, 30.211837 ], [ -97.857294, 30.211879 ], [ -97.85721, 30.211953 ] ] } },
{ "type": "Feature", "properties": { "LINEARID": "11010865772055", "FULLNAME": "S Hwy 183", "RTTYP": "M", "MTFCC": "S1200", "NAME": "Travis" }, "geometry": { "type": "LineString", "coordinates": [ [ -97.690179, 30.245219 ], [ -97.690157, 30.245035 ], [ -97.690053, 30.244311 ], [ -97.68993, 30.243812 ], [ -97.689853, 30.2435 ], [ -97.689688, 30.24283 ], [ -97.68922, 30.241604 ], [ -97.688278, 30.240139 ], [ -97.688128, 30.23987 ], [ -97.687926, 30.239594 ], [ -97.687536, 30.238992 ], [ -97.687135, 30.238272 ], [ -97.686771, 30.237663 ], [ -97.686173, 30.236648 ], [ -97.684886, 30.234396 ], [ -97.683987, 30.23281 ], [ -97.683957, 30.232751 ], [ -97.683413, 30.231671 ], [ -97.683164, 30.23095 ], [ -97.682997, 30.23037 ], [ -97.682913, 30.230033 ], [ -97.682808, 30.229499 ], [ -97.682658, 30.229028 ], [ -97.682553, 30.228636 ], [ -97.68243, 30.22813 ], [ -97.682326, 30.227699 ], [ -97.682252, 30.227239 ], [ -97.682243, 30.226991 ], [ -97.682235, 30.226811 ], [ -97.682233, 30.226552 ], [ -97.68226, 30.226316 ], [ -97.682321, 30.225949 ], [ -97.68242, 30.225532 ], [ -97.682555, 30.225041 ], [ -97.682701, 30.22467 ], [ -97.682772, 30.224429 ], [ -97.682824, 30.224239 ], [ -97.682908, 30.223687 ], [ -97.682959, 30.223377 ], [ -97.683012, 30.222438 ], [ -97.68304, 30.222023 ], [ -97.683048, 30.221902 ], [ -97.683047, 30.221787 ], [ -97.683046, 30.221526 ], [ -97.683055, 30.22124 ], [ -97.683059, 30.221118 ], [ -97.683117, 30.219211 ], [ -97.68312, 30.219156 ], [ -97.68313, 30.218785 ], [ -97.683155, 30.217847 ], [ -97.683162, 30.217694 ], [ -97.68318, 30.217527 ], [ -97.683181, 30.217418 ], [ -97.683198, 30.216618 ], [ -97.683246, 30.214874 ], [ -97.683228, 30.214092 ], [ -97.683217, 30.213559 ], [ -97.683192, 30.211915 ], [ -97.683189, 30.209949 ], [ -97.683188, 30.208872 ], [ -97.683183, 30.2051 ], [ -97.683443, 30.20221 ], [ -97.6835, 30.20157 ], [ -97.683754, 30.199857 ], [ -97.683967, 30.198425 ], [ -97.683984, 30.198296 ], [ -97.683998, 30.198122 ], [ -97.684418, 30.195584 ], [ -97.684769, 30.193329 ], [ -97.685021, 30.191598 ], [ -97.685112, 30.191132 ], [ -97.685467, 30.190064 ], [ -97.685712, 30.18928 ], [ -97.685848, 30.188845 ], [ -97.685853, 30.18883 ], [ -97.68608, 30.188002 ], [ -97.686734, 30.185612 ], [ -97.686991, 30.184672 ], [ -97.687315, 30.183486 ], [ -97.687496, 30.18292 ], [ -97.687521, 30.182841 ] ] } },
{ "type": "Feature", "properties": { "LINEARID": "11017129092870", "FULLNAME": "S State Hwy 95", "RTTYP": "S", "MTFCC": "S1200", "NAME": "Travis" }, "geometry": { "type": "LineString", "coordinates": [ [ -97.375371, 30.410592 ], [ -97.376519, 30.412123 ], [ -97.377475, 30.413364 ] ] } },
{ "type": "Feature", "properties": { "LINEARID": "110485782820", "FULLNAME": "S Lamar Blvd", "RTTYP": "M", "MTFCC": "S1200", "NAME": "Travis" }, "geometry": { "type": "LineString", "coordinates": [ [ -97.756272, 30.26653 ], [ -97.756358, 30.266327 ], [ -97.7564, 30.266227 ], [ -97.756567, 30.265815 ], [ -97.756611, 30.265703 ], [ -97.756665, 30.265567 ], [ -97.756853, 30.265092 ], [ -97.757106, 30.264525 ] ] } },
{ "type": "Feature", "properties": { "LINEARID": "110485782818", "FULLNAME": "S Lamar Blvd", "RTTYP": "M", "MTFCC": "S1200", "NAME": "Travis" }, "geometry": { "type": "LineString", "coordinates": [ [ -97.7585, 30.260928 ], [ -97.758755, 30.260281 ], [ -97.758934, 30.259535 ], [ -97.758966, 30.259204 ], [ -97.759053, 30.258891 ], [ -97.759206, 30.258542 ], [ -97.7593, 30.258338 ], [ -97.759672, 30.257937 ], [ -97.759999, 30.25769 ], [ -97.760151, 30.257584 ], [ -97.760913, 30.256934 ], [ -97.761254, 30.256473 ], [ -97.761491, 30.256052 ], [ -97.762157, 30.254926 ], [ -97.762287, 30.254719 ], [ -97.762587, 30.254248 ], [ -97.763145, 30.253387 ], [ -97.763546, 30.252938 ], [ -97.763822, 30.252662 ], [ -97.764146, 30.25234 ], [ -97.76513, 30.251207 ], [ -97.765918, 30.250489 ], [ -97.766543, 30.24993 ], [ -97.767337, 30.249428 ], [ -97.768053, 30.249043 ], [ -97.769947, 30.248413 ], [ -97.770757, 30.248212 ], [ -97.772118, 30.247788 ], [ -97.772803, 30.247576 ], [ -97.774229, 30.247404 ], [ -97.775234, 30.247311 ], [ -97.777183, 30.246924 ], [ -97.778115, 30.246489 ], [ -97.778682, 30.246156 ], [ -97.779843, 30.245352 ], [ -97.781397, 30.244258 ], [ -97.78236, 30.243652 ], [ -97.782637, 30.243445 ], [ -97.783976, 30.24245 ], [ -97.784643, 30.241894 ], [ -97.785308, 30.241434 ], [ -97.785361, 30.241399 ], [ -97.786225, 30.240781 ], [ -97.787599, 30.239817 ], [ -97.788292, 30.239331 ], [ -97.788851, 30.238941 ], [ -97.789424, 30.238565 ] ] } },
{ "type": "Feature", "properties": { "LINEARID": "1105320994511", "FULLNAME": "S Capital of Texas Hwy", "RTTYP": "M", "MTFCC": "S1200", "NAME": "Travis" }, "geometry": { "type": "LineString", "coordinates": [ [ -97.825378, 30.305438 ], [ -97.82542, 30.305308 ], [ -97.825557, 30.30488 ], [ -97.825651, 30.304675 ], [ -97.825738, 30.304501 ], [ -97.825836, 30.304323 ], [ -97.82595, 30.304117 ], [ -97.826485, 30.303152 ], [ -97.82735, 30.30159 ], [ -97.827675, 30.300815 ], [ -97.82789, 30.300047 ], [ -97.827963, 30.299659 ], [ -97.827991, 30.299517 ], [ -97.827994, 30.299352 ], [ -97.828129, 30.297867 ], [ -97.828222, 30.295722 ], [ -97.828227, 30.295603 ], [ -97.828267, 30.295039 ], [ -97.82827, 30.295003 ], [ -97.828397, 30.293178 ], [ -97.828484, 30.291714 ], [ -97.828439, 30.290962 ], [ -97.828427, 30.29084 ], [ -97.828414, 30.290718 ], [ -97.828355, 30.290325 ], [ -97.828168, 30.289642 ], [ -97.828154, 30.2896 ], [ -97.828008, 30.289141 ], [ -97.827789, 30.288645 ], [ -97.827636, 30.288351 ], [ -97.827579, 30.288242 ], [ -97.827298, 30.287777 ], [ -97.827102, 30.287462 ], [ -97.826824, 30.287097 ], [ -97.82655, 30.286737 ], [ -97.826433, 30.286579 ], [ -97.824429, 30.283877 ], [ -97.824353, 30.283772 ], [ -97.824262, 30.283652 ], [ -97.820335, 30.278347 ], [ -97.819768, 30.277581 ], [ -97.819677, 30.277468 ], [ -97.819579, 30.27733 ], [ -97.818941, 30.276473 ], [ -97.818729, 30.276161 ], [ -97.8185, 30.275847 ], [ -97.818321, 30.275552 ], [ -97.818035, 30.274986 ], [ -97.817962, 30.274793 ], [ -97.817858, 30.274514 ], [ -97.817737, 30.274138 ], [ -97.817685, 30.273439 ], [ -97.817686, 30.272904 ], [ -97.817743, 30.27218 ], [ -97.817831, 30.271776 ], [ -97.817849, 30.271653 ], [ -97.817861, 30.271572 ], [ -97.817906, 30.271222 ], [ -97.818011, 30.27038 ], [ -97.818231, 30.268633 ], [ -97.818353, 30.267269 ], [ -97.818357, 30.267082 ], [ -97.818351, 30.266856 ], [ -97.818316, 30.266514 ], [ -97.81825, 30.266175 ], [ -97.81815, 30.265799 ], [ -97.818064, 30.265525 ], [ -97.81797, 30.265344 ], [ -97.817913, 30.265225 ], [ -97.817773, 30.264875 ], [ -97.817588, 30.264586 ], [ -97.817205, 30.264048 ], [ -97.816977, 30.26378 ], [ -97.81689, 30.26367 ], [ -97.816788, 30.26355 ], [ -97.815954, 30.262464 ], [ -97.815834, 30.262307 ], [ -97.813336, 30.259168 ], [ -97.812436, 30.258037 ], [ -97.812393, 30.257986 ], [ -97.812333, 30.257902 ], [ -97.812298, 30.257865 ], [ -97.812227, 30.257759 ], [ -97.811867, 30.257257 ], [ -97.811516, 30.256845 ], [ -97.809002, 30.253625 ], [ -97.808133, 30.252513 ], [ -97.807168, 30.251336 ], [ -97.806957, 30.251074 ], [ -97.806733, 30.25079 ], [ -97.806695, 30.250749 ], [ -97.806342, 30.250302 ], [ -97.806268, 30.250213 ], [ -97.80625, 30.250192 ], [ -97.805732, 30.249567 ], [ -97.804507, 30.247958 ], [ -97.804441, 30.247886 ], [ -97.804263, 30.247655 ], [ -97.804173, 30.247544 ], [ -97.804102, 30.247453 ], [ -97.804024, 30.247358 ], [ -97.803837, 30.247112 ], [ -97.803701, 30.246931 ], [ -97.803454, 30.246563 ], [ -97.803363, 30.246401 ], [ -97.803077, 30.24592 ], [ -97.802707, 30.245129 ], [ -97.802487, 30.244692 ], [ -97.801265, 30.242241 ], [ -97.801203, 30.242129 ], [ -97.801142, 30.242003 ], [ -97.800539, 30.24078 ], [ -97.799912, 30.239487 ], [ -97.79973, 30.239176 ], [ -97.799278, 30.238294 ], [ -97.799147, 30.23804 ], [ -97.798542, 30.236746 ], [ -97.798281, 30.236224 ], [ -97.797907, 30.23552 ], [ -97.797829, 30.235414 ], [ -97.79767, 30.23518 ], [ -97.797514, 30.234974 ], [ -97.797285, 30.234708 ], [ -97.797035, 30.234444 ], [ -97.796868, 30.234301 ], [ -97.796729, 30.234176 ], [ -97.796636, 30.234095 ], [ -97.796557, 30.234042 ], [ -97.79649, 30.233997 ], [ -97.796334, 30.233888 ], [ -97.796179, 30.233782 ], [ -97.795988, 30.233651 ], [ -97.795302, 30.233296 ], [ -97.794284, 30.232767 ], [ -97.793861, 30.232548 ], [ -97.793453, 30.232338 ] ] } },
{ "type": "Feature", "properties": { "LINEARID": "110485782824", "FULLNAME": "S Lamar Blvd", "RTTYP": "M", "MTFCC": "S1200", "NAME": "Travis" }, "geometry": { "type": "LineString", "coordinates": [ [ -97.758049, 30.262139 ], [ -97.758127, 30.262113 ], [ -97.758399, 30.261364 ], [ -97.758533, 30.26103 ], [ -97.7585, 30.260928 ] ] } },
{ "type": "Feature", "properties": { "LINEARID": "110485782816", "FULLNAME": "S Lamar Blvd", "RTTYP": "M", "MTFCC": "S1200", "NAME": "Travis" }, "geometry": { "type": "LineString", "coordinates": [ [ -97.789424, 30.238565 ], [ -97.79162, 30.23701 ], [ -97.792949, 30.236091 ], [ -97.793111, 30.235986 ], [ -97.793764, 30.235589 ], [ -97.79462, 30.235144 ], [ -97.795831, 30.234454 ], [ -97.796117, 30.234292 ], [ -97.796557, 30.234042 ], [ -97.796674, 30.233975 ], [ -97.796902, 30.233874 ], [ -97.797235, 30.233725 ], [ -97.798837, 30.233286 ], [ -97.800691, 30.232747 ], [ -97.800954, 30.232671 ], [ -97.80152, 30.232506 ] ] } },
{ "type": "Feature", "properties": { "LINEARID": "1104475197844", "FULLNAME": "S Mo-Pac Expy", "RTTYP": "M", "MTFCC": "S1200", "NAME": "Travis" }, "geometry": { "type": "LineString", "coordinates": [ [ -97.857498, 30.212087 ], [ -97.857529, 30.212044 ], [ -97.857909, 30.211647 ], [ -97.858594, 30.211052 ], [ -97.858906, 30.210762 ], [ -97.859355, 30.210212 ], [ -97.859768, 30.209794 ], [ -97.86007, 30.209441 ], [ -97.861156, 30.208182 ], [ -97.861183, 30.208151 ], [ -97.861237, 30.208078 ], [ -97.861847, 30.20726 ], [ -97.862656, 30.206193 ], [ -97.863296, 30.205347 ], [ -97.863968, 30.204495 ], [ -97.8641, 30.204354 ], [ -97.864531, 30.203901 ], [ -97.864984, 30.203459 ], [ -97.86522, 30.203241 ], [ -97.865522, 30.202933 ], [ -97.865751, 30.202687 ], [ -97.865985, 30.202397 ], [ -97.866152, 30.2022 ], [ -97.866298, 30.202013 ], [ -97.86661, 30.201496 ], [ -97.866834, 30.201063 ], [ -97.866869, 30.200995 ], [ -97.866896, 30.200932 ], [ -97.866922, 30.200873 ], [ -97.867043, 30.20062 ], [ -97.867102, 30.200488 ], [ -97.867284, 30.200148 ], [ -97.867441, 30.199805 ], [ -97.868223, 30.198216 ], [ -97.86877, 30.197168 ], [ -97.868992, 30.196783 ], [ -97.869083, 30.196626 ], [ -97.86929, 30.196284 ], [ -97.869571, 30.195867 ], [ -97.870034, 30.195154 ], [ -97.870264, 30.194859 ], [ -97.871204, 30.193733 ], [ -97.871373, 30.193552 ], [ -97.871707, 30.193236 ], [ -97.872014, 30.192992 ], [ -97.872537, 30.192606 ], [ -97.872917, 30.192388 ], [ -97.873185, 30.192219 ], [ -97.873352, 30.192113 ], [ -97.87357, 30.191944 ], [ -97.873812, 30.191742 ], [ -97.874547, 30.19106 ], [ -97.875292, 30.190305 ], [ -97.875641, 30.189833 ], [ -97.876942, 30.188006 ], [ -97.877013, 30.187905 ], [ -97.87904, 30.185055 ], [ -97.879087, 30.184988 ], [ -97.880149, 30.183476 ], [ -97.880553, 30.183066 ], [ -97.881239, 30.182369 ], [ -97.881473, 30.182162 ], [ -97.881675, 30.18195 ], [ -97.881973, 30.181633 ], [ -97.882348, 30.181144 ], [ -97.882427, 30.181037 ], [ -97.88283, 30.180498 ], [ -97.88333, 30.179824 ], [ -97.883755, 30.179251 ], [ -97.884162, 30.178731 ], [ -97.884196, 30.178688 ], [ -97.884722, 30.178114 ], [ -97.885461, 30.177427 ], [ -97.885972, 30.176951 ], [ -97.886774, 30.176133 ], [ -97.886932, 30.175971 ] ] } },
{ "type": "Feature", "properties": { "LINEARID": "110485782812", "FULLNAME": "S Lamar Blvd", "RTTYP": "M", "MTFCC": "S1200", "NAME": "Travis" }, "geometry": { "type": "LineString", "coordinates": [ [ -97.757106, 30.264525 ], [ -97.757124, 30.264355 ], [ -97.757631, 30.26299 ], [ -97.75773, 30.262943 ] ] } },
{ "type": "Feature", "properties": { "LINEARID": "110485782807", "FULLNAME": "S Lamar Blvd", "RTTYP": "M", "MTFCC": "S1200", "NAME": "Travis" }, "geometry": { "type": "LineString", "coordinates": [ [ -97.75773, 30.262943 ], [ -97.757833, 30.262898 ], [ -97.758079, 30.262243 ], [ -97.758049, 30.262139 ] ] } },
{ "type": "Feature", "properties": { "LINEARID": "1108296491212", "FULLNAME": "S Mo-Pac Expy", "RTTYP": "M", "MTFCC": "S1100", "NAME": "Travis" }, "geometry": { "type": "LineString", "coordinates": [ [ -97.857498, 30.212087 ], [ -97.857328, 30.212249 ], [ -97.856367, 30.213001 ], [ -97.855308, 30.213808 ], [ -97.85503, 30.214034 ], [ -97.854312, 30.214504 ], [ -97.853697, 30.21489 ], [ -97.853201, 30.215209 ], [ -97.852617, 30.215555 ], [ -97.851968, 30.215941 ], [ -97.851755, 30.216055 ], [ -97.851558, 30.21615 ], [ -97.851225, 30.21629 ], [ -97.850979, 30.216387 ], [ -97.850754, 30.216465 ], [ -97.850477, 30.216545 ], [ -97.850067, 30.21664 ], [ -97.849934, 30.216669 ], [ -97.84973, 30.216706 ], [ -97.849145, 30.216769 ], [ -97.848809, 30.216785 ], [ -97.848577, 30.216783 ], [ -97.848116, 30.216771 ], [ -97.84679, 30.216691 ], [ -97.846685, 30.216684 ], [ -97.846183, 30.216654 ], [ -97.846076, 30.216651 ], [ -97.845399, 30.216635 ], [ -97.844848, 30.216625 ], [ -97.844559, 30.216614 ], [ -97.844208, 30.216609 ], [ -97.843428, 30.21657 ], [ -97.843224, 30.216571 ], [ -97.843072, 30.216573 ], [ -97.84271, 30.21659 ], [ -97.842311, 30.216615 ], [ -97.841726, 30.216697 ], [ -97.841458, 30.216747 ], [ -97.841139, 30.216831 ], [ -97.840859, 30.216925 ], [ -97.840467, 30.217078 ], [ -97.840037, 30.217262 ], [ -97.839918, 30.217331 ], [ -97.839614, 30.217506 ], [ -97.839014, 30.217811 ], [ -97.838294, 30.218345 ], [ -97.837466, 30.219142 ], [ -97.83679, 30.219992 ], [ -97.836679, 30.220157 ], [ -97.836591, 30.220312 ], [ -97.836478, 30.220458 ], [ -97.83617, 30.220857 ], [ -97.835861, 30.22134 ], [ -97.835361, 30.222044 ], [ -97.834882, 30.222705 ], [ -97.834387, 30.223281 ], [ -97.834101, 30.223604 ], [ -97.833848, 30.223865 ], [ -97.833612, 30.224087 ], [ -97.830965, 30.226745 ], [ -97.830176, 30.227586 ], [ -97.829242, 30.228506 ], [ -97.828753, 30.228988 ], [ -97.827935, 30.230035 ], [ -97.827673, 30.230471 ], [ -97.826703, 30.23214 ], [ -97.826012, 30.233293 ], [ -97.82537, 30.234421 ], [ -97.825176, 30.234804 ], [ -97.825063, 30.235026 ], [ -97.82488, 30.235344 ], [ -97.824827, 30.235416 ], [ -97.824775, 30.235524 ], [ -97.824716, 30.235643 ], [ -97.824682, 30.235683 ], [ -97.824493, 30.235987 ], [ -97.824403, 30.236119 ], [ -97.824316, 30.236233 ], [ -97.824271, 30.236304 ], [ -97.824174, 30.236417 ], [ -97.824019, 30.236584 ], [ -97.823813, 30.236766 ], [ -97.823682, 30.236873 ], [ -97.823101, 30.237246 ], [ -97.822939, 30.237336 ], [ -97.822854, 30.237384 ], [ -97.822484, 30.237597 ], [ -97.821636, 30.237974 ], [ -97.821285, 30.238121 ], [ -97.820055, 30.238633 ], [ -97.818963, 30.239096 ], [ -97.81894, 30.239108 ], [ -97.818181, 30.239482 ], [ -97.817088, 30.239972 ], [ -97.815686, 30.240662 ], [ -97.815318, 30.240861 ], [ -97.815177, 30.240938 ], [ -97.81404, 30.241497 ], [ -97.812519, 30.242245 ], [ -97.810715, 30.243166 ], [ -97.810678, 30.243185 ], [ -97.809948, 30.24351 ], [ -97.809922, 30.243522 ], [ -97.808974, 30.244108 ], [ -97.808195, 30.244795 ], [ -97.808021, 30.244991 ], [ -97.80765, 30.245408 ], [ -97.80744, 30.245678 ], [ -97.807409, 30.245719 ], [ -97.807196, 30.246089 ], [ -97.807077, 30.246343 ], [ -97.806908, 30.246799 ], [ -97.806784, 30.247294 ], [ -97.806646, 30.247847 ], [ -97.80659, 30.248068 ], [ -97.806492, 30.248801 ], [ -97.806388, 30.249569 ], [ -97.806268, 30.250213 ], [ -97.806243, 30.250361 ], [ -97.806217, 30.250538 ], [ -97.806175, 30.250821 ], [ -97.806163, 30.250904 ], [ -97.806046, 30.251391 ], [ -97.806002, 30.251517 ], [ -97.805777, 30.25212 ], [ -97.805408, 30.252847 ], [ -97.805006, 30.253529 ], [ -97.804619, 30.254036 ], [ -97.804567, 30.254092 ], [ -97.80404, 30.254668 ], [ -97.803657, 30.255038 ], [ -97.803245, 30.255368 ], [ -97.802202, 30.256073 ], [ -97.801607, 30.256416 ], [ -97.800872, 30.256821 ], [ -97.799935, 30.257335 ], [ -97.797761, 30.25851 ], [ -97.797575, 30.258611 ], [ -97.795366, 30.259847 ], [ -97.794561, 30.260298 ], [ -97.793685, 30.260795 ], [ -97.792628, 30.26139 ], [ -97.79161, 30.261961 ], [ -97.79129, 30.262106 ], [ -97.78989, 30.262878 ], [ -97.789642, 30.263009 ], [ -97.789098, 30.263297 ], [ -97.787739, 30.26401 ], [ -97.787447, 30.264148 ], [ -97.787187, 30.264271 ], [ -97.786738, 30.264452 ], [ -97.784124, 30.265311 ], [ -97.78342, 30.265572 ], [ -97.782742, 30.265819 ], [ -97.78259, 30.265874 ], [ -97.782569, 30.265882 ], [ -97.782399, 30.265959 ], [ -97.78092, 30.266627 ], [ -97.780056, 30.267061 ], [ -97.778433, 30.268003 ], [ -97.777955, 30.26832 ], [ -97.777411, 30.268682 ], [ -97.776326, 30.269396 ], [ -97.774459, 30.270646 ], [ -97.773993, 30.271085 ], [ -97.773647, 30.271497 ], [ -97.773146, 30.272103 ], [ -97.773069, 30.272197 ], [ -97.772131, 30.27343 ], [ -97.772107, 30.273464 ], [ -97.771829, 30.273861 ], [ -97.771773, 30.27394 ], [ -97.771736, 30.273988 ], [ -97.771548, 30.274229 ], [ -97.771415, 30.274399 ], [ -97.770846, 30.275126 ], [ -97.77069, 30.275326 ], [ -97.769955, 30.276373 ], [ -97.769695, 30.276717 ], [ -97.769615, 30.276816 ], [ -97.769519, 30.276931 ], [ -97.769441, 30.277028 ], [ -97.769384, 30.277101 ], [ -97.769349, 30.277139 ], [ -97.769098, 30.277445 ], [ -97.768908, 30.277697 ], [ -97.768846, 30.27778 ], [ -97.768514, 30.27822 ], [ -97.768356, 30.278464 ], [ -97.767499, 30.279786 ], [ -97.767284, 30.28021 ], [ -97.766848, 30.281079 ], [ -97.766543, 30.281702 ], [ -97.766229, 30.282346 ], [ -97.765519, 30.283784 ], [ -97.765315, 30.284174 ], [ -97.764916, 30.284804 ], [ -97.764066, 30.286025 ], [ -97.761922, 30.289128 ], [ -97.761499, 30.28976 ], [ -97.760448, 30.291656 ], [ -97.7602, 30.292254 ], [ -97.760187, 30.292286 ], [ -97.759823, 30.293247 ], [ -97.759588, 30.29413 ], [ -97.759225, 30.295448 ], [ -97.758705, 30.297336 ], [ -97.758576, 30.297793 ], [ -97.758519, 30.298001 ], [ -97.758429, 30.298524 ], [ -97.758378, 30.298982 ], [ -97.758384, 30.299335 ], [ -97.75838, 30.299489 ], [ -97.758405, 30.299737 ], [ -97.758406, 30.299995 ], [ -97.758415, 30.300114 ], [ -97.758452, 30.300407 ], [ -97.7587, 30.302974 ], [ -97.758646, 30.303845 ], [ -97.758598, 30.304193 ], [ -97.758352, 30.305404 ], [ -97.758263, 30.305806 ], [ -97.758195, 30.306259 ], [ -97.757844, 30.307745 ], [ -97.757748, 30.30845 ], [ -97.75764, 30.309037 ], [ -97.757496, 30.30971 ], [ -97.757269, 30.310799 ], [ -97.757103, 30.311959 ], [ -97.756915, 30.313495 ], [ -97.756783, 30.314842 ], [ -97.756576, 30.316609 ], [ -97.75633, 30.318529 ], [ -97.756178, 30.319739 ], [ -97.756129, 30.320995 ], [ -97.756137, 30.321379 ], [ -97.756138, 30.321419 ], [ -97.756137, 30.32147 ], [ -97.756119, 30.322161 ], [ -97.755991, 30.325013 ], [ -97.755986, 30.325107 ], [ -97.755962, 30.32634 ], [ -97.755867, 30.330904 ], [ -97.755819, 30.333768 ], [ -97.755782, 30.3345 ], [ -97.755798, 30.335332 ], [ -97.755753, 30.335848 ], [ -97.755701, 30.336195 ], [ -97.755614, 30.336593 ] ] } },
{ "type": "Feature", "properties": { "LINEARID": "11010865772050", "FULLNAME": "S Hwy 183", "RTTYP": "M", "MTFCC": "S1200", "NAME": "Travis" }, "geometry": { "type": "LineString", "coordinates": [ [ -97.69046, 30.042593 ], [ -97.690493, 30.042982 ], [ -97.690607, 30.043917 ], [ -97.69092, 30.046483 ], [ -97.691024, 30.047588 ], [ -97.691044, 30.047842 ], [ -97.691089, 30.048399 ], [ -97.691105, 30.0486 ], [ -97.691109, 30.048635 ], [ -97.691598, 30.052728 ], [ -97.69165, 30.053457 ], [ -97.691808, 30.054477 ], [ -97.692048, 30.056021 ], [ -97.692362, 30.058865 ], [ -97.692546, 30.060535 ], [ -97.692816, 30.063223 ], [ -97.692862, 30.064461 ], [ -97.692936, 30.066444 ], [ -97.692958, 30.067298 ], [ -97.693045, 30.070635 ], [ -97.693051, 30.070849 ], [ -97.693105, 30.072954 ], [ -97.693158, 30.074828 ], [ -97.693192, 30.07569 ], [ -97.693221, 30.076443 ], [ -97.693277, 30.078455 ], [ -97.69332, 30.080036 ], [ -97.693336, 30.080606 ], [ -97.693349, 30.081069 ], [ -97.693363, 30.081586 ], [ -97.69337, 30.081833 ], [ -97.693373, 30.081942 ], [ -97.693454, 30.084831 ], [ -97.693529, 30.086346 ], [ -97.69363, 30.088396 ], [ -97.69365, 30.088809 ], [ -97.693683, 30.08947 ], [ -97.693701, 30.089846 ], [ -97.69372, 30.090248 ], [ -97.693876, 30.09352 ], [ -97.694058, 30.096664 ], [ -97.694263, 30.100193 ], [ -97.694287, 30.100593 ], [ -97.694349, 30.10167 ], [ -97.694363, 30.101914 ], [ -97.694369, 30.102027 ], [ -97.694425, 30.102972 ], [ -97.694553, 30.105173 ], [ -97.694661, 30.107029 ], [ -97.694708, 30.107487 ], [ -97.69474, 30.108206 ], [ -97.694813, 30.10982 ], [ -97.694866, 30.110985 ], [ -97.694926, 30.112321 ], [ -97.694998, 30.113337 ], [ -97.695029, 30.113775 ], [ -97.695064, 30.115399 ], [ -97.695089, 30.115714 ], [ -97.695255, 30.117868 ], [ -97.695479, 30.122788 ], [ -97.695542, 30.123763 ], [ -97.69576, 30.127636 ], [ -97.695814, 30.128605 ], [ -97.69587, 30.129519 ], [ -97.695935, 30.130674 ], [ -97.69594, 30.130772 ], [ -97.695953, 30.130989 ], [ -97.696069, 30.132779 ], [ -97.696117, 30.133444 ], [ -97.696222, 30.135823 ], [ -97.696731, 30.14419 ], [ -97.696964, 30.147588 ], [ -97.696965, 30.147652 ], [ -97.696913, 30.14978 ], [ -97.696821, 30.150407 ], [ -97.69672, 30.151089 ], [ -97.696689, 30.151302 ], [ -97.696669, 30.151436 ], [ -97.696385, 30.152608 ], [ -97.694238, 30.159879 ], [ -97.693524, 30.162353 ], [ -97.693432, 30.162764 ], [ -97.693415, 30.162823 ], [ -97.693365, 30.162995 ], [ -97.693347, 30.163058 ], [ -97.693297, 30.163231 ], [ -97.693028, 30.164102 ], [ -97.693002, 30.164193 ], [ -97.692987, 30.164246 ], [ -97.692378, 30.166455 ], [ -97.692355, 30.166538 ], [ -97.692108, 30.167433 ], [ -97.691959, 30.167971 ], [ -97.691574, 30.169368 ], [ -97.691124, 30.170932 ], [ -97.69032, 30.1738 ], [ -97.690077, 30.174664 ], [ -97.690052, 30.174752 ], [ -97.689487, 30.176765 ], [ -97.689183, 30.177852 ], [ -97.689135, 30.178025 ], [ -97.688534, 30.180062 ], [ -97.687824, 30.182733 ], [ -97.687796, 30.182843 ], [ -97.687754, 30.183 ], [ -97.68755, 30.183521 ], [ -97.687211, 30.184718 ], [ -97.686945, 30.185659 ], [ -97.686274, 30.188031 ], [ -97.686041, 30.188855 ], [ -97.685691, 30.190187 ], [ -97.685294, 30.191848 ], [ -97.685044, 30.193416 ], [ -97.684873, 30.194621 ], [ -97.684305, 30.198179 ], [ -97.684274, 30.198315 ], [ -97.684246, 30.198441 ], [ -97.68401, 30.199951 ], [ -97.683747, 30.201627 ], [ -97.683702, 30.202225 ], [ -97.683484, 30.205112 ], [ -97.683434, 30.208471 ], [ -97.683412, 30.209949 ], [ -97.683414, 30.211919 ], [ -97.68346, 30.213547 ], [ -97.683467, 30.213707 ], [ -97.683476, 30.214508 ], [ -97.683473, 30.215336 ], [ -97.683457, 30.216058 ], [ -97.683439, 30.216879 ], [ -97.683418, 30.217405 ], [ -97.683419, 30.217457 ], [ -97.683419, 30.217529 ], [ -97.683421, 30.217663 ], [ -97.683424, 30.217827 ], [ -97.683413, 30.218554 ], [ -97.683401, 30.218838 ], [ -97.683387, 30.219162 ], [ -97.683385, 30.219197 ], [ -97.683303, 30.221124 ], [ -97.683315, 30.221586 ], [ -97.68331, 30.221701 ], [ -97.683288, 30.22229 ], [ -97.683284, 30.222526 ], [ -97.68328, 30.222798 ], [ -97.683213, 30.225492 ], [ -97.683142, 30.226726 ], [ -97.683094, 30.228481 ], [ -97.683092, 30.22857 ], [ -97.683101, 30.229361 ], [ -97.6831, 30.22945 ], [ -97.683184, 30.229945 ], [ -97.683228, 30.230204 ], [ -97.683416, 30.230794 ], [ -97.683855, 30.231944 ], [ -97.684237, 30.232665 ], [ -97.684462, 30.23309 ], [ -97.685191, 30.234359 ], [ -97.68536, 30.234653 ], [ -97.685771, 30.235367 ], [ -97.685893, 30.235581 ], [ -97.686236, 30.236186 ], [ -97.686391, 30.236469 ], [ -97.68657, 30.236771 ], [ -97.686996, 30.237513 ], [ -97.687421, 30.238253 ], [ -97.687599, 30.238563 ], [ -97.688325, 30.239734 ], [ -97.688786, 30.24045 ], [ -97.68911, 30.240898 ], [ -97.689532, 30.241454 ] ] } },
{ "type": "Feature", "properties": { "LINEARID": "110485782814", "FULLNAME": "S Lamar Blvd", "RTTYP": "M", "MTFCC": "S1200", "NAME": "Travis" }, "geometry": { "type": "LineString", "coordinates": [ [ -97.757106, 30.264525 ], [ -97.757221, 30.264412 ], [ -97.757342, 30.264079 ], [ -97.757773, 30.263048 ], [ -97.75773, 30.262943 ] ] } },
{ "type": "Feature", "properties": { "LINEARID": "1105320994481", "FULLNAME": "S Capital of Texas Hwy", "RTTYP": "M", "MTFCC": "S1200", "NAME": "Travis" }, "geometry": { "type": "LineString", "coordinates": [ [ -97.825072, 30.305471 ], [ -97.825096, 30.305388 ], [ -97.825125, 30.305311 ], [ -97.825308, 30.30482 ], [ -97.825452, 30.304499 ], [ -97.82564, 30.304157 ], [ -97.8262, 30.303137 ], [ -97.826247, 30.303051 ], [ -97.826919, 30.301884 ], [ -97.827055, 30.301584 ], [ -97.827216, 30.301287 ], [ -97.827471, 30.300624 ], [ -97.827508, 30.300474 ], [ -97.827585, 30.300214 ], [ -97.827636, 30.299965 ], [ -97.827687, 30.299613 ], [ -97.827713, 30.299485 ], [ -97.827717, 30.299399 ], [ -97.82772, 30.299324 ], [ -97.827827, 30.297837 ], [ -97.82797, 30.29565 ], [ -97.828014, 30.294981 ], [ -97.828018, 30.294916 ], [ -97.828145, 30.292994 ], [ -97.828191, 30.292336 ], [ -97.828216, 30.291972 ], [ -97.828222, 30.291714 ], [ -97.828204, 30.291463 ], [ -97.828204, 30.291208 ], [ -97.828181, 30.290979 ], [ -97.828172, 30.290859 ], [ -97.828163, 30.290735 ], [ -97.82816, 30.290657 ], [ -97.828132, 30.290488 ], [ -97.828035, 30.290052 ], [ -97.827882, 30.289588 ], [ -97.827857, 30.289512 ], [ -97.827637, 30.288944 ], [ -97.827458, 30.288536 ], [ -97.827256, 30.28818 ], [ -97.827071, 30.287882 ], [ -97.826844, 30.287534 ], [ -97.826596, 30.287218 ], [ -97.826271, 30.286801 ], [ -97.826112, 30.286593 ], [ -97.825228, 30.285333 ], [ -97.82421, 30.284015 ], [ -97.824024, 30.283767 ], [ -97.822096, 30.281138 ], [ -97.819907, 30.27821 ], [ -97.819522, 30.277696 ], [ -97.819429, 30.277589 ], [ -97.81933, 30.277432 ], [ -97.818193, 30.275841 ], [ -97.818008, 30.275557 ], [ -97.8178, 30.275151 ], [ -97.817674, 30.274827 ], [ -97.81764, 30.274728 ], [ -97.817567, 30.274511 ], [ -97.817486, 30.274182 ], [ -97.817432, 30.27378 ], [ -97.817397, 30.273389 ], [ -97.817393, 30.273289 ], [ -97.817443, 30.272628 ], [ -97.817476, 30.272337 ], [ -97.817574, 30.271745 ], [ -97.817598, 30.271621 ], [ -97.817608, 30.271507 ], [ -97.817652, 30.271142 ], [ -97.817911, 30.268991 ], [ -97.81796, 30.268584 ], [ -97.817966, 30.268532 ], [ -97.81803, 30.26806 ], [ -97.818088, 30.267577 ], [ -97.818098, 30.267187 ], [ -97.818089, 30.267039 ], [ -97.818073, 30.266886 ], [ -97.818065, 30.266707 ], [ -97.818046, 30.266479 ], [ -97.817977, 30.266142 ], [ -97.817954, 30.266043 ], [ -97.817914, 30.265874 ], [ -97.817898, 30.265824 ], [ -97.817837, 30.265628 ], [ -97.817752, 30.265431 ], [ -97.817666, 30.265267 ], [ -97.817368, 30.264766 ], [ -97.817337, 30.264714 ], [ -97.817298, 30.264649 ], [ -97.816863, 30.264058 ], [ -97.816781, 30.263922 ], [ -97.816763, 30.263898 ], [ -97.816711, 30.263829 ], [ -97.816598, 30.263682 ], [ -97.816564, 30.26367 ], [ -97.816037, 30.263021 ], [ -97.815826, 30.262761 ], [ -97.815793, 30.262721 ], [ -97.815559, 30.262431 ], [ -97.813184, 30.259406 ], [ -97.813066, 30.259256 ], [ -97.812221, 30.25818 ], [ -97.81218, 30.25812 ], [ -97.812101, 30.257995 ], [ -97.812008, 30.257908 ], [ -97.808781, 30.253778 ], [ -97.80713, 30.251665 ], [ -97.806979, 30.251476 ], [ -97.806746, 30.251185 ], [ -97.806661, 30.251063 ], [ -97.806543, 30.250916 ], [ -97.806217, 30.250538 ], [ -97.805424, 30.249566 ], [ -97.804346, 30.248162 ], [ -97.804291, 30.248091 ], [ -97.804067, 30.247802 ], [ -97.804007, 30.247739 ], [ -97.803948, 30.247633 ], [ -97.803628, 30.247212 ], [ -97.803524, 30.247084 ], [ -97.80347, 30.247017 ], [ -97.803192, 30.246611 ], [ -97.803027, 30.246331 ], [ -97.802836, 30.245995 ], [ -97.802432, 30.245197 ], [ -97.802231, 30.244777 ], [ -97.801006, 30.242343 ], [ -97.800947, 30.242199 ], [ -97.800868, 30.242066 ], [ -97.800295, 30.240902 ], [ -97.79963, 30.239552 ], [ -97.799228, 30.238682 ], [ -97.79908, 30.238383 ], [ -97.798672, 30.237557 ], [ -97.798321, 30.236813 ], [ -97.798147, 30.236485 ], [ -97.798042, 30.236332 ], [ -97.79754, 30.235664 ], [ -97.797479, 30.235594 ], [ -97.797173, 30.235236 ], [ -97.796672, 30.23474 ], [ -97.796442, 30.234553 ], [ -97.796286, 30.234428 ], [ -97.796144, 30.234314 ], [ -97.796117, 30.234292 ], [ -97.79606, 30.234245 ], [ -97.795897, 30.234126 ], [ -97.795751, 30.234025 ], [ -97.795649, 30.23396 ], [ -97.79508, 30.233622 ], [ -97.794058, 30.233012 ], [ -97.794021, 30.23299 ], [ -97.793269, 30.232541 ] ] } },
{ "type": "Feature", "properties": { "LINEARID": "110485712757", "FULLNAME": "S Hwy 95", "RTTYP": "M", "MTFCC": "S1200", "NAME": "Travis" }, "geometry": { "type": "LineString", "coordinates": [ [ -97.37945, 30.415913 ], [ -97.379733, 30.416297 ], [ -97.380365, 30.417275 ], [ -97.380562, 30.417689 ], [ -97.380951, 30.418485 ], [ -97.381482, 30.419813 ], [ -97.381857, 30.421038 ], [ -97.381921, 30.421355 ] ] } },
{ "type": "Feature", "properties": { "LINEARID": "1108296491245", "FULLNAME": "S Mo-Pac Expy", "RTTYP": "M", "MTFCC": "S1100", "NAME": "Travis" }, "geometry": { "type": "LineString", "coordinates": [ [ -97.771045, 30.274351 ], [ -97.771147, 30.27422 ], [ -97.771466, 30.273814 ], [ -97.771605, 30.273636 ], [ -97.771738, 30.273464 ], [ -97.771872, 30.273293 ], [ -97.771977, 30.273158 ], [ -97.772866, 30.271987 ], [ -97.772946, 30.271892 ], [ -97.773718, 30.270994 ], [ -97.774233, 30.270536 ], [ -97.774334, 30.270443 ], [ -97.775938, 30.269331 ], [ -97.777271, 30.268463 ], [ -97.777298, 30.268445 ], [ -97.777683, 30.268177 ], [ -97.777949, 30.267993 ], [ -97.779842, 30.266906 ], [ -97.781494, 30.266067 ], [ -97.782287, 30.265735 ], [ -97.782483, 30.265653 ], [ -97.782554, 30.265624 ], [ -97.782624, 30.265594 ], [ -97.782747, 30.265542 ], [ -97.785728, 30.264582 ], [ -97.785805, 30.264557 ], [ -97.786296, 30.264377 ], [ -97.786637, 30.264241 ], [ -97.787063, 30.264049 ], [ -97.787223, 30.263962 ], [ -97.788694, 30.263164 ], [ -97.789477, 30.262719 ], [ -97.789684, 30.262602 ], [ -97.791575, 30.261581 ], [ -97.793529, 30.260472 ], [ -97.793948, 30.260234 ], [ -97.794368, 30.259997 ], [ -97.795045, 30.259632 ], [ -97.796855, 30.258657 ], [ -97.797424, 30.258344 ], [ -97.797642, 30.258224 ], [ -97.798371, 30.257826 ], [ -97.798803, 30.257585 ], [ -97.7991, 30.257384 ], [ -97.799588, 30.257009 ], [ -97.799874, 30.256748 ], [ -97.80013, 30.256464 ], [ -97.800809, 30.255592 ], [ -97.801157, 30.255038 ], [ -97.80171, 30.253593 ], [ -97.802363, 30.25189 ], [ -97.803342, 30.249627 ], [ -97.803373, 30.249564 ], [ -97.803736, 30.248961 ], [ -97.803881, 30.248726 ], [ -97.803984, 30.248559 ], [ -97.804134, 30.248315 ], [ -97.804164, 30.248266 ], [ -97.804291, 30.248091 ], [ -97.804441, 30.247886 ], [ -97.805052, 30.247098 ], [ -97.80555, 30.246519 ], [ -97.805893, 30.24616 ], [ -97.8062, 30.245853 ], [ -97.806577, 30.245497 ], [ -97.807357, 30.244789 ], [ -97.808177, 30.244178 ], [ -97.808656, 30.243896 ], [ -97.80986, 30.243188 ], [ -97.80989, 30.243172 ], [ -97.810672, 30.242774 ], [ -97.810988, 30.242613 ], [ -97.814135, 30.241089 ], [ -97.814558, 30.240885 ], [ -97.81499, 30.240659 ], [ -97.815017, 30.240644 ], [ -97.815138, 30.240589 ], [ -97.816487, 30.239924 ], [ -97.816864, 30.239734 ], [ -97.817601, 30.239369 ], [ -97.817783, 30.239285 ], [ -97.818195, 30.239097 ], [ -97.818789, 30.238861 ], [ -97.818947, 30.238796 ], [ -97.819783, 30.238443 ], [ -97.82, 30.238365 ], [ -97.820866, 30.238044 ], [ -97.820945, 30.23801 ], [ -97.821637, 30.237721 ], [ -97.822303, 30.237431 ], [ -97.822711, 30.237189 ], [ -97.822794, 30.237141 ], [ -97.82296, 30.237045 ], [ -97.823263, 30.236831 ], [ -97.823724, 30.236446 ], [ -97.824056, 30.236143 ], [ -97.824128, 30.236079 ], [ -97.824309, 30.235814 ], [ -97.824487, 30.235546 ], [ -97.824614, 30.235281 ], [ -97.824713, 30.235054 ], [ -97.824774, 30.234936 ], [ -97.825094, 30.234427 ], [ -97.825754, 30.233274 ], [ -97.826332, 30.232249 ], [ -97.826561, 30.231858 ], [ -97.827139, 30.230875 ], [ -97.827684, 30.230013 ], [ -97.828142, 30.229435 ], [ -97.828339, 30.229174 ], [ -97.829124, 30.22829 ], [ -97.830592, 30.226799 ], [ -97.830866, 30.226536 ], [ -97.833427, 30.223892 ], [ -97.833654, 30.223694 ], [ -97.833982, 30.223352 ], [ -97.834228, 30.223071 ], [ -97.834502, 30.222788 ], [ -97.834969, 30.222174 ], [ -97.83526, 30.221824 ], [ -97.836353, 30.220287 ], [ -97.836468, 30.220141 ], [ -97.836569, 30.219997 ], [ -97.836683, 30.219835 ], [ -97.837521, 30.218823 ], [ -97.837823, 30.218486 ], [ -97.838261, 30.218136 ], [ -97.838816, 30.217737 ], [ -97.839575, 30.217264 ], [ -97.840369, 30.216887 ], [ -97.840922, 30.216612 ], [ -97.841023, 30.21658 ], [ -97.84122, 30.216535 ], [ -97.841671, 30.216444 ], [ -97.842602, 30.216344 ], [ -97.84292, 30.216325 ], [ -97.843989, 30.216317 ], [ -97.844191, 30.216327 ], [ -97.844363, 30.21633 ], [ -97.844777, 30.216345 ], [ -97.846166, 30.216395 ], [ -97.846263, 30.216401 ], [ -97.846793, 30.216417 ], [ -97.847653, 30.216443 ], [ -97.848313, 30.21649 ], [ -97.8484, 30.216496 ], [ -97.849053, 30.216501 ], [ -97.849324, 30.216487 ], [ -97.849903, 30.216415 ], [ -97.850158, 30.216374 ], [ -97.850351, 30.21632 ], [ -97.85058, 30.21625 ], [ -97.851005, 30.216104 ], [ -97.85125, 30.216002 ], [ -97.851508, 30.215885 ], [ -97.851676, 30.215798 ], [ -97.852647, 30.215212 ], [ -97.853387, 30.214749 ], [ -97.853986, 30.214364 ], [ -97.854626, 30.213968 ], [ -97.85517, 30.213623 ], [ -97.856139, 30.212875 ], [ -97.85721, 30.211953 ] ] } },
{ "type": "Feature", "properties": { "LINEARID": "1108296491264", "FULLNAME": "S Mo-Pac Expy", "RTTYP": "M", "MTFCC": "S1100", "NAME": "Travis" }, "geometry": { "type": "LineString", "coordinates": [ [ -97.770617, 30.274964 ], [ -97.770593, 30.275 ], [ -97.770535, 30.275084 ], [ -97.770121, 30.275655 ], [ -97.770043, 30.275763 ], [ -97.76957, 30.276415 ], [ -97.769391, 30.276639 ], [ -97.769356, 30.276686 ], [ -97.769218, 30.276862 ], [ -97.769139, 30.276963 ], [ -97.769005, 30.277135 ], [ -97.768888, 30.277296 ], [ -97.768827, 30.277381 ], [ -97.768774, 30.277453 ], [ -97.768607, 30.277677 ], [ -97.768127, 30.278308 ], [ -97.768066, 30.278387 ], [ -97.76805, 30.27842 ], [ -97.767371, 30.279404 ], [ -97.767335, 30.279461 ], [ -97.767294, 30.279529 ], [ -97.766941, 30.280125 ], [ -97.765725, 30.282603 ], [ -97.765292, 30.283455 ], [ -97.76515, 30.283722 ], [ -97.765076, 30.283839 ], [ -97.764366, 30.284963 ], [ -97.763742, 30.285877 ], [ -97.762835, 30.287169 ], [ -97.762183, 30.288096 ], [ -97.761126, 30.289668 ], [ -97.760826, 30.290154 ], [ -97.760487, 30.290708 ], [ -97.76025, 30.29121 ], [ -97.760063, 30.291609 ], [ -97.759841, 30.292083 ], [ -97.759816, 30.292138 ], [ -97.759692, 30.292469 ], [ -97.759144, 30.294215 ], [ -97.758905, 30.295126 ], [ -97.758608, 30.296264 ], [ -97.758081, 30.298234 ], [ -97.75803, 30.298838 ], [ -97.758004, 30.29909 ], [ -97.757994, 30.299313 ], [ -97.758003, 30.299712 ], [ -97.758037, 30.300045 ], [ -97.758066, 30.300428 ], [ -97.758227, 30.302096 ], [ -97.758254, 30.302291 ], [ -97.758294, 30.302699 ], [ -97.758314, 30.303002 ], [ -97.758307, 30.303247 ], [ -97.75828, 30.303519 ], [ -97.758266, 30.303749 ], [ -97.758174, 30.304388 ], [ -97.758029, 30.305089 ], [ -97.757894, 30.305684 ], [ -97.757631, 30.306979 ], [ -97.757276, 30.308547 ], [ -97.757179, 30.308968 ], [ -97.756926, 30.310469 ], [ -97.756746, 30.312008 ], [ -97.756667, 30.312769 ], [ -97.756653, 30.312873 ], [ -97.756518, 30.313959 ], [ -97.756434, 30.314638 ], [ -97.755988, 30.318202 ], [ -97.755932, 30.31865 ], [ -97.755807, 30.319712 ], [ -97.755708, 30.321363 ], [ -97.755706, 30.321461 ], [ -97.755662, 30.323419 ], [ -97.755629, 30.324833 ], [ -97.755625, 30.325005 ], [ -97.755599, 30.326455 ], [ -97.755531, 30.330749 ], [ -97.755461, 30.332333 ], [ -97.755384, 30.335395 ], [ -97.755373, 30.335603 ], [ -97.75533, 30.335951 ], [ -97.755293, 30.33627 ], [ -97.755277, 30.336413 ] ] } },
{ "type": "Feature", "properties": { "LINEARID": "110485881571", "FULLNAME": "S Congress Ave", "RTTYP": "M", "MTFCC": "S1200", "NAME": "Travis" }, "geometry": { "type": "LineString", "coordinates": [ [ -97.788571, 30.167034 ], [ -97.788565, 30.167169 ], [ -97.788563, 30.167217 ], [ -97.788516, 30.16829 ], [ -97.788456, 30.168484 ], [ -97.788396, 30.168678 ], [ -97.78812, 30.169116 ], [ -97.78775, 30.169499 ], [ -97.786115, 30.17084 ] ] } },
{ "type": "Feature", "properties": { "LINEARID": "11012815112190", "FULLNAME": "S Lamar Blvd", "RTTYP": "M", "MTFCC": "S1100", "NAME": "Travis" }, "geometry": { "type": "LineString", "coordinates": [ [ -97.80152, 30.232506 ], [ -97.803099, 30.232201 ], [ -97.80315, 30.232191 ], [ -97.803516, 30.232121 ], [ -97.803588, 30.232107 ], [ -97.804212, 30.231987 ], [ -97.80501, 30.231948 ], [ -97.805407, 30.231968 ], [ -97.805633, 30.23198 ], [ -97.806123, 30.232044 ], [ -97.806835, 30.23222 ], [ -97.806923, 30.232254 ], [ -97.808698, 30.232934 ], [ -97.809198, 30.233122 ], [ -97.809775, 30.233332 ], [ -97.81019, 30.233468 ], [ -97.810338, 30.233516 ], [ -97.810729, 30.233617 ], [ -97.811207, 30.233704 ], [ -97.811232, 30.233704 ] ] } },
{ "type": "Feature", "properties": { "LINEARID": "1108296491203", "FULLNAME": "S Lamar Blvd", "RTTYP": "M", "MTFCC": "S1100", "NAME": "Travis" }, "geometry": { "type": "LineString", "coordinates": [ [ -97.801728, 30.232072 ], [ -97.803335, 30.231805 ], [ -97.803399, 30.231794 ], [ -97.803638, 30.231754 ], [ -97.804343, 30.231654 ], [ -97.805047, 30.231619 ], [ -97.805498, 30.231637 ], [ -97.806075, 30.231712 ], [ -97.807562, 30.232158 ], [ -97.809479, 30.232924 ], [ -97.810283, 30.233213 ], [ -97.810948, 30.233382 ], [ -97.81131, 30.233436 ], [ -97.811434, 30.233453 ], [ -97.811725, 30.233494 ], [ -97.81201, 30.2335 ], [ -97.812575, 30.233511 ], [ -97.812889, 30.233477 ], [ -97.813307, 30.233431 ], [ -97.813619, 30.233397 ], [ -97.814273, 30.233327 ], [ -97.81814, 30.232953 ], [ -97.818364, 30.232931 ], [ -97.818579, 30.232943 ], [ -97.818994, 30.232966 ], [ -97.819439, 30.233066 ], [ -97.81996, 30.233225 ], [ -97.820611, 30.233501 ], [ -97.820688, 30.233534 ], [ -97.820715, 30.233545 ], [ -97.820849, 30.233602 ], [ -97.821602, 30.233938 ] ] } },
{ "type": "Feature", "properties": { "LINEARID": "1104475916883", "FULLNAME": "S State Hwy 95", "RTTYP": "S", "MTFCC": "S1200", "NAME": "Travis" }, "geometry": { "type": "LineString", "coordinates": [ [ -97.375283, 30.410469 ], [ -97.375182, 30.41029 ] ] } },
{ "type": "Feature", "properties": { "LINEARID": "1108296487146", "FULLNAME": "E Anderson Ln", "RTTYP": "M", "MTFCC": "S1100", "NAME": "Travis" }, "geometry": { "type": "LineString", "coordinates": [ [ -97.705144, 30.343949 ], [ -97.704495, 30.343509 ], [ -97.703945, 30.343077 ], [ -97.703654, 30.342837 ], [ -97.703617, 30.3428 ], [ -97.702597, 30.341702 ], [ -97.702367, 30.341437 ], [ -97.701143, 30.340027 ], [ -97.70097, 30.339889 ], [ -97.700658, 30.33964 ], [ -97.700627, 30.339619 ], [ -97.700553, 30.339569 ], [ -97.700472, 30.339515 ], [ -97.7003, 30.339399 ], [ -97.70016, 30.339315 ], [ -97.700054, 30.339251 ], [ -97.699958, 30.339195 ], [ -97.699625, 30.338999 ], [ -97.699512, 30.338932 ], [ -97.699422, 30.338879 ], [ -97.699395, 30.338863 ], [ -97.699005, 30.338616 ], [ -97.697076, 30.337672 ], [ -97.695464, 30.33687 ], [ -97.693271, 30.335828 ], [ -97.692363, 30.335368 ], [ -97.692259, 30.335321 ], [ -97.691179, 30.334831 ], [ -97.689387, 30.333988 ], [ -97.688487, 30.333574 ], [ -97.687358, 30.333055 ], [ -97.686712, 30.332777 ], [ -97.686384, 30.332617 ], [ -97.686345, 30.332598 ], [ -97.686255, 30.332568 ], [ -97.686199, 30.332549 ], [ -97.685682, 30.332376 ], [ -97.68443, 30.331877 ], [ -97.683803, 30.331599 ], [ -97.681992, 30.330817 ], [ -97.681339, 30.330475 ], [ -97.680757, 30.330183 ], [ -97.680626, 30.330116 ], [ -97.680138, 30.329864 ], [ -97.679034, 30.329303 ], [ -97.678892, 30.329217 ], [ -97.678352, 30.328961 ], [ -97.677517, 30.328505 ], [ -97.676855, 30.328153 ], [ -97.675958, 30.327626 ], [ -97.675278, 30.327185 ], [ -97.674169, 30.326333 ], [ -97.674101, 30.32628 ], [ -97.67392, 30.326152 ], [ -97.673759, 30.326068 ], [ -97.673228, 30.32572 ] ] } },
{ "type": "Feature", "properties": { "LINEARID": "1106092812119", "FULLNAME": "E Parsons St", "RTTYP": "M", "MTFCC": "S1200", "NAME": "Travis" }, "geometry": { "type": "LineString", "coordinates": [ [ -97.54572, 30.343519 ], [ -97.545818, 30.343527 ], [ -97.546314, 30.343565 ], [ -97.547215, 30.343571 ], [ -97.547613, 30.343533 ], [ -97.5485, 30.343448 ], [ -97.548698, 30.343381 ], [ -97.549763, 30.343021 ], [ -97.549894, 30.342957 ], [ -97.550561, 30.342599 ], [ -97.551707, 30.341889 ], [ -97.552061, 30.341636 ], [ -97.55221, 30.341503 ], [ -97.552661, 30.341152 ], [ -97.553016, 30.340907 ], [ -97.553183, 30.340804 ], [ -97.553336, 30.340722 ], [ -97.553481, 30.340665 ], [ -97.553858, 30.340537 ], [ -97.554162, 30.340507 ], [ -97.554575, 30.34052 ], [ -97.555626, 30.340712 ], [ -97.556648, 30.340896 ], [ -97.557699, 30.341076 ] ] } },
{ "type": "Feature", "properties": { "LINEARID": "110485712947", "FULLNAME": "E 1st St", "RTTYP": "M", "MTFCC": "S1200", "NAME": "Travis" }, "geometry": { "type": "LineString", "coordinates": [ [ -97.744567, 30.263382 ], [ -97.743207, 30.26303 ], [ -97.742104, 30.262691 ], [ -97.741076, 30.262395 ], [ -97.74, 30.262107 ], [ -97.739456, 30.261969 ], [ -97.739351, 30.261939 ], [ -97.738792, 30.261782 ], [ -97.736767, 30.26123 ], [ -97.736553, 30.261207 ] ] } },
{ "type": "Feature", "properties": { "LINEARID": "1104475227647", "FULLNAME": "E Koenig Ln", "RTTYP": "M", "MTFCC": "S1200", "NAME": "Travis" }, "geometry": { "type": "LineString", "coordinates": [ [ -97.719558, 30.322422 ], [ -97.718574, 30.321964 ], [ -97.717641, 30.321494 ], [ -97.716678, 30.32104 ], [ -97.715961, 30.320682 ], [ -97.7159, 30.320655 ], [ -97.715374, 30.320422 ], [ -97.714621, 30.320311 ], [ -97.71408, 30.320317 ], [ -97.71373, 30.320342 ], [ -97.713467, 30.320356 ], [ -97.713229, 30.320381 ], [ -97.712924, 30.320416 ], [ -97.712756, 30.320435 ], [ -97.712645, 30.320446 ], [ -97.712582, 30.320459 ] ] } },
{ "type": "Feature", "properties": { "LINEARID": "1109097123713", "FULLNAME": "E Ben White Blvd", "RTTYP": "M", "MTFCC": "S1100", "NAME": "Travis" }, "geometry": { "type": "LineString", "coordinates": [ [ -97.752117, 30.216478 ], [ -97.751818, 30.216423 ], [ -97.751423, 30.216346 ], [ -97.751212, 30.216294 ], [ -97.750894, 30.216274 ], [ -97.750798, 30.216269 ], [ -97.750527, 30.216244 ], [ -97.750298, 30.21623 ], [ -97.750108, 30.216224 ], [ -97.749626, 30.216217 ], [ -97.749437, 30.216224 ], [ -97.749327, 30.216226 ], [ -97.749113, 30.216232 ], [ -97.747216, 30.216232 ], [ -97.744729, 30.216145 ], [ -97.744439, 30.216135 ], [ -97.743999, 30.216105 ], [ -97.743802, 30.216092 ], [ -97.740999, 30.215888 ], [ -97.73991, 30.215806 ], [ -97.739069, 30.215735 ], [ -97.738781, 30.215711 ], [ -97.736741, 30.215406 ], [ -97.735385, 30.215203 ], [ -97.735204, 30.215163 ], [ -97.735066, 30.215131 ], [ -97.734804, 30.21507 ], [ -97.734532, 30.215034 ], [ -97.73349, 30.214884 ], [ -97.732027, 30.214692 ], [ -97.728082, 30.21412 ], [ -97.723088, 30.213513 ], [ -97.720682, 30.213317 ], [ -97.720306, 30.21328 ], [ -97.719392, 30.213156 ], [ -97.71803, 30.213036 ], [ -97.716473, 30.212817 ], [ -97.714311, 30.212492 ], [ -97.712549, 30.212256 ], [ -97.712408, 30.21224 ], [ -97.712358, 30.212232 ], [ -97.712271, 30.212219 ], [ -97.712131, 30.212206 ], [ -97.712054, 30.212197 ], [ -97.711654, 30.212166 ], [ -97.711052, 30.21217 ], [ -97.710305, 30.212201 ], [ -97.709767, 30.212278 ], [ -97.709549, 30.212306 ], [ -97.709114, 30.212389 ], [ -97.7088, 30.212475 ], [ -97.708556, 30.212537 ], [ -97.70706, 30.213037 ], [ -97.70509, 30.213688 ], [ -97.702297, 30.214625 ], [ -97.699831, 30.21535 ], [ -97.69872, 30.215707 ], [ -97.691371, 30.21821 ], [ -97.691204, 30.218268 ], [ -97.690907, 30.218366 ], [ -97.69089, 30.218372 ], [ -97.690752, 30.218441 ], [ -97.690724, 30.218455 ], [ -97.690675, 30.218469 ], [ -97.690606, 30.218485 ], [ -97.690576, 30.218496 ], [ -97.690427, 30.218553 ], [ -97.689301, 30.219054 ], [ -97.688439, 30.219464 ], [ -97.688233, 30.21957 ], [ -97.688034, 30.219676 ], [ -97.687129, 30.220191 ], [ -97.686874, 30.220324 ], [ -97.686136, 30.220709 ], [ -97.685635, 30.220903 ], [ -97.685314, 30.221025 ], [ -97.684789, 30.221213 ], [ -97.684202, 30.221426 ], [ -97.683725, 30.221568 ], [ -97.683695, 30.221577 ], [ -97.68331, 30.221701 ], [ -97.683047, 30.221787 ], [ -97.682474, 30.221945 ], [ -97.682081, 30.22208 ], [ -97.681577, 30.222196 ], [ -97.681124, 30.222294 ], [ -97.680543, 30.222357 ], [ -97.679939, 30.222399 ], [ -97.6797, 30.222389 ], [ -97.679486, 30.222401 ], [ -97.679232, 30.222395 ], [ -97.678288, 30.222321 ] ] } },
{ "type": "Feature", "properties": { "LINEARID": "1108296487153", "FULLNAME": "E Anderson Ln", "RTTYP": "M", "MTFCC": "S1100", "NAME": "Travis" }, "geometry": { "type": "LineString", "coordinates": [ [ -97.705286, 30.343803 ], [ -97.705028, 30.343609 ], [ -97.704754, 30.343402 ], [ -97.704672, 30.343344 ], [ -97.704427, 30.343172 ], [ -97.703919, 30.342678 ], [ -97.703876, 30.342633 ], [ -97.703193, 30.34192 ], [ -97.702656, 30.341436 ], [ -97.702538, 30.341307 ], [ -97.702167, 30.340903 ], [ -97.701998, 30.340725 ], [ -97.701802, 30.340516 ], [ -97.701712, 30.340407 ], [ -97.701476, 30.340141 ], [ -97.701107, 30.339782 ], [ -97.7007, 30.339465 ], [ -97.700652, 30.339428 ], [ -97.700601, 30.339388 ], [ -97.700581, 30.339372 ], [ -97.700315, 30.339212 ], [ -97.700259, 30.339168 ], [ -97.700194, 30.339116 ], [ -97.70016, 30.33909 ], [ -97.700065, 30.339033 ], [ -97.699716, 30.33882 ], [ -97.699687, 30.338803 ], [ -97.699608, 30.338769 ], [ -97.699534, 30.338732 ], [ -97.699227, 30.338577 ], [ -97.697263, 30.337494 ], [ -97.695571, 30.336687 ], [ -97.693397, 30.33562 ], [ -97.692381, 30.335125 ], [ -97.692324, 30.335103 ], [ -97.691309, 30.334629 ], [ -97.688614, 30.333378 ], [ -97.686843, 30.332556 ], [ -97.686526, 30.332411 ], [ -97.686465, 30.332371 ], [ -97.686403, 30.332351 ], [ -97.686197, 30.332286 ], [ -97.684581, 30.331629 ], [ -97.684254, 30.331504 ], [ -97.684095, 30.331444 ], [ -97.682966, 30.33092 ], [ -97.681269, 30.330134 ], [ -97.680568, 30.329775 ], [ -97.679913, 30.329466 ], [ -97.679256, 30.329134 ], [ -97.679022, 30.329024 ], [ -97.678969, 30.328997 ], [ -97.677636, 30.328335 ], [ -97.677614, 30.328324 ], [ -97.677113, 30.328048 ], [ -97.676813, 30.327864 ], [ -97.676448, 30.32765 ], [ -97.675671, 30.327147 ], [ -97.675159, 30.32679 ], [ -97.674429, 30.326222 ], [ -97.674346, 30.326158 ], [ -97.674201, 30.326058 ], [ -97.674053, 30.32594 ], [ -97.673684, 30.325678 ], [ -97.673572, 30.325598 ], [ -97.673469, 30.325525 ] ] } },
{ "type": "Feature", "properties": { "LINEARID": "110485897635", "FULLNAME": "E Cesar Chavez St", "RTTYP": "M", "MTFCC": "S1200", "NAME": "Travis" }, "geometry": { "type": "LineString", "coordinates": [ [ -97.744567, 30.263382 ], [ -97.743207, 30.26303 ], [ -97.742104, 30.262691 ], [ -97.741076, 30.262395 ], [ -97.74, 30.262107 ], [ -97.739456, 30.261969 ], [ -97.739351, 30.261939 ], [ -97.738792, 30.261782 ], [ -97.736767, 30.26123 ], [ -97.736553, 30.261207 ] ] } },
{ "type": "Feature", "properties": { "LINEARID": "1108296487395", "FULLNAME": "E Koenig Ln", "RTTYP": "M", "MTFCC": "S1100", "NAME": "Travis" }, "geometry": { "type": "LineString", "coordinates": [ [ -97.706637, 30.322011 ], [ -97.706791, 30.321982 ], [ -97.706891, 30.321963 ], [ -97.707053, 30.321922 ], [ -97.707462, 30.321828 ], [ -97.707626, 30.321773 ], [ -97.707866, 30.321693 ], [ -97.708229, 30.321594 ], [ -97.708995, 30.321381 ], [ -97.709417, 30.321247 ], [ -97.709691, 30.321165 ], [ -97.710038, 30.321061 ], [ -97.710706, 30.320869 ], [ -97.711084, 30.32077 ], [ -97.711579, 30.320644 ], [ -97.711747, 30.320604 ], [ -97.712036, 30.320536 ], [ -97.712423, 30.32048 ], [ -97.712582, 30.320459 ], [ -97.71243, 30.320502 ], [ -97.711736, 30.320672 ], [ -97.711072, 30.320865 ], [ -97.710873, 30.320925 ], [ -97.710782, 30.320953 ], [ -97.710481, 30.321059 ], [ -97.710112, 30.32117 ], [ -97.70959, 30.321335 ], [ -97.709377, 30.321402 ], [ -97.709109, 30.321496 ], [ -97.708302, 30.321762 ], [ -97.707612, 30.321988 ], [ -97.707449, 30.322042 ], [ -97.707293, 30.322088 ], [ -97.707138, 30.322135 ], [ -97.706981, 30.32217 ], [ -97.706858, 30.322197 ], [ -97.706761, 30.322218 ], [ -97.706602, 30.322258 ] ] } },
{ "type": "Feature", "properties": { "LINEARID": "1109097123062", "FULLNAME": "E Ben White Blvd", "RTTYP": "M", "MTFCC": "S1100", "NAME": "Travis" }, "geometry": { "type": "LineString", "coordinates": [ [ -97.755354, 30.218603 ], [ -97.755003, 30.218412 ], [ -97.754549, 30.218087 ], [ -97.754322, 30.217903 ], [ -97.754102, 30.217727 ], [ -97.753916, 30.217594 ], [ -97.753767, 30.217509 ], [ -97.753601, 30.217383 ], [ -97.75345, 30.217282 ], [ -97.75321, 30.217174 ], [ -97.752838, 30.217025 ], [ -97.752695, 30.216964 ], [ -97.752539, 30.216903 ], [ -97.752113, 30.216774 ], [ -97.751962, 30.216713 ], [ -97.751604, 30.216648 ], [ -97.751287, 30.216572 ], [ -97.751048, 30.216539 ], [ -97.750942, 30.216528 ], [ -97.750659, 30.216499 ], [ -97.750384, 30.216486 ], [ -97.750147, 30.216465 ], [ -97.749962, 30.216459 ], [ -97.749561, 30.216461 ], [ -97.748978, 30.216488 ], [ -97.747168, 30.216522 ], [ -97.745958, 30.216493 ], [ -97.7447, 30.216406 ], [ -97.744468, 30.216367 ], [ -97.743973, 30.216326 ], [ -97.743793, 30.216311 ], [ -97.740932, 30.216117 ], [ -97.739872, 30.21602 ], [ -97.739045, 30.215926 ], [ -97.738858, 30.215902 ], [ -97.738722, 30.215884 ], [ -97.735321, 30.215386 ], [ -97.73508, 30.215351 ], [ -97.73498, 30.215336 ], [ -97.734911, 30.215326 ], [ -97.73463, 30.215287 ], [ -97.734431, 30.215257 ], [ -97.733442, 30.215113 ], [ -97.731921, 30.214903 ], [ -97.730518, 30.214699 ], [ -97.727955, 30.214325 ], [ -97.722999, 30.213723 ], [ -97.72066, 30.213505 ], [ -97.720444, 30.213485 ], [ -97.720293, 30.213471 ], [ -97.719381, 30.213391 ], [ -97.718003, 30.213238 ], [ -97.716396, 30.213057 ], [ -97.714139, 30.212712 ], [ -97.712509, 30.212432 ], [ -97.712317, 30.21241 ], [ -97.712265, 30.212404 ], [ -97.712177, 30.212402 ], [ -97.712066, 30.212387 ], [ -97.711997, 30.212381 ], [ -97.71114, 30.212347 ], [ -97.710873, 30.21235 ], [ -97.710553, 30.212365 ], [ -97.709652, 30.212485 ], [ -97.709112, 30.212605 ], [ -97.708798, 30.212678 ], [ -97.708522, 30.212752 ], [ -97.707118, 30.213219 ], [ -97.705463, 30.213783 ], [ -97.704306, 30.214128 ], [ -97.703521, 30.214386 ], [ -97.701054, 30.215178 ], [ -97.698673, 30.215942 ], [ -97.695393, 30.217 ], [ -97.693506, 30.217622 ], [ -97.692735, 30.217909 ], [ -97.692332, 30.218071 ], [ -97.69157, 30.218353 ], [ -97.691165, 30.218503 ], [ -97.691055, 30.218547 ], [ -97.690908, 30.218606 ], [ -97.69088, 30.218618 ], [ -97.690856, 30.218629 ], [ -97.690758, 30.218673 ], [ -97.690348, 30.218845 ], [ -97.689784, 30.219082 ], [ -97.689071, 30.219424 ], [ -97.688492, 30.219736 ], [ -97.688378, 30.219796 ], [ -97.687571, 30.220226 ], [ -97.686917, 30.220553 ], [ -97.686568, 30.22071 ], [ -97.686323, 30.22082 ], [ -97.685877, 30.220999 ], [ -97.685072, 30.221351 ], [ -97.684799, 30.221486 ], [ -97.68411, 30.221834 ], [ -97.683852, 30.221977 ], [ -97.683288, 30.22229 ], [ -97.683012, 30.222438 ], [ -97.68204, 30.222916 ], [ -97.681352, 30.223141 ], [ -97.680956, 30.223223 ], [ -97.680728, 30.223263 ], [ -97.680253, 30.223321 ], [ -97.679848, 30.223323 ], [ -97.679673, 30.223326 ], [ -97.67908, 30.223272 ], [ -97.678842, 30.223233 ], [ -97.678742, 30.223216 ], [ -97.678343, 30.223109 ], [ -97.678065, 30.223004 ], [ -97.677677, 30.222891 ] ] } },
{ "type": "Feature", "properties": { "LINEARID": "1108296490629", "FULLNAME": "W Ben White Blvd", "RTTYP": "M", "MTFCC": "S1100", "NAME": "Travis" }, "geometry": { "type": "LineString", "coordinates": [ [ -97.755354, 30.218603 ], [ -97.755856, 30.218894 ], [ -97.756811, 30.219363 ], [ -97.757823, 30.219877 ], [ -97.758486, 30.22019 ], [ -97.758526, 30.220207 ], [ -97.760231, 30.220992 ], [ -97.760362, 30.22106 ], [ -97.761042, 30.221418 ], [ -97.76159, 30.221707 ], [ -97.762395, 30.22212 ], [ -97.762418, 30.222131 ], [ -97.763568, 30.222862 ], [ -97.763838, 30.223034 ], [ -97.764036, 30.22315 ], [ -97.764405, 30.223368 ], [ -97.764751, 30.223595 ], [ -97.764902, 30.223695 ], [ -97.765664, 30.224201 ], [ -97.766001, 30.224442 ], [ -97.766732, 30.224938 ], [ -97.76711, 30.225209 ], [ -97.767272, 30.225326 ], [ -97.768225, 30.225958 ], [ -97.76842, 30.226086 ], [ -97.76857, 30.226177 ], [ -97.768714, 30.226273 ], [ -97.76882, 30.226333 ], [ -97.769161, 30.226561 ], [ -97.769279, 30.22664 ], [ -97.769348, 30.226707 ], [ -97.769552, 30.226798 ], [ -97.770462, 30.227205 ], [ -97.770606, 30.227262 ], [ -97.77075, 30.22732 ], [ -97.771044, 30.22742 ], [ -97.771193, 30.227467 ], [ -97.771496, 30.227547 ], [ -97.771812, 30.227619 ], [ -97.771888, 30.227634 ], [ -97.772387, 30.22773 ], [ -97.7727, 30.227772 ], [ -97.773015, 30.227797 ], [ -97.773427, 30.227817 ], [ -97.773667, 30.227819 ], [ -97.774864, 30.227796 ], [ -97.775944, 30.227768 ], [ -97.776105, 30.227771 ], [ -97.776263, 30.227766 ], [ -97.776352, 30.227769 ], [ -97.776439, 30.227764 ], [ -97.776532, 30.227766 ], [ -97.776579, 30.227767 ], [ -97.777673, 30.227814 ], [ -97.778932, 30.227866 ], [ -97.779324, 30.227882 ], [ -97.779837, 30.227903 ], [ -97.781078, 30.227998 ], [ -97.781207, 30.22799 ], [ -97.781483, 30.227972 ], [ -97.781948, 30.228012 ], [ -97.782439, 30.228071 ], [ -97.782821, 30.22812 ], [ -97.78319, 30.228182 ], [ -97.78348, 30.228243 ], [ -97.78364, 30.228282 ], [ -97.784279, 30.228441 ], [ -97.784596, 30.228513 ], [ -97.784897, 30.228598 ], [ -97.785288, 30.228752 ], [ -97.785529, 30.228839 ], [ -97.78586, 30.228975 ], [ -97.787125, 30.229558 ], [ -97.788079, 30.230021 ], [ -97.788224, 30.230092 ], [ -97.788321, 30.230142 ], [ -97.789754, 30.230837 ], [ -97.791629, 30.231757 ], [ -97.791855, 30.231863 ], [ -97.792421, 30.232128 ], [ -97.792709, 30.232268 ], [ -97.793269, 30.232541 ] ] } },
{ "type": "Feature", "properties": { "LINEARID": "1108296487691", "FULLNAME": "W US Hwy 290", "RTTYP": "U", "MTFCC": "S1100", "NAME": "Travis" }, "geometry": { "type": "LineString", "coordinates": [ [ -97.81131, 30.233436 ], [ -97.811434, 30.233453 ], [ -97.811725, 30.233494 ], [ -97.81201, 30.2335 ], [ -97.812575, 30.233511 ], [ -97.812889, 30.233477 ], [ -97.813307, 30.233431 ], [ -97.813619, 30.233397 ], [ -97.814273, 30.233327 ], [ -97.81814, 30.232953 ], [ -97.818364, 30.232931 ], [ -97.818579, 30.232943 ], [ -97.818994, 30.232966 ], [ -97.819439, 30.233066 ], [ -97.81996, 30.233225 ], [ -97.820611, 30.233501 ], [ -97.820688, 30.233534 ], [ -97.820715, 30.233545 ], [ -97.820849, 30.233602 ], [ -97.821602, 30.233938 ] ] } },
{ "type": "Feature", "properties": { "LINEARID": "110485712743", "FULLNAME": "W Hwy 71", "RTTYP": "M", "MTFCC": "S1200", "NAME": "Travis" }, "geometry": { "type": "LineString", "coordinates": [ [ -97.872614, 30.233944 ], [ -97.873162, 30.23398 ], [ -97.873577, 30.234017 ], [ -97.874107, 30.234121 ], [ -97.874577, 30.234218 ], [ -97.875308, 30.23448 ], [ -97.87578, 30.234695 ], [ -97.876593, 30.23517 ], [ -97.877252, 30.235741 ], [ -97.877577, 30.236147 ], [ -97.87834, 30.237101 ], [ -97.878607, 30.237491 ], [ -97.879098, 30.238206 ], [ -97.879961, 30.239478 ], [ -97.880283, 30.239879 ], [ -97.880502, 30.240153 ], [ -97.881415, 30.241291 ], [ -97.882188, 30.242098 ], [ -97.882284, 30.242193 ], [ -97.884722, 30.244599 ], [ -97.885886, 30.245538 ], [ -97.886827, 30.246204 ], [ -97.888383, 30.246991 ], [ -97.888587, 30.247082 ], [ -97.89214, 30.248842 ], [ -97.894259, 30.249891 ], [ -97.897971, 30.251664 ], [ -97.89819, 30.251793 ], [ -97.899827, 30.252761 ], [ -97.901311, 30.25418 ], [ -97.903796, 30.256556 ], [ -97.904483, 30.257213 ], [ -97.907243, 30.260127 ], [ -97.907743, 30.261338 ], [ -97.908553, 30.264805 ], [ -97.909066, 30.266754 ], [ -97.909185, 30.267019 ], [ -97.909336, 30.267355 ], [ -97.910004, 30.268729 ], [ -97.911945, 30.271534 ], [ -97.912789, 30.272753 ], [ -97.913383, 30.273881 ], [ -97.913746, 30.274569 ], [ -97.914203, 30.275436 ], [ -97.914665, 30.276345 ], [ -97.91471, 30.276432 ], [ -97.916475, 30.279837 ], [ -97.916721, 30.280544 ], [ -97.916887, 30.281659 ], [ -97.916629, 30.284593 ], [ -97.916567, 30.285588 ], [ -97.916623, 30.286503 ], [ -97.917083, 30.287781 ], [ -97.917423, 30.288726 ], [ -97.917593, 30.289105 ], [ -97.917626, 30.289178 ], [ -97.917685, 30.289309 ], [ -97.917932, 30.289859 ], [ -97.918351, 30.290498 ], [ -97.919041, 30.291166 ], [ -97.919919, 30.29181 ], [ -97.921511, 30.292706 ], [ -97.921916, 30.292958 ], [ -97.921984, 30.293001 ], [ -97.923409, 30.293886 ], [ -97.925358, 30.295818 ], [ -97.925822, 30.29634 ], [ -97.926872, 30.29752 ], [ -97.926905, 30.297557 ], [ -97.926976, 30.297637 ], [ -97.927154, 30.297837 ], [ -97.929179, 30.299962 ], [ -97.929464, 30.300256 ], [ -97.929591, 30.300386 ], [ -97.92965, 30.300447 ], [ -97.930153, 30.300965 ], [ -97.930397, 30.301181 ], [ -97.930739, 30.301483 ], [ -97.931284, 30.301965 ], [ -97.931398, 30.30205 ], [ -97.931497, 30.302123 ], [ -97.93309, 30.303311 ], [ -97.933575, 30.303594 ], [ -97.936051, 30.305041 ], [ -97.936178, 30.305105 ], [ -97.936319, 30.305176 ], [ -97.937798, 30.305766 ], [ -97.939973, 30.306636 ], [ -97.940663, 30.306911 ], [ -97.942312, 30.30757 ], [ -97.942857, 30.30778 ], [ -97.943533, 30.308036 ], [ -97.943972, 30.308176 ], [ -97.944189, 30.308237 ], [ -97.944353, 30.308284 ], [ -97.944792, 30.308399 ], [ -97.945358, 30.308482 ], [ -97.948336, 30.308353 ], [ -97.94914, 30.308318 ], [ -97.952169, 30.308137 ], [ -97.952329, 30.308128 ], [ -97.952718, 30.308105 ], [ -97.954229, 30.308096 ], [ -97.956171, 30.308084 ], [ -97.956616, 30.308175 ], [ -97.957827, 30.308422 ], [ -97.961718, 30.309215 ], [ -97.964173, 30.309716 ], [ -97.965382, 30.309963 ], [ -97.965453, 30.309977 ], [ -97.969305, 30.310843 ], [ -97.969412, 30.310869 ], [ -97.970609, 30.311087 ], [ -97.970932, 30.311161 ], [ -97.971268, 30.311253 ], [ -97.97163, 30.31134 ], [ -97.971857, 30.311414 ], [ -97.972149, 30.311506 ], [ -97.972354, 30.311589 ], [ -97.972515, 30.311667 ], [ -97.97265, 30.311742 ], [ -97.972786, 30.311807 ], [ -97.972943, 30.311907 ], [ -97.973135, 30.312012 ], [ -97.973353, 30.31216 ], [ -97.973645, 30.312343 ], [ -97.973919, 30.312544 ], [ -97.974058, 30.312626 ], [ -97.974147, 30.312701 ], [ -97.974289, 30.312795 ], [ -97.974928, 30.313323 ], [ -97.975675, 30.314021 ], [ -97.976352, 30.314601 ], [ -97.977185, 30.315294 ], [ -97.977621, 30.31563 ], [ -97.977933, 30.315873 ], [ -97.978197, 30.316023 ], [ -97.97845, 30.316167 ], [ -97.978738, 30.316306 ], [ -97.97913, 30.316472 ], [ -97.979405, 30.316577 ], [ -97.979991, 30.316764 ], [ -97.980104, 30.316785 ], [ -97.980189, 30.316795 ], [ -97.980219, 30.316799 ], [ -97.980231, 30.3168 ], [ -97.980253, 30.316802 ], [ -97.980266, 30.316804 ], [ -97.981723, 30.316989 ], [ -97.984811, 30.317288 ], [ -97.988112, 30.317608 ], [ -97.988675, 30.317663 ], [ -97.989185, 30.317734 ], [ -97.990685, 30.317883 ], [ -97.991178, 30.317936 ], [ -97.991773, 30.317999 ], [ -97.992269, 30.318052 ], [ -97.992339, 30.318059 ], [ -97.993684, 30.318204 ], [ -97.994392, 30.318227 ], [ -97.994538, 30.318228 ], [ -97.996325, 30.318164 ], [ -97.996807, 30.318127 ], [ -97.997282, 30.318067 ], [ -97.999446, 30.317795 ], [ -98.000876, 30.317616 ], [ -98.001296, 30.317579 ], [ -98.001655, 30.317561 ], [ -98.001823, 30.317564 ], [ -98.001972, 30.317567 ], [ -98.002167, 30.317587 ], [ -98.002231, 30.317594 ], [ -98.002718, 30.317668 ], [ -98.002865, 30.3177 ], [ -98.003062, 30.317747 ], [ -98.003249, 30.317808 ], [ -98.003493, 30.317898 ], [ -98.003723, 30.31798 ], [ -98.004003, 30.318102 ], [ -98.004229, 30.318228 ], [ -98.004427, 30.318347 ], [ -98.005272, 30.318995 ], [ -98.006941, 30.320279 ], [ -98.007056, 30.32036 ], [ -98.007087, 30.320381 ], [ -98.007976, 30.321008 ], [ -98.009572, 30.322132 ], [ -98.010167, 30.322578 ], [ -98.010478, 30.322811 ], [ -98.011727, 30.323675 ], [ -98.012109, 30.323939 ], [ -98.015323, 30.326218 ], [ -98.015928, 30.326678 ], [ -98.016737, 30.327251 ], [ -98.017616, 30.327824 ], [ -98.018995, 30.328636 ], [ -98.01977, 30.329006 ], [ -98.020443, 30.32932 ], [ -98.021506, 30.329716 ], [ -98.022493, 30.329974 ], [ -98.022883, 30.330159 ], [ -98.023516, 30.330508 ], [ -98.024524, 30.3315 ], [ -98.025571, 30.332348 ], [ -98.027465, 30.333225 ], [ -98.029816, 30.335008 ], [ -98.03169, 30.335932 ], [ -98.032809, 30.33664 ], [ -98.033676, 30.337348 ], [ -98.034334, 30.337886 ], [ -98.035681, 30.338833 ], [ -98.035906, 30.338989 ], [ -98.036393, 30.339259 ], [ -98.036687, 30.339471 ], [ -98.037827, 30.339973 ], [ -98.039048, 30.34011 ], [ -98.039807, 30.34013 ], [ -98.039841, 30.340131 ], [ -98.040676, 30.340153 ], [ -98.041454, 30.340257 ], [ -98.042508, 30.340807 ], [ -98.043944, 30.341864 ], [ -98.04604, 30.343406 ], [ -98.046623, 30.343835 ], [ -98.048582, 30.345278 ], [ -98.048917, 30.345525 ], [ -98.049691, 30.346095 ], [ -98.050917, 30.346699 ], [ -98.052237, 30.347152 ], [ -98.054066, 30.347533 ], [ -98.054277, 30.347562 ], [ -98.05432, 30.347568 ], [ -98.057903, 30.348094 ], [ -98.058307, 30.348101 ], [ -98.059333, 30.348326 ], [ -98.060471, 30.348863 ], [ -98.061194, 30.349266 ], [ -98.06178, 30.34981 ], [ -98.063804, 30.352087 ], [ -98.064295, 30.35269 ], [ -98.064618, 30.353075 ], [ -98.065125, 30.353679 ], [ -98.065913, 30.354618 ], [ -98.06747, 30.356473 ], [ -98.068449, 30.357828 ], [ -98.068604, 30.358116 ], [ -98.068782, 30.358522 ], [ -98.0689, 30.35881 ], [ -98.069062, 30.359361 ], [ -98.069151, 30.359793 ], [ -98.069168, 30.360083 ], [ -98.069195, 30.36048 ], [ -98.069273, 30.36191 ], [ -98.069406, 30.362831 ], [ -98.069572, 30.363291 ], [ -98.069828, 30.363783 ], [ -98.070392, 30.364529 ], [ -98.070755, 30.365081 ], [ -98.07147, 30.366151 ], [ -98.07191, 30.366863 ], [ -98.07198, 30.366973 ], [ -98.072498, 30.36778 ], [ -98.072757, 30.368149 ], [ -98.073162, 30.368623 ], [ -98.073535, 30.368968 ], [ -98.07387, 30.369202 ], [ -98.074138, 30.369375 ], [ -98.07516, 30.369892 ], [ -98.075589, 30.370104 ], [ -98.075752, 30.370199 ], [ -98.076084, 30.370413 ], [ -98.076227, 30.370532 ], [ -98.076397, 30.370674 ], [ -98.076521, 30.370788 ], [ -98.076668, 30.370925 ], [ -98.076907, 30.37119 ], [ -98.077236, 30.371645 ], [ -98.077601, 30.372205 ], [ -98.078079, 30.37294 ], [ -98.079315, 30.374842 ], [ -98.079585, 30.375266 ], [ -98.079665, 30.375391 ], [ -98.079896, 30.375756 ], [ -98.080172, 30.37619 ], [ -98.080395, 30.37654 ], [ -98.080686, 30.376999 ], [ -98.081808, 30.378727 ], [ -98.0831, 30.380716 ], [ -98.085171, 30.383847 ], [ -98.085434, 30.384244 ], [ -98.086101, 30.385771 ], [ -98.086294, 30.386462 ], [ -98.086469, 30.387161 ], [ -98.086454, 30.387939 ], [ -98.086408, 30.388458 ], [ -98.086278, 30.388968 ], [ -98.086258, 30.389076 ], [ -98.086233, 30.38921 ], [ -98.086216, 30.3893 ], [ -98.086212, 30.389355 ], [ -98.08619, 30.389633 ], [ -98.086182, 30.389749 ], [ -98.086177, 30.389831 ], [ -98.086176, 30.389898 ], [ -98.086174, 30.389968 ], [ -98.086173, 30.390041 ], [ -98.086173, 30.390176 ], [ -98.086173, 30.39022 ], [ -98.086177, 30.390367 ], [ -98.086179, 30.390417 ], [ -98.086233, 30.390804 ], [ -98.086254, 30.391004 ], [ -98.086248, 30.39128 ], [ -98.086149, 30.392048 ], [ -98.086264, 30.392891 ], [ -98.086558, 30.393779 ], [ -98.086901, 30.394299 ], [ -98.087263, 30.394707 ], [ -98.088201, 30.395868 ], [ -98.089337, 30.397199 ], [ -98.090939, 30.398861 ], [ -98.092146, 30.400207 ], [ -98.092174, 30.40024 ], [ -98.093993, 30.40224 ], [ -98.094063, 30.402294 ], [ -98.094871, 30.402849 ], [ -98.095574, 30.403301 ], [ -98.099165, 30.404673 ], [ -98.100353, 30.405104 ], [ -98.100884, 30.405297 ], [ -98.102407, 30.405997 ], [ -98.106359, 30.408348 ], [ -98.107248, 30.408826 ], [ -98.108175, 30.409371 ], [ -98.108834, 30.409758 ], [ -98.109228, 30.409979 ], [ -98.111056, 30.411048 ], [ -98.11246, 30.411857 ], [ -98.113084, 30.412216 ], [ -98.117139, 30.414552 ], [ -98.118233, 30.415171 ], [ -98.120235, 30.416305 ], [ -98.122484, 30.417684 ], [ -98.123371, 30.418367 ], [ -98.124894, 30.419622 ], [ -98.125465, 30.42021 ], [ -98.126288, 30.421019 ], [ -98.126339, 30.421069 ], [ -98.127709, 30.422385 ], [ -98.127881, 30.422533 ], [ -98.127988, 30.422625 ] ] } },
{ "type": "Feature", "properties": { "LINEARID": "110485712951", "FULLNAME": "W 1st St", "RTTYP": "M", "MTFCC": "S1200", "NAME": "Travis" }, "geometry": { "type": "LineString", "coordinates": [ [ -97.744567, 30.263382 ], [ -97.745856, 30.263762 ], [ -97.746944, 30.26407 ], [ -97.748001, 30.264367 ], [ -97.749118, 30.264656 ], [ -97.750161, 30.264973 ], [ -97.751176, 30.265281 ], [ -97.752023, 30.265538 ], [ -97.752354, 30.265638 ], [ -97.753496, 30.265985 ], [ -97.7538, 30.266077 ], [ -97.753843, 30.266091 ], [ -97.754388, 30.266272 ], [ -97.754737, 30.266323 ], [ -97.755046, 30.266371 ], [ -97.755494, 30.266429 ], [ -97.756272, 30.26653 ] ] } },
{ "type": "Feature", "properties": { "LINEARID": "110485843932", "FULLNAME": "W Murray Ave", "RTTYP": "M", "MTFCC": "S1200", "NAME": "Travis" }, "geometry": { "type": "LineString", "coordinates": [ [ -97.559255, 30.348618 ], [ -97.559085, 30.348361 ], [ -97.558721, 30.34811 ], [ -97.558487, 30.348046 ], [ -97.558206, 30.348 ], [ -97.557147, 30.347824 ], [ -97.556613, 30.347723 ] ] } },
{ "type": "Feature", "properties": { "LINEARID": "1108296492794", "FULLNAME": "W US Hwy 290", "RTTYP": "U", "MTFCC": "S1100", "NAME": "Travis" }, "geometry": { "type": "LineString", "coordinates": [ [ -97.820598, 30.233781 ], [ -97.82245, 30.234541 ], [ -97.823248, 30.2349 ], [ -97.823752, 30.235159 ], [ -97.823898, 30.235233 ], [ -97.82438, 30.235478 ], [ -97.824487, 30.235546 ], [ -97.824539, 30.23557 ], [ -97.824716, 30.235643 ], [ -97.825151, 30.235823 ], [ -97.825298, 30.235883 ], [ -97.825537, 30.235982 ], [ -97.825573, 30.235991 ], [ -97.827217, 30.236446 ], [ -97.827723, 30.236542 ], [ -97.827876, 30.236571 ], [ -97.828512, 30.236662 ], [ -97.828607, 30.236664 ], [ -97.829283, 30.236677 ], [ -97.830156, 30.236709 ], [ -97.831903, 30.236742 ], [ -97.835408, 30.236733 ], [ -97.837769, 30.236729 ], [ -97.838366, 30.236731 ], [ -97.839034, 30.236733 ], [ -97.839612, 30.236755 ], [ -97.839831, 30.236764 ], [ -97.8401, 30.236774 ], [ -97.840464, 30.236788 ], [ -97.840758, 30.236782 ], [ -97.84255, 30.236748 ], [ -97.844116, 30.236618 ], [ -97.8452, 30.236529 ], [ -97.845924, 30.23643 ], [ -97.84619, 30.236393 ], [ -97.846762, 30.236316 ], [ -97.847718, 30.236163 ], [ -97.848418, 30.236051 ], [ -97.84958, 30.235843 ], [ -97.849918, 30.235783 ], [ -97.85077, 30.235642 ], [ -97.851231, 30.235565 ], [ -97.851903, 30.235482 ], [ -97.85198, 30.235472 ], [ -97.852131, 30.235466 ], [ -97.852348, 30.235458 ], [ -97.852945, 30.235436 ], [ -97.853972, 30.235412 ], [ -97.854567, 30.235398 ], [ -97.855321, 30.235415 ], [ -97.855533, 30.235422 ], [ -97.856068, 30.235439 ], [ -97.856172, 30.235453 ], [ -97.8566, 30.235513 ] ] } },
{ "type": "Feature", "properties": { "LINEARID": "110485897646", "FULLNAME": "W Cesar Chavez St", "RTTYP": "M", "MTFCC": "S1200", "NAME": "Travis" }, "geometry": { "type": "LineString", "coordinates": [ [ -97.744567, 30.263382 ], [ -97.745856, 30.263762 ], [ -97.746944, 30.26407 ], [ -97.748001, 30.264367 ], [ -97.749118, 30.264656 ], [ -97.750161, 30.264973 ], [ -97.751176, 30.265281 ], [ -97.752023, 30.265538 ], [ -97.752354, 30.265638 ], [ -97.753496, 30.265985 ], [ -97.7538, 30.266077 ], [ -97.753843, 30.266091 ], [ -97.754388, 30.266272 ], [ -97.754737, 30.266323 ], [ -97.755046, 30.266371 ], [ -97.755494, 30.266429 ], [ -97.756272, 30.26653 ] ] } },
{ "type": "Feature", "properties": { "LINEARID": "1104475212217", "FULLNAME": "W Koenig Ln", "RTTYP": "M", "MTFCC": "S1200", "NAME": "Travis" }, "geometry": { "type": "LineString", "coordinates": [ [ -97.719558, 30.322422 ], [ -97.720403, 30.322712 ], [ -97.721186, 30.322873 ], [ -97.721988, 30.32295 ], [ -97.722699, 30.323102 ], [ -97.722728, 30.323108 ], [ -97.72383, 30.323502 ], [ -97.724557, 30.323918 ], [ -97.724853, 30.324123 ], [ -97.725184, 30.32441 ], [ -97.725389, 30.324632 ], [ -97.725533, 30.324829 ], [ -97.725672, 30.325086 ], [ -97.725799, 30.325367 ], [ -97.725879, 30.325519 ], [ -97.725947, 30.325609 ], [ -97.726041, 30.32572 ], [ -97.726326, 30.32596 ] ] } },
{ "type": "Feature", "properties": { "LINEARID": "11015791780463", "FULLNAME": "W Hwy 290", "RTTYP": "M", "MTFCC": "S1200", "NAME": "Travis" }, "geometry": { "type": "LineString", "coordinates": [ [ -97.949605, 30.224839 ], [ -97.952975, 30.223472 ], [ -97.953085, 30.223418 ], [ -97.953309, 30.223307 ], [ -97.954972, 30.222571 ], [ -97.955914, 30.221991 ], [ -97.956823, 30.22141 ], [ -97.959316, 30.219817 ], [ -97.959885, 30.219453 ], [ -97.960736, 30.21891 ], [ -97.962146, 30.217973 ], [ -97.96303, 30.21728 ], [ -97.963754, 30.216682 ], [ -97.965795, 30.214305 ], [ -97.966612, 30.213341 ], [ -97.967567, 30.212238 ], [ -97.96813, 30.211629 ], [ -97.968662, 30.211149 ], [ -97.968767, 30.211053 ], [ -97.969007, 30.210884 ], [ -97.969337, 30.210672 ] ] } },
{ "type": "Feature", "properties": { "LINEARID": "1108296488977", "FULLNAME": "W Ben White Blvd", "RTTYP": "M", "MTFCC": "S1100", "NAME": "Travis" }, "geometry": { "type": "LineString", "coordinates": [ [ -97.752117, 30.216478 ], [ -97.752276, 30.216516 ], [ -97.752577, 30.21661 ], [ -97.752796, 30.216683 ], [ -97.752973, 30.216739 ], [ -97.753138, 30.21681 ], [ -97.753291, 30.216893 ], [ -97.753608, 30.217087 ], [ -97.753779, 30.217205 ], [ -97.754367, 30.217654 ], [ -97.754489, 30.217758 ], [ -97.755091, 30.218241 ], [ -97.755247, 30.218346 ], [ -97.755481, 30.21849 ], [ -97.755783, 30.218667 ], [ -97.756137, 30.218872 ], [ -97.756333, 30.218978 ], [ -97.756587, 30.219108 ], [ -97.756901, 30.219231 ], [ -97.75862, 30.219995 ], [ -97.758687, 30.220032 ], [ -97.759141, 30.220253 ], [ -97.760427, 30.220878 ], [ -97.761567, 30.221457 ], [ -97.761667, 30.221508 ], [ -97.76251, 30.221941 ], [ -97.762582, 30.221978 ], [ -97.763688, 30.222676 ], [ -97.763955, 30.222844 ], [ -97.764149, 30.222964 ], [ -97.764818, 30.223376 ], [ -97.764938, 30.223467 ], [ -97.765354, 30.223783 ], [ -97.765686, 30.224029 ], [ -97.766116, 30.224315 ], [ -97.767242, 30.22507 ], [ -97.767591, 30.225304 ], [ -97.767723, 30.225398 ], [ -97.768078, 30.225628 ], [ -97.768352, 30.225812 ], [ -97.768859, 30.226138 ], [ -97.769164, 30.226343 ], [ -97.769261, 30.226399 ], [ -97.769466, 30.226518 ], [ -97.769661, 30.22662 ], [ -97.769726, 30.226654 ], [ -97.769839, 30.226722 ], [ -97.770278, 30.226915 ], [ -97.770543, 30.227022 ], [ -97.770714, 30.227083 ], [ -97.770921, 30.227145 ], [ -97.771167, 30.227227 ], [ -97.771717, 30.227378 ], [ -97.771992, 30.227442 ], [ -97.772065, 30.227459 ], [ -97.772331, 30.227531 ], [ -97.772723, 30.227583 ], [ -97.772955, 30.227609 ], [ -97.773438, 30.227638 ], [ -97.775924, 30.227586 ], [ -97.776418, 30.227581 ], [ -97.776492, 30.22758 ], [ -97.776594, 30.227581 ], [ -97.777694, 30.227593 ], [ -97.778947, 30.227655 ], [ -97.779489, 30.227682 ], [ -97.779842, 30.227698 ], [ -97.78129, 30.227762 ], [ -97.781323, 30.227763 ], [ -97.781731, 30.22779 ], [ -97.782375, 30.227852 ], [ -97.783232, 30.227979 ], [ -97.783704, 30.228084 ], [ -97.784368, 30.228256 ], [ -97.784406, 30.228267 ], [ -97.784983, 30.228429 ], [ -97.785603, 30.22864 ], [ -97.785974, 30.228782 ], [ -97.786096, 30.228845 ], [ -97.786569, 30.229044 ], [ -97.786915, 30.229205 ], [ -97.787149, 30.229309 ], [ -97.788191, 30.229827 ], [ -97.788341, 30.229902 ], [ -97.788456, 30.229956 ], [ -97.789854, 30.230617 ], [ -97.79118, 30.231207 ], [ -97.791793, 30.23151 ], [ -97.792001, 30.231613 ], [ -97.792882, 30.232051 ], [ -97.793453, 30.232338 ] ] } },
{ "type": "Feature", "properties": { "LINEARID": "1106087431878", "FULLNAME": "W US Hwy 290", "RTTYP": "U", "MTFCC": "S1200", "NAME": "Travis" }, "geometry": { "type": "LineString", "coordinates": [ [ -97.8566, 30.235513 ], [ -97.85753, 30.235477 ], [ -97.857848, 30.235465 ], [ -97.85811, 30.235463 ], [ -97.859454, 30.23545 ], [ -97.859964, 30.23541 ], [ -97.860328, 30.235349 ], [ -97.860644, 30.235296 ] ] } },
{ "type": "Feature", "properties": { "LINEARID": "1106087317622", "FULLNAME": "State Hwy 71", "RTTYP": "S", "MTFCC": "S1200", "NAME": "Travis" }, "geometry": { "type": "Point", "coordinates": [ -97.529459, 30.176339 ] } },
{ "type": "Feature", "properties": { "LINEARID": "1104475062561", "FULLNAME": "I- 35", "RTTYP": "I", "MTFCC": "S1100", "NAME": "Travis" }, "geometry": { "type": "LineString", "coordinates": [ [ -97.813515, 30.098842 ], [ -97.812978, 30.099983 ], [ -97.812392, 30.101234 ], [ -97.812357, 30.101309 ], [ -97.811764, 30.102541 ], [ -97.81117, 30.103777 ], [ -97.811099, 30.103925 ], [ -97.810609, 30.104949 ], [ -97.810498, 30.10518 ], [ -97.809904, 30.106417 ], [ -97.809354, 30.107562 ], [ -97.808735, 30.109011 ], [ -97.808522, 30.109507 ], [ -97.808154, 30.110304 ], [ -97.807851, 30.110961 ], [ -97.807746, 30.111188 ], [ -97.807563, 30.111586 ], [ -97.807152, 30.112477 ], [ -97.806389, 30.114335 ], [ -97.805848, 30.115678 ], [ -97.805553, 30.116412 ], [ -97.805298, 30.117047 ], [ -97.804651, 30.118657 ], [ -97.804614, 30.118749 ], [ -97.804447, 30.119164 ], [ -97.804438, 30.119186 ], [ -97.804345, 30.119418 ], [ -97.803645, 30.121172 ], [ -97.802977, 30.122845 ], [ -97.802482, 30.124086 ], [ -97.801957, 30.125403 ], [ -97.801384, 30.126892 ], [ -97.800974, 30.12794 ], [ -97.800797, 30.12839 ], [ -97.80025, 30.129705 ], [ -97.800164, 30.129909 ], [ -97.799969, 30.130376 ], [ -97.799667, 30.131117 ], [ -97.799437, 30.13168 ], [ -97.799151, 30.132381 ], [ -97.798702, 30.133625 ], [ -97.798495, 30.134198 ], [ -97.798433, 30.13437 ], [ -97.798395, 30.134466 ], [ -97.797997, 30.135477 ], [ -97.797397, 30.136995 ], [ -97.797372, 30.137058 ], [ -97.797019, 30.13795 ], [ -97.796505, 30.139266 ], [ -97.796432, 30.139452 ], [ -97.796158, 30.140152 ], [ -97.796142, 30.140204 ], [ -97.795998, 30.140674 ], [ -97.795943, 30.140855 ], [ -97.795785, 30.141288 ], [ -97.795503, 30.142064 ], [ -97.795488, 30.142104 ], [ -97.795128, 30.143089 ], [ -97.794508, 30.14479 ], [ -97.79403, 30.146098 ], [ -97.793685, 30.147042 ], [ -97.792996, 30.148932 ], [ -97.792709, 30.149718 ], [ -97.792255, 30.151205 ], [ -97.791793, 30.152745 ], [ -97.79162, 30.153294 ], [ -97.791527, 30.153647 ], [ -97.791328, 30.154397 ], [ -97.790827, 30.156009 ], [ -97.790769, 30.156212 ], [ -97.790371, 30.157576 ], [ -97.790306, 30.157795 ], [ -97.790082, 30.158637 ], [ -97.790047, 30.158772 ], [ -97.789826, 30.159482 ], [ -97.789714, 30.159788 ], [ -97.789551, 30.160226 ], [ -97.789191, 30.1612 ], [ -97.788874, 30.16206 ], [ -97.788749, 30.16235 ], [ -97.788722, 30.162414 ], [ -97.788215, 30.163529 ], [ -97.78788, 30.164224 ], [ -97.787853, 30.164264 ], [ -97.787544, 30.164913 ], [ -97.787408, 30.165171 ], [ -97.786564, 30.166491 ], [ -97.786333, 30.166851 ], [ -97.786254, 30.166975 ], [ -97.786167, 30.16711 ], [ -97.786072, 30.167257 ], [ -97.78585, 30.167598 ], [ -97.785303, 30.16843 ], [ -97.784747, 30.169291 ], [ -97.783949, 30.170524 ], [ -97.783536, 30.171179 ], [ -97.783097, 30.171835 ], [ -97.782851, 30.172202 ], [ -97.782335, 30.172975 ], [ -97.781776, 30.17383 ], [ -97.780981, 30.175041 ], [ -97.779941, 30.176621 ], [ -97.779626, 30.177101 ], [ -97.778106, 30.179411 ], [ -97.777738, 30.17997 ], [ -97.776317, 30.182129 ], [ -97.77559, 30.183236 ], [ -97.77471, 30.184525 ], [ -97.773177, 30.18689 ], [ -97.772955, 30.187222 ], [ -97.772336, 30.188149 ], [ -97.771686, 30.189003 ], [ -97.770602, 30.19043 ], [ -97.770561, 30.190481 ], [ -97.770518, 30.190537 ], [ -97.769864, 30.191389 ], [ -97.769063, 30.192435 ], [ -97.767803, 30.194007 ], [ -97.767447, 30.194454 ], [ -97.766356, 30.195818 ], [ -97.765525, 30.196887 ], [ -97.765028, 30.197527 ], [ -97.764879, 30.197719 ], [ -97.764208, 30.198526 ], [ -97.763396, 30.199506 ], [ -97.761906, 30.201307 ], [ -97.761649, 30.201682 ], [ -97.761631, 30.201708 ], [ -97.760885, 30.202639 ], [ -97.760445, 30.20317 ], [ -97.75999, 30.203721 ], [ -97.759334, 30.204511 ], [ -97.758624, 30.205369 ], [ -97.75835, 30.205699 ], [ -97.757742, 30.20652 ], [ -97.757298, 30.207069 ], [ -97.756503, 30.2082 ], [ -97.756043, 30.208958 ], [ -97.755955, 30.209102 ], [ -97.755604, 30.209684 ], [ -97.754889, 30.210818 ], [ -97.753459, 30.213095 ], [ -97.752856, 30.214045 ], [ -97.752655, 30.214413 ], [ -97.752073, 30.215394 ], [ -97.752024, 30.215473 ], [ -97.751925, 30.215613 ], [ -97.751445, 30.216309 ], [ -97.751423, 30.216346 ], [ -97.751287, 30.216572 ], [ -97.751084, 30.216911 ], [ -97.750962, 30.217113 ], [ -97.75063, 30.217671 ], [ -97.750593, 30.217732 ], [ -97.75006, 30.218688 ], [ -97.749385, 30.219891 ], [ -97.748372, 30.221705 ], [ -97.748027, 30.222313 ], [ -97.747992, 30.222373 ], [ -97.747496, 30.223232 ], [ -97.747455, 30.223299 ], [ -97.746996, 30.224071 ], [ -97.745672, 30.226307 ], [ -97.745333, 30.226892 ], [ -97.744814, 30.227772 ], [ -97.744434, 30.228417 ], [ -97.742623, 30.231499 ], [ -97.742295, 30.232037 ], [ -97.741898, 30.232689 ], [ -97.741273, 30.233771 ], [ -97.740861, 30.234475 ], [ -97.740233, 30.235549 ], [ -97.738654, 30.238242 ], [ -97.738416, 30.238649 ], [ -97.738391, 30.238692 ], [ -97.738212, 30.238976 ], [ -97.737484, 30.240135 ], [ -97.737023, 30.24088 ], [ -97.736969, 30.240953 ], [ -97.736403, 30.241929 ], [ -97.73594, 30.242684 ], [ -97.735874, 30.242815 ], [ -97.735631, 30.243214 ], [ -97.735467, 30.243563 ], [ -97.735307, 30.243955 ], [ -97.735261, 30.244083 ], [ -97.735142, 30.244414 ], [ -97.735037, 30.244959 ], [ -97.735021, 30.24544 ], [ -97.735028, 30.245863 ], [ -97.735125, 30.246374 ], [ -97.735248, 30.247021 ], [ -97.735339, 30.247501 ], [ -97.735412, 30.247888 ], [ -97.73544, 30.24802 ], [ -97.735603, 30.248791 ], [ -97.73569, 30.249195 ], [ -97.735822, 30.249809 ], [ -97.735932, 30.250322 ], [ -97.735994, 30.250611 ], [ -97.736002, 30.25065 ], [ -97.73615, 30.251322 ], [ -97.736166, 30.251412 ], [ -97.73625, 30.251868 ], [ -97.736292, 30.25207 ], [ -97.736375, 30.252477 ], [ -97.736657, 30.253851 ], [ -97.736894, 30.254951 ], [ -97.737098, 30.255989 ], [ -97.737258, 30.257128 ], [ -97.73727, 30.257326 ], [ -97.737281, 30.257522 ], [ -97.73728, 30.257764 ], [ -97.737293, 30.258163 ], [ -97.737298, 30.258262 ], [ -97.73724, 30.258816 ], [ -97.737174, 30.259136 ], [ -97.736885, 30.260143 ], [ -97.736553, 30.261207 ], [ -97.736517, 30.261317 ], [ -97.736269, 30.261855 ], [ -97.735747, 30.262956 ], [ -97.735566, 30.2634 ], [ -97.7355, 30.263587 ], [ -97.735426, 30.263796 ], [ -97.735412, 30.263845 ], [ -97.735384, 30.26394 ], [ -97.735378, 30.263962 ], [ -97.735331, 30.264121 ], [ -97.735288, 30.264269 ], [ -97.735067, 30.264861 ], [ -97.734722, 30.265792 ], [ -97.734387, 30.26669 ], [ -97.734372, 30.266732 ], [ -97.734037, 30.267646 ], [ -97.733998, 30.267753 ], [ -97.733693, 30.268582 ], [ -97.733318, 30.269607 ], [ -97.732996, 30.270465 ], [ -97.732538, 30.271719 ], [ -97.732498, 30.271846 ], [ -97.732131, 30.272874 ], [ -97.731843, 30.273649 ], [ -97.731631, 30.274341 ], [ -97.731578, 30.274529 ], [ -97.731522, 30.274725 ], [ -97.731446, 30.274927 ], [ -97.731404, 30.275039 ], [ -97.73118, 30.275853 ], [ -97.730968, 30.276458 ], [ -97.730786, 30.276914 ], [ -97.730048, 30.278506 ], [ -97.729339, 30.27993 ], [ -97.72899, 30.280654 ], [ -97.727938, 30.282316 ], [ -97.727807, 30.282502 ], [ -97.727401, 30.283078 ], [ -97.726883, 30.28384 ], [ -97.725798, 30.285441 ], [ -97.725583, 30.285778 ], [ -97.725149, 30.286457 ], [ -97.72508, 30.286556 ], [ -97.725, 30.286681 ], [ -97.724784, 30.287018 ], [ -97.724229, 30.287895 ], [ -97.724165, 30.287998 ], [ -97.724034, 30.288212 ], [ -97.723727, 30.288695 ], [ -97.723375, 30.289242 ], [ -97.723043, 30.289756 ], [ -97.720991, 30.292907 ], [ -97.720587, 30.29355 ], [ -97.72013, 30.294284 ], [ -97.719719, 30.294945 ], [ -97.718081, 30.297611 ], [ -97.717293, 30.298849 ], [ -97.716574, 30.29999 ], [ -97.716422, 30.300222 ], [ -97.715352, 30.301874 ], [ -97.715329, 30.301911 ], [ -97.715267, 30.302011 ], [ -97.715213, 30.302096 ], [ -97.714273, 30.303605 ], [ -97.714078, 30.303918 ], [ -97.712923, 30.305707 ], [ -97.712523, 30.306332 ], [ -97.712423, 30.306487 ], [ -97.711825, 30.307417 ], [ -97.710885, 30.308911 ], [ -97.710448, 30.30959 ], [ -97.710392, 30.309671 ], [ -97.710339, 30.30975 ], [ -97.710296, 30.309815 ], [ -97.710226, 30.309915 ], [ -97.710032, 30.310249 ], [ -97.70943, 30.311346 ], [ -97.708682, 30.312848 ], [ -97.708594, 30.31312 ], [ -97.708159, 30.314444 ], [ -97.7079, 30.315224 ], [ -97.707709, 30.316199 ], [ -97.707548, 30.317672 ], [ -97.70752, 30.317831 ], [ -97.707507, 30.317914 ], [ -97.707254, 30.319258 ], [ -97.707164, 30.319994 ], [ -97.707075, 30.320675 ], [ -97.706999, 30.321387 ], [ -97.706986, 30.321542 ], [ -97.706891, 30.321963 ], [ -97.706858, 30.322197 ], [ -97.706831, 30.322492 ], [ -97.706813, 30.322605 ], [ -97.706805, 30.322764 ], [ -97.706782, 30.322922 ], [ -97.706635, 30.324356 ], [ -97.706425, 30.325663 ], [ -97.706222, 30.326935 ], [ -97.706195, 30.32711 ], [ -97.706085, 30.327666 ], [ -97.705815, 30.329039 ], [ -97.705626, 30.329719 ], [ -97.705467, 30.330291 ], [ -97.705225, 30.330911 ], [ -97.704995, 30.331426 ], [ -97.704792, 30.331884 ], [ -97.704502, 30.332414 ], [ -97.704388, 30.332622 ], [ -97.704275, 30.332831 ], [ -97.704172, 30.333018 ], [ -97.702729, 30.335253 ], [ -97.702383, 30.335765 ], [ -97.702141, 30.336156 ], [ -97.701262, 30.337579 ], [ -97.701013, 30.337978 ], [ -97.700485, 30.338825 ], [ -97.700363, 30.339002 ], [ -97.700293, 30.339113 ], [ -97.700259, 30.339168 ], [ -97.700221, 30.339224 ], [ -97.70016, 30.339315 ], [ -97.700142, 30.339341 ], [ -97.700081, 30.339432 ], [ -97.699968, 30.339599 ], [ -97.699449, 30.340421 ], [ -97.699235, 30.340763 ], [ -97.69894, 30.341236 ], [ -97.697739, 30.343137 ], [ -97.69719, 30.344018 ], [ -97.697159, 30.344068 ], [ -97.696888, 30.344504 ], [ -97.696806, 30.344635 ], [ -97.696274, 30.345483 ], [ -97.695249, 30.34709 ], [ -97.695074, 30.347371 ], [ -97.694901, 30.34765 ], [ -97.694896, 30.347658 ], [ -97.694557, 30.348203 ], [ -97.69393, 30.349172 ], [ -97.693602, 30.349704 ], [ -97.693362, 30.350093 ], [ -97.692562, 30.35135 ], [ -97.691775, 30.352486 ], [ -97.691201, 30.353354 ], [ -97.691118, 30.353487 ], [ -97.691076, 30.353555 ], [ -97.690437, 30.354593 ], [ -97.68972, 30.355722 ], [ -97.689122, 30.356659 ], [ -97.688973, 30.356892 ], [ -97.688609, 30.357462 ], [ -97.688288, 30.357962 ], [ -97.688206, 30.358098 ], [ -97.688152, 30.358191 ], [ -97.688109, 30.358259 ], [ -97.688049, 30.358357 ], [ -97.686745, 30.360467 ], [ -97.686444, 30.360955 ], [ -97.686166, 30.361403 ], [ -97.685501, 30.362453 ], [ -97.684891, 30.36342 ], [ -97.684297, 30.364359 ], [ -97.683225, 30.366078 ], [ -97.682833, 30.366705 ], [ -97.682318, 30.367476 ], [ -97.681512, 30.36868 ], [ -97.681335, 30.368955 ], [ -97.681153, 30.369234 ], [ -97.680712, 30.369949 ], [ -97.680413, 30.370434 ], [ -97.678584, 30.373403 ], [ -97.678044, 30.374212 ], [ -97.677789, 30.374594 ], [ -97.676637, 30.376316 ], [ -97.676155, 30.377057 ], [ -97.675498, 30.37821 ], [ -97.675233, 30.378686 ], [ -97.674907, 30.379309 ], [ -97.674666, 30.379851 ], [ -97.674636, 30.379916 ], [ -97.674573, 30.380114 ], [ -97.674392, 30.380696 ], [ -97.674379, 30.380728 ], [ -97.67426, 30.381116 ], [ -97.674236, 30.381217 ], [ -97.67415, 30.38159 ], [ -97.674065, 30.381964 ], [ -97.673867, 30.382761 ], [ -97.673681, 30.383648 ], [ -97.67341, 30.38479 ], [ -97.67309, 30.386136 ], [ -97.672595, 30.388202 ], [ -97.672565, 30.388382 ], [ -97.672551, 30.388437 ], [ -97.672229, 30.38979 ], [ -97.671752, 30.391862 ], [ -97.671677, 30.392907 ], [ -97.671643, 30.393388 ], [ -97.671674, 30.393813 ], [ -97.671734, 30.394422 ], [ -97.671774, 30.394759 ], [ -97.671903, 30.395235 ], [ -97.672844, 30.397782 ], [ -97.673404, 30.39892 ], [ -97.673447, 30.399007 ], [ -97.673455, 30.399024 ], [ -97.673529, 30.399174 ], [ -97.673564, 30.399246 ], [ -97.673587, 30.399294 ], [ -97.673674, 30.399479 ], [ -97.67369, 30.399512 ], [ -97.673913, 30.399982 ], [ -97.674175, 30.400505 ], [ -97.674386, 30.400949 ], [ -97.67454, 30.401337 ], [ -97.67479, 30.402071 ], [ -97.674928, 30.402572 ], [ -97.674988, 30.402905 ], [ -97.675058, 30.403292 ], [ -97.675079, 30.403409 ], [ -97.67517, 30.404986 ], [ -97.675192, 30.405388 ], [ -97.675045, 30.406315 ], [ -97.674716, 30.407991 ], [ -97.674619, 30.408499 ], [ -97.674388, 30.409712 ], [ -97.674135, 30.411109 ], [ -97.673939, 30.412027 ], [ -97.673477, 30.414514 ], [ -97.67333, 30.415291 ], [ -97.673125, 30.41638 ], [ -97.672797, 30.418002 ], [ -97.672637, 30.418931 ], [ -97.672417, 30.420101 ], [ -97.67241, 30.420165 ], [ -97.672395, 30.420219 ], [ -97.672174, 30.421386 ], [ -97.67201, 30.422248 ], [ -97.671817, 30.423246 ], [ -97.671704, 30.423876 ], [ -97.671618, 30.424301 ], [ -97.671594, 30.424418 ], [ -97.671242, 30.426265 ], [ -97.670955, 30.427692 ], [ -97.670767, 30.428766 ], [ -97.670341, 30.431032 ], [ -97.670181, 30.431864 ], [ -97.669908, 30.433264 ], [ -97.669576, 30.435053 ], [ -97.66913, 30.437431 ], [ -97.668898, 30.438618 ], [ -97.668758, 30.439291 ], [ -97.668566, 30.440291 ], [ -97.668539, 30.440435 ], [ -97.66851, 30.440593 ], [ -97.668487, 30.440725 ], [ -97.668288, 30.441853 ], [ -97.668135, 30.442739 ], [ -97.668078, 30.443073 ], [ -97.667875, 30.444031 ], [ -97.667752, 30.444673 ], [ -97.667525, 30.446004 ], [ -97.667384, 30.44673 ], [ -97.667346, 30.446919 ], [ -97.667088, 30.448223 ], [ -97.666961, 30.448803 ], [ -97.666851, 30.44931 ], [ -97.666629, 30.450441 ], [ -97.666448, 30.451513 ], [ -97.666313, 30.452522 ], [ -97.666275, 30.453407 ], [ -97.666277, 30.454084 ], [ -97.666287, 30.454428 ], [ -97.666425, 30.45552 ], [ -97.666473, 30.455831 ], [ -97.666493, 30.455964 ], [ -97.666503, 30.456035 ], [ -97.66653, 30.456223 ], [ -97.666593, 30.456645 ], [ -97.666611, 30.456709 ], [ -97.666958, 30.45799 ], [ -97.667387, 30.459353 ], [ -97.667432, 30.459496 ], [ -97.667852, 30.460821 ], [ -97.667932, 30.461073 ], [ -97.668456, 30.462733 ], [ -97.66881, 30.463853 ], [ -97.6694, 30.465645 ], [ -97.669595, 30.466265 ], [ -97.669795, 30.466902 ], [ -97.669919, 30.467313 ], [ -97.669997, 30.467588 ], [ -97.670163, 30.468125 ], [ -97.670546, 30.469358 ], [ -97.670582, 30.469475 ], [ -97.670706, 30.469875 ], [ -97.671397, 30.47207 ], [ -97.671503, 30.472405 ], [ -97.671568, 30.472616 ], [ -97.671911, 30.473635 ], [ -97.672017, 30.473951 ], [ -97.672138, 30.474386 ], [ -97.672249, 30.474759 ], [ -97.672312, 30.474949 ], [ -97.672516, 30.475568 ], [ -97.673779, 30.479567 ], [ -97.673837, 30.47975 ], [ -97.673946, 30.480093 ] ] } },
{ "type": "Feature", "properties": { "LINEARID": "1108296492073", "FULLNAME": "State Loop 1", "RTTYP": "S", "MTFCC": "S1100", "NAME": "Travis" }, "geometry": { "type": "LineString", "coordinates": [ [ -97.770617, 30.274964 ], [ -97.770593, 30.275 ], [ -97.770535, 30.275084 ], [ -97.770121, 30.275655 ], [ -97.770043, 30.275763 ], [ -97.76957, 30.276415 ], [ -97.769391, 30.276639 ], [ -97.769356, 30.276686 ], [ -97.769218, 30.276862 ], [ -97.769139, 30.276963 ], [ -97.769005, 30.277135 ], [ -97.768888, 30.277296 ], [ -97.768827, 30.277381 ], [ -97.768774, 30.277453 ], [ -97.768607, 30.277677 ], [ -97.768127, 30.278308 ], [ -97.768066, 30.278387 ], [ -97.76805, 30.27842 ], [ -97.767371, 30.279404 ], [ -97.767335, 30.279461 ], [ -97.767294, 30.279529 ], [ -97.766941, 30.280125 ], [ -97.765725, 30.282603 ], [ -97.765292, 30.283455 ], [ -97.76515, 30.283722 ], [ -97.765076, 30.283839 ], [ -97.764366, 30.284963 ], [ -97.763742, 30.285877 ], [ -97.762835, 30.287169 ], [ -97.762183, 30.288096 ], [ -97.761126, 30.289668 ], [ -97.760826, 30.290154 ], [ -97.760487, 30.290708 ], [ -97.76025, 30.29121 ], [ -97.760063, 30.291609 ], [ -97.759841, 30.292083 ], [ -97.759816, 30.292138 ], [ -97.759692, 30.292469 ], [ -97.759144, 30.294215 ], [ -97.758905, 30.295126 ], [ -97.758608, 30.296264 ], [ -97.758081, 30.298234 ], [ -97.75803, 30.298838 ], [ -97.758004, 30.29909 ], [ -97.757994, 30.299313 ], [ -97.758003, 30.299712 ], [ -97.758037, 30.300045 ], [ -97.758066, 30.300428 ], [ -97.758227, 30.302096 ], [ -97.758254, 30.302291 ], [ -97.758294, 30.302699 ], [ -97.758314, 30.303002 ], [ -97.758307, 30.303247 ], [ -97.75828, 30.303519 ], [ -97.758266, 30.303749 ], [ -97.758174, 30.304388 ], [ -97.758029, 30.305089 ], [ -97.757894, 30.305684 ], [ -97.757631, 30.306979 ], [ -97.757276, 30.308547 ], [ -97.757179, 30.308968 ], [ -97.756926, 30.310469 ], [ -97.756746, 30.312008 ], [ -97.756667, 30.312769 ], [ -97.756653, 30.312873 ], [ -97.756518, 30.313959 ], [ -97.756434, 30.314638 ], [ -97.755988, 30.318202 ], [ -97.755932, 30.31865 ], [ -97.755807, 30.319712 ], [ -97.755708, 30.321363 ], [ -97.755706, 30.321461 ], [ -97.755662, 30.323419 ], [ -97.755629, 30.324833 ], [ -97.755625, 30.325005 ], [ -97.755599, 30.326455 ], [ -97.755531, 30.330749 ], [ -97.755461, 30.332333 ], [ -97.755384, 30.335395 ], [ -97.755373, 30.335603 ], [ -97.75533, 30.335951 ], [ -97.755293, 30.33627 ], [ -97.755277, 30.336413 ], [ -97.755165, 30.33695 ], [ -97.755111, 30.337157 ], [ -97.754967, 30.337664 ], [ -97.754898, 30.337904 ], [ -97.754438, 30.338833 ], [ -97.750508, 30.346743 ], [ -97.749613, 30.348736 ], [ -97.749399, 30.349358 ], [ -97.749252, 30.349823 ], [ -97.749135, 30.350294 ], [ -97.74897, 30.351068 ], [ -97.748839, 30.35172 ], [ -97.748618, 30.352264 ], [ -97.748547, 30.352422 ], [ -97.748342, 30.352765 ], [ -97.748176, 30.353036 ], [ -97.747946, 30.35335 ], [ -97.747875, 30.353456 ], [ -97.747746, 30.353646 ], [ -97.74754, 30.353906 ], [ -97.747329, 30.354091 ], [ -97.746865, 30.354836 ], [ -97.746641, 30.355238 ], [ -97.746464, 30.35554 ], [ -97.746178, 30.356168 ], [ -97.746131, 30.356273 ], [ -97.745807, 30.357255 ], [ -97.745745, 30.357375 ], [ -97.744851, 30.360077 ], [ -97.744684, 30.360579 ], [ -97.744476, 30.36121 ], [ -97.744438, 30.361299 ], [ -97.74395, 30.362395 ], [ -97.743326, 30.363989 ], [ -97.74319, 30.364413 ], [ -97.743043, 30.365012 ], [ -97.742444, 30.367783 ], [ -97.742361, 30.368137 ], [ -97.742312, 30.368347 ], [ -97.742149, 30.368817 ], [ -97.74173, 30.369893 ], [ -97.741469, 30.370553 ], [ -97.741458, 30.370582 ], [ -97.741216, 30.371139 ], [ -97.740892, 30.371887 ], [ -97.740877, 30.371921 ], [ -97.740786, 30.372171 ], [ -97.740592, 30.372699 ], [ -97.740143, 30.374151 ], [ -97.739851, 30.374809 ], [ -97.739799, 30.374925 ], [ -97.739107, 30.376481 ], [ -97.738011, 30.378775 ], [ -97.737935, 30.378928 ], [ -97.73781, 30.37918 ], [ -97.737784, 30.379233 ], [ -97.737704, 30.379401 ], [ -97.737616, 30.379582 ], [ -97.73759, 30.379639 ], [ -97.737497, 30.37984 ], [ -97.737453, 30.379929 ], [ -97.737378, 30.380077 ], [ -97.737146, 30.380614 ], [ -97.736925, 30.381087 ], [ -97.736809, 30.381337 ], [ -97.736273, 30.382481 ], [ -97.736182, 30.382685 ], [ -97.735788, 30.383708 ], [ -97.735336, 30.385016 ], [ -97.735133, 30.385885 ], [ -97.734891, 30.386841 ], [ -97.734458, 30.388543 ], [ -97.734172, 30.389679 ], [ -97.734144, 30.389788 ], [ -97.734123, 30.389873 ], [ -97.734114, 30.389911 ], [ -97.734062, 30.390125 ], [ -97.733359, 30.392683 ], [ -97.733063, 30.39376 ], [ -97.732926, 30.394316 ], [ -97.732842, 30.394661 ], [ -97.732557, 30.395691 ], [ -97.73242, 30.396121 ], [ -97.732002, 30.397171 ], [ -97.731932, 30.397305 ], [ -97.731484, 30.398151 ], [ -97.731395, 30.398296 ], [ -97.731168, 30.398723 ], [ -97.730517, 30.399654 ], [ -97.730441, 30.399766 ], [ -97.729618, 30.400778 ], [ -97.728772, 30.40169 ], [ -97.728532, 30.401952 ], [ -97.728362, 30.402142 ], [ -97.728266, 30.402233 ], [ -97.728135, 30.402357 ], [ -97.72806, 30.402428 ], [ -97.726984, 30.403423 ], [ -97.725862, 30.40431 ], [ -97.724498, 30.405223 ], [ -97.72381, 30.405682 ], [ -97.721993, 30.406671 ], [ -97.720569, 30.407313 ], [ -97.719869, 30.40756 ], [ -97.718912, 30.407841 ], [ -97.717731, 30.407998 ], [ -97.716166, 30.408244 ], [ -97.715924, 30.408277 ], [ -97.71431, 30.408632 ], [ -97.713832, 30.408766 ], [ -97.713481, 30.408882 ], [ -97.713075, 30.409022 ], [ -97.712548, 30.409243 ], [ -97.712328, 30.409351 ], [ -97.71172, 30.409649 ], [ -97.71154, 30.409746 ], [ -97.711021, 30.410026 ], [ -97.710647, 30.410308 ], [ -97.710542, 30.410387 ], [ -97.710156, 30.410701 ], [ -97.709798, 30.411033 ], [ -97.709711, 30.411113 ], [ -97.70861, 30.412174 ], [ -97.707628, 30.413169 ], [ -97.706964, 30.413879 ], [ -97.706545, 30.414354 ], [ -97.706236, 30.41476 ], [ -97.705643, 30.415857 ], [ -97.705109, 30.417347 ], [ -97.704281, 30.419663 ], [ -97.704109, 30.420193 ], [ -97.704077, 30.420292 ], [ -97.704044, 30.420384 ], [ -97.703548, 30.421763 ], [ -97.703535, 30.421823 ], [ -97.703202, 30.422713 ], [ -97.702915, 30.423595 ], [ -97.70216, 30.425853 ], [ -97.701574, 30.427716 ], [ -97.700701, 30.430465 ], [ -97.700626, 30.430702 ], [ -97.700562, 30.430909 ], [ -97.700217, 30.431841 ], [ -97.699847, 30.432841 ], [ -97.699435, 30.434237 ], [ -97.699402, 30.434367 ], [ -97.699203, 30.435639 ], [ -97.699099, 30.436576 ], [ -97.698916, 30.43788 ], [ -97.698797, 30.438405 ], [ -97.698519, 30.439279 ], [ -97.698249, 30.440058 ], [ -97.698202, 30.440208 ], [ -97.698147, 30.440354 ], [ -97.698098, 30.440472 ], [ -97.697485, 30.44195 ], [ -97.696921, 30.443421 ], [ -97.696603, 30.444542 ], [ -97.696341, 30.445679 ], [ -97.696245, 30.446219 ], [ -97.696221, 30.446942 ], [ -97.69617, 30.4479 ], [ -97.696146, 30.44899 ], [ -97.696151, 30.449411 ], [ -97.696151, 30.449438 ], [ -97.696153, 30.449617 ], [ -97.696155, 30.449766 ], [ -97.696165, 30.449929 ], [ -97.696234, 30.450791 ], [ -97.696351, 30.451781 ], [ -97.696405, 30.452096 ], [ -97.696514, 30.452724 ], [ -97.696689, 30.453505 ], [ -97.696875, 30.454157 ], [ -97.697189, 30.455182 ], [ -97.697562, 30.4563 ], [ -97.698098, 30.457814 ], [ -97.698704, 30.459643 ], [ -97.698916, 30.460338 ] ] } },
{ "type": "Feature", "properties": { "LINEARID": "1108296492730", "FULLNAME": "US Hwy 183", "RTTYP": "U", "MTFCC": "S1100", "NAME": "Travis" }, "geometry": { "type": "LineString", "coordinates": [ [ -97.661324, 30.309114 ], [ -97.661453, 30.30966 ], [ -97.661644, 30.310469 ], [ -97.661824, 30.311233 ], [ -97.661999, 30.311974 ], [ -97.662197, 30.312858 ], [ -97.662343, 30.313512 ], [ -97.662675, 30.314998 ], [ -97.662722, 30.315166 ], [ -97.662893, 30.31577 ], [ -97.662942, 30.3159 ], [ -97.663016, 30.316097 ], [ -97.663133, 30.31638 ], [ -97.663146, 30.316427 ], [ -97.663441, 30.317044 ], [ -97.663578, 30.317302 ], [ -97.663764, 30.317628 ], [ -97.664242, 30.318339 ], [ -97.664723, 30.318913 ], [ -97.665657, 30.319818 ], [ -97.666522, 30.32064 ], [ -97.666616, 30.32073 ], [ -97.669199, 30.322613 ], [ -97.670236, 30.323352 ], [ -97.67035, 30.323448 ], [ -97.670464, 30.323543 ], [ -97.671151, 30.324128 ], [ -97.671586, 30.324462 ], [ -97.671973, 30.324758 ], [ -97.672217, 30.32497 ], [ -97.672429, 30.325104 ], [ -97.672558, 30.325188 ], [ -97.67296, 30.325496 ], [ -97.673009, 30.325536 ], [ -97.673031, 30.325555 ], [ -97.673141, 30.325646 ], [ -97.673228, 30.32572 ], [ -97.673759, 30.326068 ], [ -97.67392, 30.326152 ], [ -97.674101, 30.32628 ], [ -97.674169, 30.326333 ], [ -97.675278, 30.327185 ], [ -97.675958, 30.327626 ], [ -97.676855, 30.328153 ], [ -97.677517, 30.328505 ], [ -97.678352, 30.328961 ], [ -97.678892, 30.329217 ], [ -97.679034, 30.329303 ], [ -97.680138, 30.329864 ], [ -97.680626, 30.330116 ], [ -97.680757, 30.330183 ], [ -97.681339, 30.330475 ], [ -97.681992, 30.330817 ], [ -97.683803, 30.331599 ], [ -97.68443, 30.331877 ], [ -97.685682, 30.332376 ], [ -97.686199, 30.332549 ], [ -97.686255, 30.332568 ], [ -97.686345, 30.332598 ], [ -97.686384, 30.332617 ], [ -97.686712, 30.332777 ], [ -97.687358, 30.333055 ], [ -97.688487, 30.333574 ], [ -97.689387, 30.333988 ], [ -97.691179, 30.334831 ], [ -97.692259, 30.335321 ], [ -97.692363, 30.335368 ], [ -97.693271, 30.335828 ], [ -97.695464, 30.33687 ], [ -97.697076, 30.337672 ], [ -97.699005, 30.338616 ], [ -97.699395, 30.338863 ], [ -97.699422, 30.338879 ], [ -97.699512, 30.338932 ], [ -97.699625, 30.338999 ], [ -97.699958, 30.339195 ], [ -97.700054, 30.339251 ], [ -97.70016, 30.339315 ], [ -97.7003, 30.339399 ], [ -97.700472, 30.339515 ], [ -97.700553, 30.339569 ], [ -97.700627, 30.339619 ], [ -97.700658, 30.33964 ], [ -97.70097, 30.339889 ], [ -97.701143, 30.340027 ], [ -97.702367, 30.341437 ], [ -97.702597, 30.341702 ], [ -97.703617, 30.3428 ], [ -97.703654, 30.342837 ], [ -97.703945, 30.343077 ], [ -97.704495, 30.343509 ], [ -97.705144, 30.343949 ], [ -97.706705, 30.344887 ], [ -97.7074, 30.345303 ], [ -97.707541, 30.345387 ], [ -97.708295, 30.345784 ], [ -97.708859, 30.346027 ], [ -97.709203, 30.346166 ], [ -97.70957, 30.346314 ], [ -97.710938, 30.346809 ], [ -97.71153, 30.347086 ], [ -97.711875, 30.347296 ], [ -97.711962, 30.34737 ], [ -97.712105, 30.347492 ], [ -97.712336, 30.347698 ], [ -97.71235, 30.347712 ], [ -97.712439, 30.347805 ], [ -97.712527, 30.347895 ], [ -97.712705, 30.348133 ], [ -97.712814, 30.348286 ], [ -97.712827, 30.348328 ], [ -97.713056, 30.348739 ], [ -97.713358, 30.34967 ], [ -97.713987, 30.351613 ], [ -97.714411, 30.353019 ], [ -97.714566, 30.353553 ], [ -97.715038, 30.354982 ], [ -97.715228, 30.35561 ], [ -97.71562, 30.35698 ], [ -97.715742, 30.357408 ], [ -97.716293, 30.359485 ], [ -97.716496, 30.360266 ], [ -97.716549, 30.360467 ], [ -97.716585, 30.360605 ], [ -97.71738, 30.363234 ], [ -97.717542, 30.363771 ], [ -97.717866, 30.36493 ], [ -97.717979, 30.365531 ], [ -97.718107, 30.366208 ], [ -97.718166, 30.366584 ], [ -97.718363, 30.367415 ], [ -97.718657, 30.36817 ], [ -97.718759, 30.368355 ], [ -97.71899, 30.36877 ], [ -97.719029, 30.368833 ], [ -97.71923, 30.369158 ], [ -97.71936, 30.369358 ], [ -97.719461, 30.369492 ], [ -97.719589, 30.369644 ], [ -97.719877, 30.36994 ], [ -97.71997, 30.370036 ], [ -97.720429, 30.370439 ], [ -97.720682, 30.370601 ], [ -97.720868, 30.370728 ], [ -97.721101, 30.370849 ], [ -97.721699, 30.371139 ], [ -97.723804, 30.372043 ], [ -97.723914, 30.372095 ], [ -97.726302, 30.373232 ], [ -97.726497, 30.373325 ], [ -97.72818, 30.374128 ], [ -97.728661, 30.374358 ], [ -97.729496, 30.37479 ], [ -97.731047, 30.375561 ], [ -97.731262, 30.375671 ], [ -97.731776, 30.375934 ], [ -97.732464, 30.376321 ], [ -97.73274, 30.376476 ], [ -97.732836, 30.376532 ], [ -97.733058, 30.376661 ], [ -97.73354, 30.376954 ], [ -97.735073, 30.37797 ], [ -97.735123, 30.378003 ], [ -97.735222, 30.378069 ], [ -97.735851, 30.378486 ], [ -97.736006, 30.378579 ], [ -97.736176, 30.378682 ], [ -97.736293, 30.378753 ], [ -97.736351, 30.378788 ], [ -97.737416, 30.379453 ], [ -97.737616, 30.379582 ], [ -97.737737, 30.37966 ], [ -97.737855, 30.379729 ], [ -97.737901, 30.379756 ], [ -97.737952, 30.379786 ], [ -97.738007, 30.379818 ], [ -97.738187, 30.379923 ], [ -97.738264, 30.37997 ], [ -97.738299, 30.379988 ], [ -97.738447, 30.380071 ], [ -97.739123, 30.380489 ], [ -97.740089, 30.381251 ], [ -97.740871, 30.381987 ], [ -97.7412, 30.382394 ], [ -97.741452, 30.382706 ], [ -97.741729, 30.383135 ], [ -97.741983, 30.383632 ], [ -97.742344, 30.384363 ], [ -97.743704, 30.38708 ], [ -97.743966, 30.387699 ], [ -97.744766, 30.389288 ], [ -97.744886, 30.389525 ], [ -97.744927, 30.389608 ], [ -97.744941, 30.389638 ], [ -97.745452, 30.390523 ], [ -97.745835, 30.391384 ], [ -97.745968, 30.391681 ], [ -97.746012, 30.391867 ], [ -97.746188, 30.392617 ], [ -97.746306, 30.393626 ], [ -97.746314, 30.393868 ], [ -97.74632, 30.394051 ], [ -97.746314, 30.394146 ], [ -97.746297, 30.394358 ], [ -97.746275, 30.394638 ], [ -97.74619, 30.395831 ], [ -97.746114, 30.396908 ], [ -97.746069, 30.397557 ], [ -97.74606, 30.39764 ], [ -97.745988, 30.398268 ], [ -97.745796, 30.399929 ], [ -97.745763, 30.400216 ], [ -97.745748, 30.400345 ], [ -97.745741, 30.400403 ], [ -97.745734, 30.40048 ], [ -97.745712, 30.400708 ], [ -97.745586, 30.402025 ], [ -97.745385, 30.404131 ], [ -97.745096, 30.406864 ], [ -97.744995, 30.407588 ], [ -97.744989, 30.407698 ], [ -97.744978, 30.407882 ], [ -97.744965, 30.408094 ], [ -97.744946, 30.408396 ], [ -97.744945, 30.40883 ], [ -97.744979, 30.409207 ], [ -97.745053, 30.410208 ], [ -97.745254, 30.411249 ], [ -97.745376, 30.412096 ], [ -97.745524, 30.412834 ], [ -97.745932, 30.414863 ], [ -97.74599, 30.41519 ], [ -97.746295, 30.416919 ], [ -97.746655, 30.418832 ], [ -97.746688, 30.419009 ], [ -97.7467, 30.419072 ], [ -97.746748, 30.419314 ], [ -97.747142, 30.42132 ], [ -97.747213, 30.421575 ], [ -97.74749, 30.42229 ], [ -97.747671, 30.422621 ], [ -97.747837, 30.422872 ], [ -97.748052, 30.423145 ], [ -97.748171, 30.423273 ], [ -97.748434, 30.423557 ], [ -97.748602, 30.423737 ], [ -97.748817, 30.423969 ], [ -97.74933, 30.424362 ], [ -97.749533, 30.424487 ], [ -97.749747, 30.424613 ], [ -97.750204, 30.424853 ], [ -97.751636, 30.425558 ], [ -97.753542, 30.426479 ], [ -97.75359, 30.426502 ], [ -97.753615, 30.426514 ], [ -97.753633, 30.426523 ], [ -97.754734, 30.427052 ], [ -97.75494, 30.427159 ], [ -97.755084, 30.427231 ], [ -97.758301, 30.428852 ], [ -97.75896, 30.429183 ], [ -97.759178, 30.429292 ], [ -97.759449, 30.429426 ], [ -97.761716, 30.430546 ], [ -97.762461, 30.43091 ], [ -97.765609, 30.432407 ] ] } },
{ "type": "Feature", "properties": { "LINEARID": "1105320994472", "FULLNAME": "State Hwy 71", "RTTYP": "S", "MTFCC": "S1200", "NAME": "Travis" }, "geometry": { "type": "LineString", "coordinates": [ [ -97.585644, 30.188802 ], [ -97.585522, 30.188818 ], [ -97.582848, 30.189036 ], [ -97.580924, 30.189251 ], [ -97.578577, 30.189464 ], [ -97.577467, 30.189566 ], [ -97.57682, 30.189608 ], [ -97.576337, 30.189613 ], [ -97.575813, 30.189613 ], [ -97.574929, 30.189556 ], [ -97.574166, 30.189465 ], [ -97.572828, 30.189227 ], [ -97.571559, 30.189017 ], [ -97.569689, 30.188716 ], [ -97.568065, 30.18841 ], [ -97.5655, 30.187966 ], [ -97.563259, 30.187584 ], [ -97.562412, 30.187477 ], [ -97.562285, 30.18746 ], [ -97.562089, 30.187423 ], [ -97.558578, 30.187003 ], [ -97.555094, 30.18642 ], [ -97.553891, 30.186209 ], [ -97.553422, 30.186134 ], [ -97.55329, 30.186115 ], [ -97.551565, 30.185789 ], [ -97.550459, 30.185618 ], [ -97.548678, 30.185286 ], [ -97.547543, 30.185089 ], [ -97.545904, 30.184634 ], [ -97.545147, 30.184413 ], [ -97.544661, 30.184226 ], [ -97.543462, 30.183742 ], [ -97.542455, 30.183258 ], [ -97.541529, 30.182742 ], [ -97.541358, 30.182657 ], [ -97.541275, 30.182598 ], [ -97.536096, 30.179847 ], [ -97.53535, 30.179453 ], [ -97.53073, 30.177012 ], [ -97.529486, 30.176369 ], [ -97.529459, 30.176339 ] ] } },
{ "type": "Feature", "properties": { "LINEARID": "110485713619", "FULLNAME": "FM 973", "RTTYP": "O", "MTFCC": "S1200", "NAME": "Travis" }, "geometry": { "type": "LineString", "coordinates": [ [ -97.538659, 30.349161 ], [ -97.538731, 30.349052 ], [ -97.538842, 30.348887 ], [ -97.538909, 30.348789 ], [ -97.539223, 30.34832 ], [ -97.541051, 30.345585 ], [ -97.541228, 30.345312 ], [ -97.54148, 30.344928 ], [ -97.54185, 30.344358 ], [ -97.542164, 30.343877 ], [ -97.542575, 30.343248 ], [ -97.544364, 30.343403 ], [ -97.544915, 30.343451 ], [ -97.544997, 30.343457 ], [ -97.545222, 30.343477 ], [ -97.54572, 30.343519 ], [ -97.545818, 30.343527 ], [ -97.546314, 30.343565 ], [ -97.547215, 30.343571 ], [ -97.547613, 30.343533 ], [ -97.5485, 30.343448 ], [ -97.548698, 30.343381 ], [ -97.549763, 30.343021 ], [ -97.549894, 30.342957 ], [ -97.550561, 30.342599 ], [ -97.551707, 30.341889 ], [ -97.552061, 30.341636 ], [ -97.55221, 30.341503 ], [ -97.552661, 30.341152 ], [ -97.553016, 30.340907 ], [ -97.553183, 30.340804 ], [ -97.553336, 30.340722 ], [ -97.553481, 30.340665 ], [ -97.553858, 30.340537 ], [ -97.554162, 30.340507 ], [ -97.554575, 30.34052 ], [ -97.555626, 30.340712 ], [ -97.556648, 30.340896 ], [ -97.557699, 30.341076 ] ] } },
{ "type": "Feature", "properties": { "LINEARID": "110485908417", "FULLNAME": "State Loop 343", "RTTYP": "S", "MTFCC": "S1200", "NAME": "Travis" }, "geometry": { "type": "LineString", "coordinates": [ [ -97.75773, 30.262943 ], [ -97.757687, 30.262849 ], [ -97.757966, 30.262202 ], [ -97.758049, 30.262139 ] ] } },
{ "type": "Feature", "properties": { "LINEARID": "1104701882894", "FULLNAME": "US Hwy 290", "RTTYP": "U", "MTFCC": "S1200", "NAME": "Travis" }, "geometry": { "type": "LineString", "coordinates": [ [ -97.878296, 30.2314 ], [ -97.879293, 30.230783 ], [ -97.880462, 30.230093 ], [ -97.880928, 30.229876 ], [ -97.881606, 30.229589 ], [ -97.882167, 30.229399 ], [ -97.882828, 30.229233 ], [ -97.883412, 30.229123 ], [ -97.884925, 30.228998 ], [ -97.885168, 30.228978 ], [ -97.887085, 30.229111 ], [ -97.888305, 30.229195 ], [ -97.891424, 30.229535 ], [ -97.89144, 30.229537 ], [ -97.891566, 30.229551 ], [ -97.891602, 30.229555 ], [ -97.893579, 30.229854 ], [ -97.893737, 30.229874 ], [ -97.894208, 30.229935 ], [ -97.894822, 30.230119 ], [ -97.89487, 30.230132 ], [ -97.895557, 30.23032 ], [ -97.898928, 30.231331 ], [ -97.899204, 30.231419 ], [ -97.899461, 30.231501 ], [ -97.899932, 30.231652 ], [ -97.900422, 30.231799 ], [ -97.900803, 30.231927 ], [ -97.900831, 30.231936 ], [ -97.901161, 30.232037 ], [ -97.901189, 30.232045 ], [ -97.901849, 30.232239 ], [ -97.908523, 30.234224 ], [ -97.909356, 30.234439 ], [ -97.910034, 30.234492 ], [ -97.91103, 30.234498 ], [ -97.911076, 30.234498 ], [ -97.912175, 30.234414 ], [ -97.914468, 30.233999 ], [ -97.916132, 30.233698 ], [ -97.91945, 30.233097 ], [ -97.921368, 30.232766 ], [ -97.925981, 30.231971 ], [ -97.927408, 30.231715 ], [ -97.927455, 30.231707 ], [ -97.931796, 30.230978 ], [ -97.934636, 30.230472 ], [ -97.93494, 30.230429 ], [ -97.935803, 30.230267 ], [ -97.936775, 30.230008 ], [ -97.938123, 30.229603 ], [ -97.939672, 30.228966 ], [ -97.940814, 30.228497 ], [ -97.941988, 30.228014 ], [ -97.943662, 30.227339 ], [ -97.944804, 30.226878 ], [ -97.946007, 30.226347 ], [ -97.947344, 30.225757 ], [ -97.949605, 30.224839 ], [ -97.952975, 30.223472 ], [ -97.953085, 30.223418 ], [ -97.953309, 30.223307 ], [ -97.954972, 30.222571 ], [ -97.955914, 30.221991 ], [ -97.956823, 30.22141 ], [ -97.959316, 30.219817 ], [ -97.959885, 30.219453 ], [ -97.960736, 30.21891 ], [ -97.962146, 30.217973 ], [ -97.96303, 30.21728 ], [ -97.963754, 30.216682 ], [ -97.965795, 30.214305 ], [ -97.966612, 30.213341 ], [ -97.967567, 30.212238 ], [ -97.96813, 30.211629 ], [ -97.968662, 30.211149 ], [ -97.968767, 30.211053 ], [ -97.969007, 30.210884 ] ] } },
{ "type": "Feature", "properties": { "LINEARID": "1105320994707", "FULLNAME": "State Loop 360", "RTTYP": "S", "MTFCC": "S1200", "NAME": "Travis" }, "geometry": { "type": "LineString", "coordinates": [ [ -97.793453, 30.232338 ], [ -97.793861, 30.232548 ], [ -97.794284, 30.232767 ], [ -97.795302, 30.233296 ], [ -97.795988, 30.233651 ], [ -97.796179, 30.233782 ], [ -97.796334, 30.233888 ], [ -97.79649, 30.233997 ], [ -97.796557, 30.234042 ], [ -97.796636, 30.234095 ], [ -97.796729, 30.234176 ], [ -97.796868, 30.234301 ], [ -97.797035, 30.234444 ], [ -97.797285, 30.234708 ], [ -97.797514, 30.234974 ], [ -97.79767, 30.23518 ], [ -97.797829, 30.235414 ], [ -97.797907, 30.23552 ], [ -97.798281, 30.236224 ], [ -97.798542, 30.236746 ], [ -97.799147, 30.23804 ], [ -97.799278, 30.238294 ], [ -97.79973, 30.239176 ], [ -97.799912, 30.239487 ], [ -97.800539, 30.24078 ], [ -97.801142, 30.242003 ], [ -97.801203, 30.242129 ], [ -97.801265, 30.242241 ], [ -97.802487, 30.244692 ], [ -97.802707, 30.245129 ], [ -97.803077, 30.24592 ], [ -97.803363, 30.246401 ], [ -97.803454, 30.246563 ], [ -97.803701, 30.246931 ], [ -97.803837, 30.247112 ], [ -97.804024, 30.247358 ], [ -97.804102, 30.247453 ], [ -97.804173, 30.247544 ], [ -97.804263, 30.247655 ], [ -97.804441, 30.247886 ], [ -97.804507, 30.247958 ], [ -97.805732, 30.249567 ], [ -97.80625, 30.250192 ], [ -97.806268, 30.250213 ], [ -97.806342, 30.250302 ], [ -97.806695, 30.250749 ], [ -97.806733, 30.25079 ], [ -97.806957, 30.251074 ], [ -97.807168, 30.251336 ], [ -97.808133, 30.252513 ], [ -97.809002, 30.253625 ], [ -97.811516, 30.256845 ], [ -97.811867, 30.257257 ], [ -97.812227, 30.257759 ], [ -97.812298, 30.257865 ], [ -97.812333, 30.257902 ], [ -97.812393, 30.257986 ], [ -97.812436, 30.258037 ], [ -97.813336, 30.259168 ], [ -97.815834, 30.262307 ], [ -97.815954, 30.262464 ], [ -97.816788, 30.26355 ], [ -97.81689, 30.26367 ], [ -97.816977, 30.26378 ], [ -97.817205, 30.264048 ], [ -97.817588, 30.264586 ], [ -97.817773, 30.264875 ], [ -97.817913, 30.265225 ], [ -97.81797, 30.265344 ], [ -97.818064, 30.265525 ], [ -97.81815, 30.265799 ], [ -97.81825, 30.266175 ], [ -97.818316, 30.266514 ], [ -97.818351, 30.266856 ], [ -97.818357, 30.267082 ], [ -97.818353, 30.267269 ], [ -97.818231, 30.268633 ], [ -97.818011, 30.27038 ], [ -97.817906, 30.271222 ], [ -97.817861, 30.271572 ], [ -97.817849, 30.271653 ], [ -97.817831, 30.271776 ], [ -97.817743, 30.27218 ], [ -97.817686, 30.272904 ], [ -97.817685, 30.273439 ], [ -97.817737, 30.274138 ], [ -97.817858, 30.274514 ], [ -97.817962, 30.274793 ], [ -97.818035, 30.274986 ], [ -97.818321, 30.275552 ], [ -97.8185, 30.275847 ], [ -97.818729, 30.276161 ], [ -97.818941, 30.276473 ], [ -97.819579, 30.27733 ], [ -97.819677, 30.277468 ], [ -97.819768, 30.277581 ], [ -97.820335, 30.278347 ], [ -97.824262, 30.283652 ], [ -97.824353, 30.283772 ], [ -97.824429, 30.283877 ], [ -97.826433, 30.286579 ], [ -97.82655, 30.286737 ], [ -97.826824, 30.287097 ], [ -97.827102, 30.287462 ], [ -97.827298, 30.287777 ], [ -97.827579, 30.288242 ], [ -97.827636, 30.288351 ], [ -97.827789, 30.288645 ], [ -97.828008, 30.289141 ], [ -97.828154, 30.2896 ], [ -97.828168, 30.289642 ], [ -97.828355, 30.290325 ], [ -97.828414, 30.290718 ], [ -97.828427, 30.29084 ], [ -97.828439, 30.290962 ], [ -97.828484, 30.291714 ], [ -97.828397, 30.293178 ], [ -97.82827, 30.295003 ], [ -97.828267, 30.295039 ], [ -97.828227, 30.295603 ], [ -97.828222, 30.295722 ], [ -97.828129, 30.297867 ], [ -97.827994, 30.299352 ], [ -97.827991, 30.299517 ], [ -97.827963, 30.299659 ], [ -97.82789, 30.300047 ], [ -97.827675, 30.300815 ], [ -97.82735, 30.30159 ], [ -97.826485, 30.303152 ], [ -97.82595, 30.304117 ], [ -97.825836, 30.304323 ], [ -97.825738, 30.304501 ], [ -97.825651, 30.304675 ], [ -97.825557, 30.30488 ], [ -97.82542, 30.305308 ], [ -97.825378, 30.305438 ], [ -97.825356, 30.305537 ], [ -97.825302, 30.305763 ], [ -97.825282, 30.305947 ], [ -97.825275, 30.306211 ], [ -97.825294, 30.306481 ], [ -97.825376, 30.306906 ], [ -97.825516, 30.307462 ], [ -97.826129, 30.309435 ], [ -97.826489, 30.310591 ], [ -97.826878, 30.311922 ], [ -97.826892, 30.31201 ], [ -97.826954, 30.312391 ], [ -97.826965, 30.312575 ], [ -97.82697, 30.312628 ], [ -97.826981, 30.312746 ], [ -97.826977, 30.313098 ], [ -97.826924, 30.313537 ], [ -97.826865, 30.31384 ], [ -97.826824, 30.314027 ], [ -97.826768, 30.314197 ], [ -97.826727, 30.314358 ], [ -97.826639, 30.314577 ], [ -97.826608, 30.314678 ], [ -97.826599, 30.314705 ], [ -97.826523, 30.314866 ], [ -97.826207, 30.31543 ], [ -97.826164, 30.315505 ], [ -97.826097, 30.315591 ], [ -97.825594, 30.316206 ], [ -97.825539, 30.316266 ], [ -97.825333, 30.316487 ], [ -97.825079, 30.316711 ], [ -97.824665, 30.317021 ], [ -97.82439, 30.317214 ], [ -97.824207, 30.317304 ], [ -97.821654, 30.31866 ], [ -97.821601, 30.318688 ], [ -97.820625, 30.319204 ], [ -97.817342, 30.32092 ], [ -97.81628, 30.321474 ], [ -97.816107, 30.321566 ], [ -97.815828, 30.321716 ], [ -97.815513, 30.321894 ], [ -97.815307, 30.322044 ], [ -97.81514, 30.322165 ], [ -97.814944, 30.322326 ], [ -97.81469, 30.322549 ], [ -97.814551, 30.322681 ], [ -97.814494, 30.322741 ], [ -97.814397, 30.322852 ], [ -97.81432, 30.322932 ], [ -97.81415, 30.323141 ], [ -97.814064, 30.323247 ], [ -97.812849, 30.325146 ], [ -97.811333, 30.327517 ], [ -97.811239, 30.32765 ], [ -97.811158, 30.32779 ], [ -97.810324, 30.329094 ], [ -97.80942, 30.330507 ], [ -97.808212, 30.332399 ], [ -97.806974, 30.334333 ], [ -97.806427, 30.335189 ], [ -97.806356, 30.335305 ], [ -97.806282, 30.335421 ], [ -97.803772, 30.339396 ], [ -97.803696, 30.339511 ], [ -97.803613, 30.339644 ], [ -97.801809, 30.342457 ], [ -97.801514, 30.342913 ], [ -97.800832, 30.343987 ], [ -97.799708, 30.345758 ], [ -97.799244, 30.346451 ], [ -97.799123, 30.346652 ], [ -97.798491, 30.347605 ], [ -97.798082, 30.348224 ], [ -97.797877, 30.348526 ], [ -97.797547, 30.348951 ], [ -97.797415, 30.349122 ], [ -97.797359, 30.34921 ], [ -97.797014, 30.349743 ], [ -97.796951, 30.349838 ], [ -97.796911, 30.349881 ], [ -97.796826, 30.349986 ], [ -97.796508, 30.350523 ], [ -97.796397, 30.35076 ], [ -97.796343, 30.350914 ], [ -97.796286, 30.351054 ], [ -97.796194, 30.351213 ], [ -97.796003, 30.351473 ], [ -97.795898, 30.35163 ], [ -97.795676, 30.352007 ], [ -97.795417, 30.352432 ], [ -97.795374, 30.352498 ], [ -97.795334, 30.352566 ], [ -97.7935, 30.355528 ], [ -97.792981, 30.356328 ], [ -97.792632, 30.356864 ], [ -97.791907, 30.358063 ], [ -97.791549, 30.358834 ], [ -97.791352, 30.359289 ], [ -97.791262, 30.359498 ], [ -97.791225, 30.359585 ], [ -97.791085, 30.359911 ], [ -97.790907, 30.360486 ], [ -97.790745, 30.361008 ], [ -97.790533, 30.361856 ], [ -97.790422, 30.362451 ], [ -97.790382, 30.362804 ], [ -97.790298, 30.363719 ], [ -97.790274, 30.363954 ], [ -97.790256, 30.364126 ], [ -97.790238, 30.364301 ], [ -97.790223, 30.364445 ], [ -97.790076, 30.365876 ], [ -97.789877, 30.367126 ], [ -97.789675, 30.367672 ], [ -97.789432, 30.368152 ], [ -97.789343, 30.368329 ], [ -97.789249, 30.368462 ], [ -97.789002, 30.368814 ], [ -97.788153, 30.369747 ], [ -97.788122, 30.369781 ], [ -97.787316, 30.370451 ], [ -97.786127, 30.371441 ], [ -97.785893, 30.371637 ], [ -97.785768, 30.371738 ], [ -97.785663, 30.371828 ], [ -97.785324, 30.372114 ], [ -97.784672, 30.372662 ], [ -97.782068, 30.37485 ], [ -97.780485, 30.376181 ], [ -97.780459, 30.376203 ], [ -97.778267, 30.378058 ], [ -97.776859, 30.379252 ], [ -97.77675, 30.379329 ], [ -97.776654, 30.379426 ], [ -97.775187, 30.380671 ], [ -97.774879, 30.380899 ], [ -97.774661, 30.381054 ], [ -97.774495, 30.38118 ], [ -97.774172, 30.381369 ], [ -97.771559, 30.382689 ], [ -97.771415, 30.38276 ], [ -97.771254, 30.382839 ], [ -97.770489, 30.383201 ], [ -97.770404, 30.383238 ], [ -97.770369, 30.383254 ], [ -97.768639, 30.384087 ], [ -97.768039, 30.384376 ], [ -97.767545, 30.384652 ], [ -97.767019, 30.384964 ], [ -97.766968, 30.385002 ], [ -97.766804, 30.385124 ], [ -97.766698, 30.385201 ], [ -97.763827, 30.387292 ], [ -97.763238, 30.38769 ], [ -97.762955, 30.387842 ], [ -97.76276, 30.387921 ], [ -97.762485, 30.38803 ], [ -97.762239, 30.388102 ], [ -97.762009, 30.388153 ], [ -97.76189, 30.388175 ], [ -97.761727, 30.388207 ], [ -97.761444, 30.388246 ], [ -97.760713, 30.38827 ], [ -97.760201, 30.388269 ], [ -97.760096, 30.388269 ], [ -97.759843, 30.388251 ], [ -97.75962, 30.388263 ], [ -97.759349, 30.388256 ], [ -97.758416, 30.388235 ], [ -97.756998, 30.388222 ], [ -97.756746, 30.38822 ], [ -97.755428, 30.388239 ], [ -97.755338, 30.38824 ], [ -97.754564, 30.388251 ], [ -97.754144, 30.388264 ], [ -97.753741, 30.388301 ], [ -97.753547, 30.388311 ], [ -97.753364, 30.388335 ], [ -97.7521, 30.388454 ], [ -97.751987, 30.388465 ], [ -97.751705, 30.388481 ], [ -97.751483, 30.388506 ], [ -97.750812, 30.388552 ], [ -97.750281, 30.38859 ], [ -97.750097, 30.388603 ], [ -97.749936, 30.388621 ], [ -97.749318, 30.388687 ], [ -97.748488, 30.38877 ], [ -97.747887, 30.388831 ], [ -97.747175, 30.388935 ], [ -97.74652, 30.389068 ], [ -97.745902, 30.389282 ], [ -97.745801, 30.389313 ] ] } },
{ "type": "Feature", "properties": { "LINEARID": "11017129188126", "FULLNAME": "State Hwy 130", "RTTYP": "S", "MTFCC": "S1100", "NAME": "Travis" }, "geometry": { "type": "LineString", "coordinates": [ [ -97.581155, 30.50076 ], [ -97.581182, 30.500712 ], [ -97.581402, 30.500351 ], [ -97.58143, 30.500305 ], [ -97.581662, 30.499927 ], [ -97.581885, 30.499482 ], [ -97.582224, 30.498657 ], [ -97.582497, 30.497927 ], [ -97.582812, 30.497011 ], [ -97.583088, 30.496037 ], [ -97.583476, 30.494094 ], [ -97.583519, 30.49388 ], [ -97.584129, 30.491011 ], [ -97.584284, 30.489922 ], [ -97.58448, 30.488635 ], [ -97.584765, 30.487096 ], [ -97.584968, 30.486122 ], [ -97.585283, 30.48507 ], [ -97.58539, 30.484858 ], [ -97.585543, 30.484408 ], [ -97.585587, 30.484275 ], [ -97.586469, 30.482392 ], [ -97.58742, 30.480849 ], [ -97.588132, 30.479807 ], [ -97.588325, 30.479485 ], [ -97.58878, 30.478726 ], [ -97.589458, 30.477595 ], [ -97.591125, 30.47497 ], [ -97.591211, 30.474833 ], [ -97.591484, 30.474411 ], [ -97.592349, 30.473068 ], [ -97.592401, 30.472975 ], [ -97.592467, 30.472881 ], [ -97.592607, 30.472644 ], [ -97.592739, 30.47242 ], [ -97.592935, 30.472087 ], [ -97.593658, 30.470621 ], [ -97.594012, 30.469592 ], [ -97.594292, 30.468747 ], [ -97.594537, 30.467425 ], [ -97.594721, 30.466348 ], [ -97.594735, 30.465891 ], [ -97.594747, 30.465438 ], [ -97.59474, 30.464877 ], [ -97.594684, 30.462619 ], [ -97.594681, 30.46076 ], [ -97.594684, 30.457867 ], [ -97.594601, 30.454197 ], [ -97.594554, 30.452281 ], [ -97.594547, 30.451978 ], [ -97.594563, 30.451776 ], [ -97.594517, 30.449308 ], [ -97.59443, 30.44842 ], [ -97.594308, 30.447354 ], [ -97.594073, 30.445867 ], [ -97.593682, 30.444196 ], [ -97.59332, 30.442886 ], [ -97.59159, 30.436296 ], [ -97.590964, 30.43391 ], [ -97.590549, 30.432263 ], [ -97.590202, 30.430883 ], [ -97.589809, 30.429285 ], [ -97.58878, 30.425504 ], [ -97.588309, 30.423683 ], [ -97.587579, 30.420739 ], [ -97.587237, 30.419496 ], [ -97.586481, 30.416753 ], [ -97.586138, 30.41547 ], [ -97.585728, 30.413804 ], [ -97.585317, 30.41222 ], [ -97.585154, 30.41161 ], [ -97.58408, 30.407228 ], [ -97.583659, 30.405512 ], [ -97.583577, 30.405303 ], [ -97.583359, 30.4045 ], [ -97.582627, 30.40211 ], [ -97.582079, 30.400321 ], [ -97.581825, 30.399647 ], [ -97.579629, 30.393801 ], [ -97.579276, 30.392739 ], [ -97.579035, 30.390865 ], [ -97.578998, 30.38951 ], [ -97.579035, 30.387506 ], [ -97.579266, 30.385634 ], [ -97.579573, 30.38443 ], [ -97.580141, 30.382749 ], [ -97.580957, 30.380475 ], [ -97.581868, 30.377591 ], [ -97.582489, 30.375334 ], [ -97.583191, 30.371974 ], [ -97.583651, 30.369773 ], [ -97.583848, 30.368908 ], [ -97.584219, 30.367129 ], [ -97.584323, 30.366495 ], [ -97.584417, 30.365918 ], [ -97.584788, 30.364657 ], [ -97.585381, 30.363372 ], [ -97.58585, 30.362655 ], [ -97.586647, 30.361477 ], [ -97.587132, 30.360804 ], [ -97.588063, 30.359298 ], [ -97.589944, 30.356439 ], [ -97.592329, 30.35271 ], [ -97.592506, 30.352475 ], [ -97.592756, 30.352094 ], [ -97.593422, 30.351037 ], [ -97.59377, 30.350175 ], [ -97.594045, 30.349314 ], [ -97.594173, 30.348252 ], [ -97.594136, 30.346969 ], [ -97.594017, 30.346251 ], [ -97.593729, 30.345208 ], [ -97.593477, 30.344532 ], [ -97.59311, 30.343879 ], [ -97.592909, 30.343524 ], [ -97.592205, 30.342162 ], [ -97.591526, 30.340819 ], [ -97.591383, 30.340537 ], [ -97.591286, 30.340319 ], [ -97.591137, 30.340015 ], [ -97.59083, 30.339392 ], [ -97.590105, 30.337973 ], [ -97.589178, 30.33623 ], [ -97.588896, 30.335646 ], [ -97.587143, 30.332481 ], [ -97.586129, 30.330479 ], [ -97.584938, 30.32878 ], [ -97.583198, 30.326668 ], [ -97.583054, 30.326461 ], [ -97.580433, 30.323264 ], [ -97.57957, 30.322215 ], [ -97.576418, 30.318368 ], [ -97.574495, 30.316041 ], [ -97.572947, 30.314054 ], [ -97.572504, 30.313353 ], [ -97.572082, 30.312734 ], [ -97.571287, 30.311031 ], [ -97.570787, 30.309959 ], [ -97.570463, 30.309032 ], [ -97.570347, 30.308653 ], [ -97.570069, 30.307743 ], [ -97.569899, 30.30713 ], [ -97.569694, 30.306018 ], [ -97.56951, 30.304473 ], [ -97.569492, 30.304314 ], [ -97.569511, 30.302885 ], [ -97.569621, 30.301486 ], [ -97.569657, 30.301035 ], [ -97.569712, 30.300577 ], [ -97.569877, 30.299734 ], [ -97.570261, 30.298214 ], [ -97.571013, 30.296051 ], [ -97.571856, 30.294347 ], [ -97.573065, 30.292405 ], [ -97.574714, 30.290005 ], [ -97.575442, 30.288998 ], [ -97.576107, 30.288081 ], [ -97.576798, 30.287072 ], [ -97.577389, 30.286211 ], [ -97.578185, 30.285047 ], [ -97.578889, 30.284205 ], [ -97.579716, 30.28319 ], [ -97.581255, 30.281833 ], [ -97.582905, 30.280495 ], [ -97.584828, 30.278938 ], [ -97.585454, 30.278349 ], [ -97.588275, 30.276169 ], [ -97.588711, 30.275806 ], [ -97.589446, 30.2752 ], [ -97.591205, 30.273808 ], [ -97.59267, 30.272268 ], [ -97.593298, 30.271582 ], [ -97.593828, 30.270896 ], [ -97.594403, 30.270015 ], [ -97.595261, 30.26859 ], [ -97.59606, 30.267266 ], [ -97.597663, 30.264859 ], [ -97.599615, 30.261696 ], [ -97.601154, 30.259205 ], [ -97.60459, 30.253726 ], [ -97.606342, 30.250996 ], [ -97.606834, 30.250172 ], [ -97.607457, 30.249347 ], [ -97.608098, 30.248669 ], [ -97.608849, 30.247955 ], [ -97.609655, 30.247277 ], [ -97.610773, 30.246251 ], [ -97.611396, 30.245646 ], [ -97.612185, 30.244663 ], [ -97.616034, 30.238524 ], [ -97.616893, 30.237281 ], [ -97.617412, 30.23631 ], [ -97.617729, 30.235429 ], [ -97.618113, 30.23405 ], [ -97.618497, 30.23265 ], [ -97.618904, 30.23152 ], [ -97.619355, 30.230549 ], [ -97.619852, 30.229758 ], [ -97.620354, 30.229048 ], [ -97.621011, 30.228004 ], [ -97.621948, 30.226514 ], [ -97.622558, 30.224852 ], [ -97.622765, 30.223648 ], [ -97.622854, 30.222213 ], [ -97.622851, 30.217518 ], [ -97.622735, 30.210493 ], [ -97.622746, 30.210296 ], [ -97.622737, 30.209944 ], [ -97.622733, 30.209772 ], [ -97.62273, 30.209572 ], [ -97.622733, 30.209082 ], [ -97.622734, 30.208788 ], [ -97.622741, 30.206782 ], [ -97.622751, 30.203655 ], [ -97.622732, 30.200657 ], [ -97.622732, 30.199308 ], [ -97.622857, 30.198283 ], [ -97.623275, 30.196865 ], [ -97.624088, 30.195092 ], [ -97.624294, 30.194642 ], [ -97.624332, 30.194565 ], [ -97.624684, 30.193876 ], [ -97.625625, 30.19199 ], [ -97.626329, 30.190553 ], [ -97.626395, 30.190409 ], [ -97.627252, 30.188545 ], [ -97.627656, 30.18779 ], [ -97.628222, 30.186602 ], [ -97.628637, 30.185731 ], [ -97.629134, 30.18482 ], [ -97.629632, 30.183839 ], [ -97.63006, 30.183079 ], [ -97.630737, 30.182195 ], [ -97.631359, 30.181324 ], [ -97.632381, 30.180247 ], [ -97.633569, 30.179183 ], [ -97.634591, 30.178368 ], [ -97.636035, 30.177227 ], [ -97.636705, 30.176723 ], [ -97.637134, 30.176323 ], [ -97.637341, 30.176185 ], [ -97.638446, 30.175287 ], [ -97.639717, 30.174264 ], [ -97.641044, 30.173131 ], [ -97.642992, 30.171584 ], [ -97.644567, 30.170313 ], [ -97.645907, 30.169194 ], [ -97.647413, 30.168005 ], [ -97.649112, 30.166624 ], [ -97.650079, 30.165905 ], [ -97.650701, 30.16538 ], [ -97.651447, 30.164662 ], [ -97.652152, 30.163902 ], [ -97.65279, 30.163112 ], [ -97.653133, 30.162603 ], [ -97.653547, 30.161843 ], [ -97.654031, 30.160807 ], [ -97.654749, 30.159287 ], [ -97.655606, 30.157422 ], [ -97.656038, 30.156479 ], [ -97.65623, 30.156058 ], [ -97.656407, 30.155668 ], [ -97.656849, 30.154687 ], [ -97.657264, 30.153844 ], [ -97.657803, 30.152656 ], [ -97.659005, 30.150114 ], [ -97.659564, 30.149024 ], [ -97.659875, 30.148483 ], [ -97.660175, 30.147927 ], [ -97.660676, 30.147143 ], [ -97.661326, 30.146052 ], [ -97.662638, 30.143952 ], [ -97.663192, 30.143052 ], [ -97.66384, 30.14199 ], [ -97.664777, 30.140422 ], [ -97.665139, 30.139862 ], [ -97.66554, 30.13913 ], [ -97.665913, 30.138273 ], [ -97.666087, 30.137683 ], [ -97.666286, 30.137099 ], [ -97.666438, 30.136367 ], [ -97.666534, 30.135468 ], [ -97.666548, 30.134418 ], [ -97.666465, 30.133562 ], [ -97.666286, 30.132678 ], [ -97.666092, 30.132028 ], [ -97.665664, 30.130909 ], [ -97.665458, 30.1304 ], [ -97.664937, 30.129533 ], [ -97.664187, 30.128316 ], [ -97.66297, 30.126491 ], [ -97.66224, 30.125294 ], [ -97.661651, 30.124462 ], [ -97.661286, 30.123813 ], [ -97.661165, 30.12353 ], [ -97.660968, 30.123056 ], [ -97.660645, 30.122065 ], [ -97.660411, 30.12113 ], [ -97.660344, 30.120674 ], [ -97.660266, 30.119772 ], [ -97.660289, 30.118892 ], [ -97.660367, 30.118302 ], [ -97.660415, 30.117892 ], [ -97.660523, 30.117501 ], [ -97.66069, 30.116877 ], [ -97.660868, 30.116398 ], [ -97.66099, 30.116087 ], [ -97.661093, 30.115806 ], [ -97.661369, 30.115229 ], [ -97.661803, 30.114517 ], [ -97.662337, 30.11366 ], [ -97.66305, 30.112502 ], [ -97.663829, 30.111288 ], [ -97.664464, 30.110275 ], [ -97.665076, 30.109329 ], [ -97.665455, 30.108761 ], [ -97.665711, 30.108316 ], [ -97.66593, 30.107913 ], [ -97.666312, 30.10728 ], [ -97.667236, 30.1058 ], [ -97.668616, 30.103729 ], [ -97.669307, 30.102772 ], [ -97.669906, 30.101991 ], [ -97.671204, 30.100357 ], [ -97.672126, 30.099352 ], [ -97.672293, 30.099143 ], [ -97.673201, 30.098193 ], [ -97.674918, 30.09642 ], [ -97.676314, 30.095206 ], [ -97.677794, 30.093921 ], [ -97.678576, 30.093251 ], [ -97.678939, 30.092721 ], [ -97.679063, 30.09257 ], [ -97.680405, 30.091324 ], [ -97.682713, 30.089166 ], [ -97.683463, 30.08842 ], [ -97.685166, 30.086899 ], [ -97.686967, 30.085167 ], [ -97.688349, 30.083841 ], [ -97.689075, 30.083073 ], [ -97.689312, 30.082766 ], [ -97.689996, 30.081942 ], [ -97.690457, 30.081286 ], [ -97.690766, 30.080775 ], [ -97.691263, 30.079832 ], [ -97.691755, 30.078733 ], [ -97.691961, 30.07817 ], [ -97.69213, 30.077629 ], [ -97.692222, 30.077347 ], [ -97.692396, 30.076455 ], [ -97.692504, 30.076002 ], [ -97.692555, 30.075596 ], [ -97.692642, 30.074742 ], [ -97.692629, 30.073575 ], [ -97.692577, 30.070973 ], [ -97.692543, 30.069627 ], [ -97.692568, 30.0684 ], [ -97.692217, 30.063681 ], [ -97.691877, 30.061007 ], [ -97.691732, 30.05964 ], [ -97.691443, 30.05691 ], [ -97.691368, 30.0561 ], [ -97.69123, 30.054587 ], [ -97.691072, 30.053489 ], [ -97.69101, 30.052955 ], [ -97.690942, 30.052553 ], [ -97.690444, 30.047777 ], [ -97.690399, 30.047427 ], [ -97.690119, 30.044565 ], [ -97.69003, 30.043965 ], [ -97.6899, 30.043084 ], [ -97.689746, 30.04144 ], [ -97.689692, 30.04085 ], [ -97.689537, 30.039612 ] ] } },
{ "type": "Feature", "properties": { "LINEARID": "1108296486892", "FULLNAME": "State Loop 1", "RTTYP": "S", "MTFCC": "S1200", "NAME": "Travis" }, "geometry": { "type": "LineString", "coordinates": [ [ -97.85721, 30.211953 ], [ -97.857294, 30.211879 ], [ -97.857342, 30.211837 ], [ -97.857902, 30.211342 ], [ -97.859318, 30.209898 ], [ -97.859526, 30.209613 ], [ -97.859785, 30.209311 ], [ -97.860159, 30.208872 ], [ -97.860851, 30.208002 ], [ -97.860935, 30.207899 ], [ -97.861562, 30.207127 ], [ -97.862098, 30.206451 ], [ -97.86223, 30.206264 ], [ -97.862364, 30.20607 ], [ -97.86298, 30.205182 ], [ -97.863052, 30.205077 ], [ -97.86325, 30.204748 ], [ -97.863497, 30.204324 ], [ -97.863594, 30.204119 ], [ -97.863778, 30.20373 ], [ -97.864079, 30.203125 ], [ -97.864336, 30.202638 ], [ -97.864585, 30.202137 ], [ -97.864943, 30.201505 ], [ -97.865204, 30.201013 ], [ -97.865394, 30.200629 ], [ -97.865434, 30.200548 ], [ -97.865467, 30.200494 ], [ -97.865506, 30.200428 ], [ -97.865919, 30.199742 ], [ -97.866078, 30.199492 ], [ -97.866411, 30.199113 ], [ -97.866474, 30.19904 ], [ -97.866883, 30.198595 ], [ -97.86716, 30.198303 ], [ -97.867763, 30.197671 ], [ -97.868006, 30.197379 ], [ -97.868296, 30.197029 ], [ -97.868538, 30.196687 ], [ -97.868785, 30.196339 ], [ -97.869085, 30.195896 ], [ -97.869488, 30.195284 ], [ -97.869698, 30.194983 ], [ -97.870126, 30.194414 ], [ -97.870795, 30.19353 ], [ -97.871085, 30.193109 ], [ -97.872012, 30.191859 ], [ -97.872117, 30.191732 ], [ -97.872424, 30.191358 ], [ -97.872636, 30.191109 ], [ -97.872723, 30.191015 ], [ -97.872937, 30.190788 ], [ -97.873254, 30.190466 ], [ -97.873586, 30.190118 ], [ -97.873875, 30.189859 ], [ -97.874124, 30.189672 ], [ -97.874332, 30.189524 ], [ -97.875417, 30.188767 ], [ -97.875836, 30.188475 ], [ -97.876211, 30.188133 ], [ -97.876509, 30.187839 ], [ -97.876655, 30.187675 ], [ -97.87721, 30.187082 ], [ -97.877919, 30.186113 ], [ -97.878588, 30.185169 ], [ -97.879116, 30.184248 ], [ -97.879612, 30.183303 ], [ -97.879804, 30.182718 ], [ -97.87993, 30.182448 ], [ -97.880079, 30.182075 ], [ -97.88011, 30.181995 ], [ -97.880263, 30.181679 ], [ -97.880453, 30.181342 ], [ -97.880579, 30.181169 ], [ -97.880785, 30.180903 ], [ -97.881112, 30.180484 ], [ -97.881427, 30.180076 ], [ -97.881648, 30.179789 ], [ -97.881908, 30.179502 ], [ -97.882104, 30.179303 ], [ -97.882198, 30.179208 ], [ -97.882744, 30.178721 ], [ -97.882972, 30.178472 ], [ -97.883249, 30.178114 ], [ -97.883916, 30.177164 ], [ -97.884065, 30.176953 ], [ -97.884854, 30.17576 ], [ -97.885061, 30.175452 ], [ -97.885368, 30.174999 ], [ -97.885517, 30.174829 ], [ -97.88571, 30.174629 ], [ -97.885883, 30.174486 ], [ -97.886065, 30.174352 ], [ -97.88638, 30.174187 ], [ -97.886717, 30.174017 ], [ -97.886956, 30.173899 ], [ -97.887262, 30.173742 ], [ -97.887361, 30.173694 ] ] } },
{ "type": "Feature", "properties": { "LINEARID": "11033198576930", "FULLNAME": "State Hwy 45", "RTTYP": "S", "MTFCC": "S1200", "NAME": "Travis" }, "geometry": { "type": "LineString", "coordinates": [ [ -97.886932, 30.175971 ], [ -97.886774, 30.176133 ] ] } },
{ "type": "Feature", "properties": { "LINEARID": "1104474983812", "FULLNAME": "State Hwy 165", "RTTYP": "S", "MTFCC": "S1200", "NAME": "Travis" }, "geometry": { "type": "LineString", "coordinates": [ [ -97.726297, 30.26609 ], [ -97.726097, 30.266538 ], [ -97.725646, 30.267554 ] ] } },
{ "type": "Feature", "properties": { "LINEARID": "110485908375", "FULLNAME": "State Loop 111", "RTTYP": "S", "MTFCC": "S1200", "NAME": "Travis" }, "geometry": { "type": "LineString", "coordinates": [ [ -97.692464, 30.253104 ], [ -97.692546, 30.253725 ], [ -97.69277, 30.255154 ], [ -97.693201, 30.257472 ], [ -97.693352, 30.258285 ], [ -97.693619, 30.259314 ], [ -97.693864, 30.260094 ], [ -97.694534, 30.262353 ], [ -97.694547, 30.262393 ], [ -97.694586, 30.262516 ], [ -97.695509, 30.26561 ], [ -97.696047, 30.267359 ], [ -97.696272, 30.268101 ], [ -97.696706, 30.269557 ], [ -97.697907, 30.273556 ], [ -97.698437, 30.274661 ], [ -97.698514, 30.27475 ], [ -97.698848, 30.27514 ], [ -97.699062, 30.275388 ], [ -97.700329, 30.276862 ], [ -97.700825, 30.277592 ], [ -97.701241, 30.278297 ], [ -97.701715, 30.279019 ], [ -97.702117, 30.279734 ], [ -97.703036, 30.281153 ], [ -97.703945, 30.282572 ] ] } },
{ "type": "Feature", "properties": { "LINEARID": "110485843795", "FULLNAME": "Mo-Pac Expy", "RTTYP": "M", "MTFCC": "S1200", "NAME": "Travis" }, "geometry": { "type": "LineString", "coordinates": [ [ -97.85721, 30.211953 ], [ -97.857294, 30.211879 ], [ -97.857342, 30.211837 ] ] } },
{ "type": "Feature", "properties": { "LINEARID": "1105320994476", "FULLNAME": "State Hwy 71", "RTTYP": "S", "MTFCC": "S1200", "NAME": "Travis" }, "geometry": { "type": "LineString", "coordinates": [ [ -97.678288, 30.222321 ], [ -97.677871, 30.222287 ], [ -97.677568, 30.222245 ], [ -97.677286, 30.22219 ], [ -97.676984, 30.222123 ], [ -97.676755, 30.222076 ], [ -97.676329, 30.22192 ], [ -97.676024, 30.221818 ], [ -97.67572, 30.221716 ], [ -97.675345, 30.22158 ], [ -97.675284, 30.221551 ], [ -97.674353, 30.221104 ], [ -97.674139, 30.221005 ], [ -97.673975, 30.220916 ], [ -97.673248, 30.220545 ], [ -97.67219, 30.220005 ], [ -97.670949, 30.219379 ], [ -97.670543, 30.219174 ], [ -97.669252, 30.218523 ], [ -97.669104, 30.218451 ], [ -97.66802, 30.217904 ], [ -97.666283, 30.216949 ], [ -97.665711, 30.216645 ], [ -97.664579, 30.216044 ], [ -97.664147, 30.215815 ], [ -97.663919, 30.215694 ], [ -97.663711, 30.21558 ], [ -97.662968, 30.215173 ], [ -97.662749, 30.215053 ], [ -97.661984, 30.214597 ], [ -97.661245, 30.214184 ], [ -97.660296, 30.213684 ], [ -97.658823, 30.212907 ], [ -97.658781, 30.212885 ], [ -97.658687, 30.212836 ], [ -97.658595, 30.212787 ], [ -97.657229, 30.212091 ], [ -97.655481, 30.211202 ], [ -97.654173, 30.210564 ], [ -97.65407, 30.210493 ], [ -97.653745, 30.210272 ], [ -97.652726, 30.209811 ], [ -97.652626, 30.209762 ], [ -97.651386, 30.20914 ], [ -97.651277, 30.209077 ], [ -97.651084, 30.208986 ], [ -97.651028, 30.208958 ], [ -97.650819, 30.208851 ], [ -97.649066, 30.207957 ], [ -97.646518, 30.206657 ], [ -97.646099, 30.206443 ], [ -97.645978, 30.206371 ], [ -97.645822, 30.206298 ], [ -97.644856, 30.205787 ], [ -97.644018, 30.205364 ], [ -97.642305, 30.2045 ], [ -97.642125, 30.204409 ], [ -97.6421, 30.204397 ], [ -97.641656, 30.20418 ], [ -97.64157, 30.204128 ], [ -97.641408, 30.20404 ], [ -97.639653, 30.203078 ], [ -97.639484, 30.202986 ], [ -97.638369, 30.202474 ], [ -97.637896, 30.202247 ], [ -97.636348, 30.201462 ], [ -97.636329, 30.201452 ], [ -97.635902, 30.201214 ], [ -97.635386, 30.20088 ], [ -97.634793, 30.20043 ], [ -97.634274, 30.200008 ], [ -97.633575, 30.199516 ], [ -97.633214, 30.199263 ], [ -97.632937, 30.199062 ], [ -97.632086, 30.198565 ], [ -97.631139, 30.198067 ], [ -97.629943, 30.197493 ], [ -97.628699, 30.196824 ], [ -97.627825, 30.196224 ], [ -97.626309, 30.195201 ], [ -97.62547, 30.194525 ], [ -97.624931, 30.19409 ], [ -97.624684, 30.193876 ], [ -97.624259, 30.193507 ], [ -97.624021, 30.1933 ], [ -97.623721, 30.193049 ], [ -97.623558, 30.192912 ], [ -97.622678, 30.192255 ], [ -97.621858, 30.191763 ], [ -97.621097, 30.19136 ], [ -97.62044, 30.190868 ], [ -97.619562, 30.190069 ], [ -97.619329, 30.189857 ], [ -97.618648, 30.189237 ], [ -97.617885, 30.188543 ], [ -97.616756, 30.187492 ], [ -97.61667, 30.18742 ], [ -97.616577, 30.187347 ], [ -97.616199, 30.18706 ], [ -97.615619, 30.186741 ], [ -97.615096, 30.186492 ], [ -97.615064, 30.186477 ], [ -97.614918, 30.18643 ], [ -97.614045, 30.186181 ], [ -97.613454, 30.186068 ], [ -97.612992, 30.186026 ], [ -97.612473, 30.186011 ], [ -97.611954, 30.186026 ], [ -97.611224, 30.186083 ], [ -97.610448, 30.186139 ], [ -97.609476, 30.186213 ], [ -97.608777, 30.186247 ], [ -97.608635, 30.186253 ], [ -97.606597, 30.18645 ], [ -97.606101, 30.186514 ], [ -97.606004, 30.186531 ], [ -97.605864, 30.186537 ], [ -97.604617, 30.186671 ], [ -97.602739, 30.186883 ], [ -97.60265, 30.186895 ], [ -97.602125, 30.186965 ], [ -97.598111, 30.187504 ], [ -97.597935, 30.187528 ], [ -97.59775, 30.187551 ], [ -97.594911, 30.187922 ], [ -97.594441, 30.187958 ], [ -97.591702, 30.188219 ], [ -97.588678, 30.188519 ], [ -97.586539, 30.188708 ], [ -97.585644, 30.188802 ] ] } },
{ "type": "Feature", "properties": { "LINEARID": "1108296488332", "FULLNAME": "State Hwy 71", "RTTYP": "S", "MTFCC": "S1200", "NAME": "Travis" }, "geometry": { "type": "LineString", "coordinates": [ [ -97.8566, 30.235513 ], [ -97.85753, 30.235477 ], [ -97.857848, 30.235465 ], [ -97.85811, 30.235463 ], [ -97.859454, 30.23545 ], [ -97.859964, 30.23541 ], [ -97.860328, 30.235349 ], [ -97.860644, 30.235296 ] ] } },
{ "type": "Feature", "properties": { "LINEARID": "1106092817625", "FULLNAME": "Lockhart Hwy", "RTTYP": "M", "MTFCC": "S1200", "NAME": "Travis" }, "geometry": { "type": "LineString", "coordinates": [ [ -97.691244, 30.244952 ], [ -97.691129, 30.24424 ], [ -97.691081, 30.243934 ], [ -97.690682, 30.242861 ], [ -97.690668, 30.242822 ], [ -97.69038, 30.242349 ], [ -97.689532, 30.241454 ], [ -97.68911, 30.240898 ], [ -97.688786, 30.24045 ], [ -97.688325, 30.239734 ], [ -97.687599, 30.238563 ], [ -97.687421, 30.238253 ], [ -97.686996, 30.237513 ], [ -97.68657, 30.236771 ], [ -97.686391, 30.236469 ] ] } },
{ "type": "Feature", "properties": { "LINEARID": "110485908416", "FULLNAME": "State Loop 343", "RTTYP": "S", "MTFCC": "S1200", "NAME": "Travis" }, "geometry": { "type": "LineString", "coordinates": [ [ -97.75773, 30.262943 ], [ -97.757833, 30.262898 ], [ -97.758079, 30.262243 ], [ -97.758049, 30.262139 ] ] } },
{ "type": "Feature", "properties": { "LINEARID": "11017129188153", "FULLNAME": "State Hwy 130", "RTTYP": "S", "MTFCC": "S1100", "NAME": "Travis" }, "geometry": { "type": "LineString", "coordinates": [ [ -97.580605, 30.500682 ], [ -97.580916, 30.500104 ], [ -97.581, 30.499927 ], [ -97.5816, 30.498695 ], [ -97.581658, 30.498584 ], [ -97.581757, 30.498343 ], [ -97.582033, 30.497701 ], [ -97.582315, 30.496811 ], [ -97.582547, 30.49589 ], [ -97.58273, 30.49491 ], [ -97.582885, 30.494164 ], [ -97.582926, 30.493898 ], [ -97.583356, 30.491412 ], [ -97.583465, 30.490976 ], [ -97.584337, 30.486361 ], [ -97.584557, 30.485313 ], [ -97.584689, 30.48489 ], [ -97.585074, 30.48392 ], [ -97.585557, 30.482832 ], [ -97.586681, 30.480975 ], [ -97.587582, 30.479529 ], [ -97.587843, 30.479118 ], [ -97.59017, 30.475463 ], [ -97.590504, 30.47494 ], [ -97.591852, 30.472824 ], [ -97.591929, 30.472711 ], [ -97.592053, 30.472529 ], [ -97.592096, 30.472468 ], [ -97.592211, 30.472306 ], [ -97.592779, 30.471275 ], [ -97.593447, 30.469633 ], [ -97.593692, 30.468713 ], [ -97.593958, 30.467527 ], [ -97.594067, 30.46662 ], [ -97.594054, 30.466055 ], [ -97.594059, 30.465996 ], [ -97.594066, 30.465925 ], [ -97.594067, 30.4659 ], [ -97.594067, 30.465888 ], [ -97.59409, 30.465578 ], [ -97.594108, 30.464895 ], [ -97.594079, 30.461679 ], [ -97.594033, 30.458208 ], [ -97.593948, 30.454443 ], [ -97.594003, 30.451982 ], [ -97.594009, 30.451693 ], [ -97.594009, 30.451384 ], [ -97.59398, 30.450029 ], [ -97.593886, 30.449138 ], [ -97.59381, 30.448096 ], [ -97.59376, 30.447549 ], [ -97.593477, 30.445985 ], [ -97.593154, 30.444557 ], [ -97.592753, 30.443062 ], [ -97.591785, 30.439444 ], [ -97.591023, 30.436433 ], [ -97.590104, 30.432894 ], [ -97.589944, 30.43233 ], [ -97.58958, 30.430924 ], [ -97.589158, 30.429308 ], [ -97.589108, 30.429121 ], [ -97.588192, 30.425679 ], [ -97.587572, 30.423349 ], [ -97.587076, 30.421486 ], [ -97.585798, 30.416245 ], [ -97.585481, 30.415036 ], [ -97.584942, 30.412983 ], [ -97.584482, 30.411426 ], [ -97.583976, 30.409454 ], [ -97.583164, 30.406289 ], [ -97.58312, 30.406026 ], [ -97.581878, 30.401829 ], [ -97.581337, 30.399997 ], [ -97.580261, 30.397057 ], [ -97.57909, 30.393852 ], [ -97.578831, 30.392943 ], [ -97.578552, 30.391273 ], [ -97.578348, 30.389677 ], [ -97.57846, 30.387432 ], [ -97.578719, 30.385706 ], [ -97.579152, 30.383812 ], [ -97.579671, 30.382304 ], [ -97.579993, 30.381439 ], [ -97.580833, 30.379067 ], [ -97.581376, 30.37736 ], [ -97.582168, 30.374321 ], [ -97.582635, 30.371959 ], [ -97.58313, 30.369705 ], [ -97.583726, 30.366481 ], [ -97.583807, 30.366077 ], [ -97.583898, 30.365646 ], [ -97.58412, 30.36488 ], [ -97.584417, 30.364113 ], [ -97.584738, 30.363372 ], [ -97.586046, 30.361282 ], [ -97.586818, 30.360214 ], [ -97.587475, 30.359176 ], [ -97.589393, 30.356105 ], [ -97.59132, 30.353234 ], [ -97.591805, 30.352463 ], [ -97.591971, 30.352227 ], [ -97.592677, 30.351071 ], [ -97.593018, 30.350524 ], [ -97.593275, 30.349882 ], [ -97.593477, 30.349058 ], [ -97.593641, 30.348343 ], [ -97.593641, 30.347372 ], [ -97.593513, 30.346291 ], [ -97.593318, 30.345656 ], [ -97.593161, 30.345179 ], [ -97.592899, 30.344604 ], [ -97.592761, 30.344343 ], [ -97.592223, 30.343324 ], [ -97.591024, 30.341001 ], [ -97.590886, 30.34073 ], [ -97.590771, 30.340512 ], [ -97.590619, 30.340208 ], [ -97.59005, 30.339072 ], [ -97.589614, 30.338235 ], [ -97.588706, 30.336474 ], [ -97.588145, 30.335572 ], [ -97.586768, 30.332914 ], [ -97.586038, 30.331505 ], [ -97.58525, 30.330112 ], [ -97.584297, 30.328848 ], [ -97.583829, 30.328174 ], [ -97.58338, 30.327575 ], [ -97.582652, 30.32671 ], [ -97.582117, 30.326155 ], [ -97.579991, 30.323535 ], [ -97.579203, 30.322582 ], [ -97.577005, 30.319943 ], [ -97.574073, 30.316352 ], [ -97.572507, 30.314257 ], [ -97.571991, 30.313619 ], [ -97.571924, 30.313491 ], [ -97.571266, 30.312362 ], [ -97.570684, 30.311204 ], [ -97.570377, 30.310594 ], [ -97.570058, 30.309558 ], [ -97.569964, 30.309283 ], [ -97.5697, 30.308506 ], [ -97.569621, 30.308309 ], [ -97.569359, 30.307152 ], [ -97.569115, 30.305933 ], [ -97.569033, 30.305167 ], [ -97.568979, 30.304662 ], [ -97.568978, 30.302507 ], [ -97.568975, 30.302363 ], [ -97.569071, 30.3012 ], [ -97.569199, 30.3001 ], [ -97.569798, 30.297743 ], [ -97.570702, 30.295391 ], [ -97.57149, 30.293907 ], [ -97.572387, 30.292405 ], [ -97.57345, 30.290939 ], [ -97.574861, 30.288869 ], [ -97.575466, 30.288026 ], [ -97.576638, 30.286321 ], [ -97.577728, 30.284813 ], [ -97.578613, 30.283598 ], [ -97.579203, 30.282895 ], [ -97.580211, 30.281979 ], [ -97.582098, 30.280367 ], [ -97.58448, 30.278498 ], [ -97.588226, 30.275505 ], [ -97.589076, 30.274812 ], [ -97.589904, 30.274137 ], [ -97.590893, 30.273276 ], [ -97.591882, 30.272397 ], [ -97.593089, 30.271015 ], [ -97.593724, 30.270105 ], [ -97.594768, 30.268389 ], [ -97.595584, 30.26701 ], [ -97.59732, 30.264285 ], [ -97.599083, 30.261422 ], [ -97.600384, 30.259314 ], [ -97.604068, 30.253503 ], [ -97.60513, 30.251894 ], [ -97.60589, 30.25069 ], [ -97.606559, 30.249585 ], [ -97.607621, 30.248101 ], [ -97.609893, 30.24517 ], [ -97.61048, 30.244345 ], [ -97.611333, 30.24293 ], [ -97.614385, 30.237999 ], [ -97.614679, 30.237519 ], [ -97.615669, 30.236036 ], [ -97.616283, 30.235135 ], [ -97.617006, 30.233599 ], [ -97.617616, 30.232311 ], [ -97.618339, 30.230729 ], [ -97.618926, 30.229758 ], [ -97.619687, 30.22871 ], [ -97.620408, 30.227721 ], [ -97.621107, 30.226673 ], [ -97.621533, 30.225788 ], [ -97.621806, 30.225057 ], [ -97.621981, 30.224571 ], [ -97.622128, 30.22391 ], [ -97.622237, 30.223364 ], [ -97.622297, 30.222594 ], [ -97.622316, 30.220543 ], [ -97.622306, 30.217358 ], [ -97.622122, 30.210595 ], [ -97.622106, 30.210394 ], [ -97.622119, 30.210055 ], [ -97.622126, 30.209874 ], [ -97.622092, 30.209641 ], [ -97.622107, 30.209311 ], [ -97.622113, 30.208806 ], [ -97.62213, 30.207404 ], [ -97.622174, 30.203723 ], [ -97.622181, 30.201332 ], [ -97.622217, 30.199467 ], [ -97.62227, 30.198615 ], [ -97.622365, 30.19791 ], [ -97.622723, 30.196716 ], [ -97.62329, 30.195448 ], [ -97.623664, 30.194727 ], [ -97.623888, 30.194296 ], [ -97.623926, 30.194214 ], [ -97.624259, 30.193507 ], [ -97.624644, 30.192695 ], [ -97.625791, 30.190332 ], [ -97.626647, 30.188511 ], [ -97.627048, 30.187776 ], [ -97.627559, 30.186754 ], [ -97.628153, 30.185538 ], [ -97.628733, 30.184405 ], [ -97.629051, 30.183742 ], [ -97.629687, 30.182678 ], [ -97.630115, 30.182001 ], [ -97.630958, 30.181034 ], [ -97.631787, 30.180053 ], [ -97.633251, 30.17881 ], [ -97.634094, 30.178119 ], [ -97.635505, 30.176971 ], [ -97.635576, 30.176913 ], [ -97.636042, 30.176516 ], [ -97.636595, 30.17606 ], [ -97.636784, 30.175918 ], [ -97.637976, 30.174955 ], [ -97.639759, 30.17356 ], [ -97.641085, 30.172482 ], [ -97.642453, 30.171377 ], [ -97.64418, 30.169967 ], [ -97.645244, 30.169111 ], [ -97.646957, 30.167729 ], [ -97.648021, 30.166859 ], [ -97.648905, 30.166154 ], [ -97.649734, 30.165449 ], [ -97.65048, 30.164842 ], [ -97.651157, 30.164109 ], [ -97.651696, 30.163529 ], [ -97.652231, 30.162833 ], [ -97.652649, 30.162177 ], [ -97.652981, 30.161622 ], [ -97.653437, 30.160766 ], [ -97.653851, 30.15984 ], [ -97.654459, 30.158541 ], [ -97.655164, 30.157049 ], [ -97.655591, 30.156098 ], [ -97.655729, 30.155818 ], [ -97.655993, 30.155281 ], [ -97.656476, 30.154203 ], [ -97.656697, 30.15372 ], [ -97.657222, 30.152573 ], [ -97.65841, 30.150114 ], [ -97.658825, 30.14916 ], [ -97.659065, 30.148779 ], [ -97.659516, 30.148027 ], [ -97.659911, 30.147356 ], [ -97.660814, 30.145858 ], [ -97.661409, 30.14496 ], [ -97.662293, 30.143496 ], [ -97.662791, 30.142648 ], [ -97.663495, 30.141534 ], [ -97.664286, 30.140187 ], [ -97.664642, 30.139627 ], [ -97.664987, 30.139019 ], [ -97.665263, 30.138439 ], [ -97.665435, 30.138013 ], [ -97.665622, 30.137458 ], [ -97.665788, 30.136767 ], [ -97.665913, 30.135842 ], [ -97.665982, 30.134805 ], [ -97.665885, 30.133562 ], [ -97.665622, 30.132208 ], [ -97.665167, 30.131172 ], [ -97.664802, 30.130495 ], [ -97.664247, 30.129492 ], [ -97.663517, 30.128377 ], [ -97.662747, 30.127119 ], [ -97.661854, 30.125679 ], [ -97.661084, 30.124523 ], [ -97.660738, 30.123996 ], [ -97.660623, 30.123668 ], [ -97.660367, 30.123023 ], [ -97.660133, 30.122266 ], [ -97.659944, 30.121609 ], [ -97.659832, 30.120863 ], [ -97.659743, 30.120161 ], [ -97.659743, 30.119549 ], [ -97.659754, 30.118714 ], [ -97.659855, 30.118091 ], [ -97.659962, 30.117529 ], [ -97.660066, 30.117033 ], [ -97.660233, 30.11651 ], [ -97.660433, 30.115964 ], [ -97.660634, 30.115519 ], [ -97.660868, 30.115074 ], [ -97.661168, 30.114506 ], [ -97.66158, 30.113849 ], [ -97.662193, 30.112947 ], [ -97.662805, 30.111945 ], [ -97.663629, 30.110631 ], [ -97.664341, 30.109474 ], [ -97.664954, 30.10846 ], [ -97.665202, 30.108037 ], [ -97.66561, 30.107403 ], [ -97.666535, 30.105911 ], [ -97.667648, 30.104185 ], [ -97.668906, 30.102438 ], [ -97.669515, 30.101614 ], [ -97.67052, 30.100399 ], [ -97.671763, 30.098961 ], [ -97.672433, 30.098207 ], [ -97.672852, 30.097733 ], [ -97.674094, 30.096546 ], [ -97.676328, 30.094424 ], [ -97.677766, 30.093056 ], [ -97.678676, 30.092245 ], [ -97.679525, 30.09145 ], [ -97.680572, 30.090291 ], [ -97.682184, 30.088555 ], [ -97.683002, 30.087778 ], [ -97.684635, 30.086242 ], [ -97.686464, 30.084581 ], [ -97.687902, 30.083171 ], [ -97.688921, 30.082138 ], [ -97.689273, 30.081759 ], [ -97.689866, 30.080902 ], [ -97.690392, 30.080064 ], [ -97.690776, 30.079301 ], [ -97.691169, 30.078372 ], [ -97.691469, 30.077402 ], [ -97.69164, 30.076663 ], [ -97.691813, 30.075572 ], [ -97.691829, 30.075031 ], [ -97.691839, 30.074588 ], [ -97.691769, 30.073017 ], [ -97.691692, 30.071455 ], [ -97.691654, 30.069093 ], [ -97.69169, 30.065977 ], [ -97.691572, 30.064153 ], [ -97.691539, 30.063645 ], [ -97.691232, 30.061569 ], [ -97.691137, 30.060965 ], [ -97.690899, 30.058112 ], [ -97.690861, 30.057651 ], [ -97.690787, 30.056952 ], [ -97.690709, 30.05615 ], [ -97.690571, 30.05473 ], [ -97.690512, 30.054369 ], [ -97.690451, 30.053988 ], [ -97.690395, 30.053447 ], [ -97.690154, 30.051511 ], [ -97.689994, 30.049848 ], [ -97.689815, 30.047185 ], [ -97.689758, 30.046847 ], [ -97.689668, 30.046085 ], [ -97.689386, 30.044028 ], [ -97.689326, 30.04359 ], [ -97.689181, 30.042239 ], [ -97.688955, 30.040119 ] ] } },
{ "type": "Feature", "properties": { "LINEARID": "1104475062560", "FULLNAME": "I- 35", "RTTYP": "I", "MTFCC": "S1100", "NAME": "Travis" }, "geometry": { "type": "LineString", "coordinates": [ [ -97.673946, 30.480093 ], [ -97.673975, 30.480151 ], [ -97.674015, 30.480229 ], [ -97.674116, 30.480426 ], [ -97.67424, 30.48079 ] ] } },
{ "type": "Feature", "properties": { "LINEARID": "1104977737723", "FULLNAME": "State Hwy 45", "RTTYP": "S", "MTFCC": "S1200", "NAME": "Travis" }, "geometry": { "type": "LineString", "coordinates": [ [ -97.602119, 30.478115 ], [ -97.600275, 30.477198 ] ] } },
{ "type": "Feature", "properties": { "LINEARID": "1108296487887", "FULLNAME": "State Hwy 45", "RTTYP": "S", "MTFCC": "S1100", "NAME": "Travis" }, "geometry": { "type": "LineString", "coordinates": [ [ -97.58742, 30.480849 ], [ -97.587733, 30.480504 ], [ -97.58824, 30.479862 ], [ -97.588444, 30.479543 ], [ -97.588919, 30.478812 ], [ -97.588945, 30.478771 ], [ -97.589701, 30.477609 ], [ -97.590244, 30.476772 ], [ -97.59059, 30.476434 ], [ -97.590923, 30.476153 ], [ -97.59095, 30.476131 ], [ -97.591627, 30.475713 ], [ -97.592124, 30.475494 ], [ -97.592833, 30.475297 ], [ -97.593563, 30.475195 ], [ -97.594333, 30.475167 ], [ -97.594776, 30.475229 ], [ -97.595423, 30.475372 ], [ -97.595832, 30.475467 ] ] } },
{ "type": "Feature", "properties": { "LINEARID": "1104475134581", "FULLNAME": "State Hwy 45", "RTTYP": "S", "MTFCC": "S1100", "NAME": "Travis" }, "geometry": { "type": "LineString", "coordinates": [ [ -97.595832, 30.475467 ], [ -97.595328, 30.475167 ], [ -97.594817, 30.474854 ], [ -97.594469, 30.474561 ] ] } },
{ "type": "Feature", "properties": { "LINEARID": "1106081793287", "FULLNAME": "Falconhead Blvd", "RTTYP": "M", "MTFCC": "S1200", "NAME": "Travis" }, "geometry": { "type": "LineString", "coordinates": [ [ -97.960574, 30.322431 ], [ -97.960434, 30.322256 ], [ -97.960337, 30.322138 ], [ -97.960249, 30.322028 ], [ -97.960161, 30.322055 ], [ -97.960005, 30.322136 ], [ -97.95987, 30.322199 ], [ -97.959734, 30.322238 ], [ -97.959576, 30.322206 ], [ -97.959333, 30.322102 ], [ -97.959317, 30.322016 ], [ -97.959326, 30.321906 ], [ -97.959366, 30.321797 ], [ -97.959425, 30.321639 ], [ -97.95957, 30.321418 ], [ -97.959671, 30.321231 ], [ -97.959784, 30.3211 ], [ -97.959949, 30.321046 ], [ -97.960199, 30.320949 ], [ -97.960394, 30.320849 ], [ -97.960561, 30.320795 ], [ -97.960642, 30.320795 ], [ -97.960689, 30.320818 ], [ -97.960741, 30.320894 ], [ -97.960793, 30.320994 ], [ -97.960859, 30.321131 ], [ -97.960913, 30.321253 ], [ -97.960951, 30.32131 ], [ -97.960965, 30.321411 ], [ -97.96098, 30.321441 ], [ -97.960958, 30.321533 ], [ -97.960845, 30.321624 ], [ -97.960622, 30.321809 ], [ -97.960543, 30.321856 ], [ -97.960432, 30.321883 ], [ -97.960357, 30.321933 ], [ -97.960254, 30.322019 ] ] } },
{ "type": "Feature", "properties": { "LINEARID": "11017129188422", "FULLNAME": "US Hwy 183", "RTTYP": "U", "MTFCC": "S1200", "NAME": "Travis" }, "geometry": { "type": "Point", "coordinates": [ -97.690084, 30.03912 ] } },
{ "type": "Feature", "properties": { "LINEARID": "1105320994719", "FULLNAME": "State Loop 360", "RTTYP": "S", "MTFCC": "S1200", "NAME": "Travis" }, "geometry": { "type": "LineString", "coordinates": [ [ -97.745738, 30.389189 ], [ -97.745839, 30.389163 ], [ -97.746118, 30.389064 ], [ -97.746754, 30.388839 ], [ -97.746982, 30.388775 ], [ -97.747263, 30.388709 ], [ -97.747553, 30.388657 ], [ -97.748019, 30.388594 ], [ -97.749036, 30.388478 ], [ -97.749911, 30.388404 ], [ -97.750078, 30.388387 ], [ -97.75026, 30.388373 ], [ -97.751432, 30.388263 ], [ -97.75169, 30.388232 ], [ -97.75192, 30.388216 ], [ -97.752017, 30.388207 ], [ -97.752449, 30.388165 ], [ -97.753343, 30.388079 ], [ -97.753508, 30.388064 ], [ -97.753706, 30.388051 ], [ -97.754694, 30.387992 ], [ -97.755379, 30.387976 ], [ -97.756716, 30.387978 ], [ -97.756974, 30.387981 ], [ -97.757218, 30.387984 ], [ -97.759671, 30.388013 ], [ -97.759846, 30.388017 ], [ -97.760059, 30.388025 ], [ -97.760645, 30.388049 ], [ -97.760711, 30.388052 ], [ -97.761324, 30.388065 ], [ -97.761606, 30.388037 ], [ -97.76188, 30.387985 ], [ -97.762148, 30.387913 ], [ -97.762357, 30.38783 ], [ -97.762645, 30.387707 ], [ -97.76297, 30.387553 ], [ -97.76361, 30.387129 ], [ -97.764164, 30.386721 ], [ -97.765641, 30.385633 ], [ -97.766493, 30.385005 ], [ -97.766681, 30.384886 ], [ -97.7668, 30.384797 ], [ -97.766878, 30.384753 ], [ -97.767031, 30.384653 ], [ -97.767409, 30.384438 ], [ -97.767907, 30.38417 ], [ -97.768759, 30.38378 ], [ -97.768787, 30.383766 ], [ -97.770387, 30.382982 ], [ -97.770506, 30.382924 ], [ -97.771106, 30.382629 ], [ -97.7713, 30.382536 ], [ -97.771384, 30.38249 ], [ -97.77394, 30.381218 ], [ -97.774263, 30.381032 ], [ -97.774692, 30.380727 ], [ -97.774979, 30.380496 ], [ -97.776468, 30.379274 ], [ -97.776582, 30.379185 ], [ -97.776679, 30.379098 ], [ -97.778041, 30.377956 ], [ -97.778199, 30.377824 ], [ -97.78032, 30.376046 ], [ -97.781729, 30.374849 ], [ -97.784743, 30.372286 ], [ -97.785617, 30.371557 ], [ -97.785878, 30.371331 ], [ -97.786509, 30.370794 ], [ -97.787295, 30.370126 ], [ -97.787883, 30.369625 ], [ -97.78856, 30.368959 ], [ -97.78869, 30.368775 ], [ -97.788957, 30.368394 ], [ -97.789065, 30.368241 ], [ -97.789324, 30.367833 ], [ -97.789506, 30.367312 ], [ -97.789635, 30.36689 ], [ -97.7897, 30.366353 ], [ -97.789958, 30.363916 ], [ -97.789985, 30.36366 ], [ -97.790117, 30.362774 ], [ -97.790188, 30.362295 ], [ -97.790369, 30.361436 ], [ -97.790438, 30.361109 ], [ -97.790667, 30.360426 ], [ -97.790956, 30.359561 ], [ -97.790985, 30.359474 ], [ -97.791056, 30.359262 ], [ -97.791109, 30.359163 ], [ -97.791375, 30.35857 ], [ -97.791539, 30.35824 ], [ -97.791992, 30.357372 ], [ -97.792117, 30.357172 ], [ -97.792722, 30.356203 ], [ -97.793173, 30.355481 ], [ -97.793338, 30.355227 ], [ -97.794216, 30.35388 ], [ -97.795137, 30.352469 ], [ -97.795179, 30.352404 ], [ -97.795229, 30.352328 ], [ -97.795459, 30.351976 ], [ -97.795906, 30.351362 ], [ -97.796146, 30.351011 ], [ -97.796269, 30.350777 ], [ -97.796405, 30.350475 ], [ -97.796738, 30.349949 ], [ -97.796759, 30.349921 ], [ -97.796819, 30.349842 ], [ -97.797318, 30.349042 ], [ -97.797441, 30.348877 ], [ -97.797594, 30.348674 ], [ -97.797737, 30.348485 ], [ -97.797754, 30.34846 ], [ -97.798322, 30.347523 ], [ -97.799012, 30.346385 ], [ -97.799439, 30.345673 ], [ -97.799563, 30.345479 ], [ -97.800183, 30.344508 ], [ -97.800567, 30.343906 ], [ -97.80062, 30.343823 ], [ -97.801288, 30.342777 ], [ -97.801748, 30.342055 ], [ -97.802203, 30.341341 ], [ -97.802839, 30.340341 ], [ -97.803356, 30.339529 ], [ -97.803443, 30.339391 ], [ -97.80352, 30.339272 ], [ -97.804127, 30.338328 ], [ -97.804804, 30.337274 ], [ -97.805481, 30.33622 ], [ -97.806062, 30.335315 ], [ -97.806131, 30.335208 ], [ -97.806198, 30.335102 ], [ -97.806748, 30.33424 ], [ -97.807366, 30.333269 ], [ -97.807985, 30.332298 ], [ -97.808602, 30.331326 ], [ -97.808618, 30.3313 ], [ -97.80922, 30.330356 ], [ -97.809827, 30.329403 ], [ -97.810195, 30.328824 ], [ -97.810436, 30.328447 ], [ -97.810918, 30.327688 ], [ -97.810996, 30.327538 ], [ -97.811083, 30.327434 ], [ -97.811546, 30.326708 ], [ -97.812076, 30.325875 ], [ -97.812607, 30.325044 ], [ -97.813137, 30.324214 ], [ -97.813668, 30.323384 ], [ -97.813887, 30.323071 ], [ -97.813933, 30.322992 ], [ -97.814104, 30.322753 ], [ -97.814175, 30.322659 ], [ -97.814227, 30.322606 ], [ -97.814496, 30.322363 ], [ -97.814627, 30.322256 ], [ -97.814752, 30.322163 ], [ -97.815052, 30.321932 ], [ -97.815236, 30.321809 ], [ -97.81552, 30.321631 ], [ -97.815972, 30.32139 ], [ -97.81605, 30.321348 ], [ -97.816321, 30.321203 ], [ -97.81709, 30.320802 ], [ -97.818138, 30.320256 ], [ -97.819213, 30.319695 ], [ -97.820193, 30.319183 ], [ -97.820355, 30.319098 ], [ -97.820635, 30.318953 ], [ -97.821422, 30.318527 ], [ -97.821493, 30.318488 ], [ -97.822346, 30.318017 ], [ -97.822652, 30.317848 ], [ -97.823361, 30.31748 ], [ -97.824193, 30.317048 ], [ -97.824313, 30.316971 ], [ -97.824419, 30.316895 ], [ -97.824929, 30.316507 ], [ -97.825068, 30.316369 ], [ -97.825263, 30.316192 ], [ -97.825298, 30.316151 ], [ -97.825584, 30.315824 ], [ -97.825751, 30.315619 ], [ -97.82577, 30.315596 ], [ -97.825868, 30.315468 ], [ -97.825907, 30.31542 ], [ -97.825935, 30.31539 ], [ -97.826272, 30.314776 ], [ -97.8263, 30.314705 ], [ -97.826347, 30.314553 ], [ -97.826524, 30.314022 ], [ -97.826585, 30.31379 ], [ -97.826675, 30.313384 ], [ -97.82669, 30.313197 ], [ -97.826674, 30.31285 ], [ -97.826655, 30.312608 ], [ -97.826649, 30.312532 ], [ -97.826618, 30.312192 ], [ -97.826592, 30.312036 ], [ -97.826582, 30.311974 ], [ -97.826532, 30.311714 ], [ -97.825781, 30.309271 ], [ -97.825323, 30.307782 ], [ -97.82517, 30.307235 ], [ -97.825113, 30.307063 ], [ -97.825062, 30.306828 ], [ -97.825013, 30.306572 ], [ -97.824997, 30.30639 ], [ -97.82501, 30.306044 ], [ -97.825064, 30.305539 ], [ -97.825072, 30.305471 ], [ -97.825096, 30.305388 ], [ -97.825125, 30.305311 ], [ -97.825308, 30.30482 ], [ -97.825452, 30.304499 ], [ -97.82564, 30.304157 ], [ -97.8262, 30.303137 ], [ -97.826247, 30.303051 ], [ -97.826919, 30.301884 ], [ -97.827055, 30.301584 ], [ -97.827216, 30.301287 ], [ -97.827471, 30.300624 ], [ -97.827508, 30.300474 ], [ -97.827585, 30.300214 ], [ -97.827636, 30.299965 ], [ -97.827687, 30.299613 ], [ -97.827713, 30.299485 ], [ -97.827717, 30.299399 ], [ -97.82772, 30.299324 ], [ -97.827827, 30.297837 ], [ -97.82797, 30.29565 ], [ -97.828014, 30.294981 ], [ -97.828018, 30.294916 ], [ -97.828145, 30.292994 ], [ -97.828191, 30.292336 ], [ -97.828216, 30.291972 ], [ -97.828222, 30.291714 ], [ -97.828204, 30.291463 ], [ -97.828204, 30.291208 ], [ -97.828181, 30.290979 ], [ -97.828172, 30.290859 ], [ -97.828163, 30.290735 ], [ -97.82816, 30.290657 ], [ -97.828132, 30.290488 ], [ -97.828035, 30.290052 ], [ -97.827882, 30.289588 ], [ -97.827857, 30.289512 ], [ -97.827637, 30.288944 ], [ -97.827458, 30.288536 ], [ -97.827256, 30.28818 ], [ -97.827071, 30.287882 ], [ -97.826844, 30.287534 ], [ -97.826596, 30.287218 ], [ -97.826271, 30.286801 ], [ -97.826112, 30.286593 ], [ -97.825228, 30.285333 ], [ -97.82421, 30.284015 ], [ -97.824024, 30.283767 ], [ -97.822096, 30.281138 ], [ -97.819907, 30.27821 ], [ -97.819522, 30.277696 ], [ -97.819429, 30.277589 ], [ -97.81933, 30.277432 ], [ -97.818193, 30.275841 ], [ -97.818008, 30.275557 ], [ -97.8178, 30.275151 ], [ -97.817674, 30.274827 ], [ -97.81764, 30.274728 ], [ -97.817567, 30.274511 ], [ -97.817486, 30.274182 ], [ -97.817432, 30.27378 ], [ -97.817397, 30.273389 ], [ -97.817393, 30.273289 ], [ -97.817443, 30.272628 ], [ -97.817476, 30.272337 ], [ -97.817574, 30.271745 ], [ -97.817598, 30.271621 ], [ -97.817608, 30.271507 ], [ -97.817652, 30.271142 ], [ -97.817911, 30.268991 ], [ -97.81796, 30.268584 ], [ -97.817966, 30.268532 ], [ -97.81803, 30.26806 ], [ -97.818088, 30.267577 ], [ -97.818098, 30.267187 ], [ -97.818089, 30.267039 ], [ -97.818073, 30.266886 ], [ -97.818065, 30.266707 ], [ -97.818046, 30.266479 ], [ -97.817977, 30.266142 ], [ -97.817954, 30.266043 ], [ -97.817914, 30.265874 ], [ -97.817898, 30.265824 ], [ -97.817837, 30.265628 ], [ -97.817752, 30.265431 ], [ -97.817666, 30.265267 ], [ -97.817368, 30.264766 ], [ -97.817337, 30.264714 ], [ -97.817298, 30.264649 ], [ -97.816863, 30.264058 ], [ -97.816781, 30.263922 ], [ -97.816763, 30.263898 ], [ -97.816711, 30.263829 ], [ -97.816598, 30.263682 ], [ -97.816564, 30.26367 ], [ -97.816037, 30.263021 ], [ -97.815826, 30.262761 ], [ -97.815793, 30.262721 ], [ -97.815559, 30.262431 ], [ -97.813184, 30.259406 ], [ -97.813066, 30.259256 ], [ -97.812221, 30.25818 ], [ -97.81218, 30.25812 ], [ -97.812101, 30.257995 ], [ -97.812008, 30.257908 ], [ -97.808781, 30.253778 ], [ -97.80713, 30.251665 ], [ -97.806979, 30.251476 ], [ -97.806746, 30.251185 ], [ -97.806661, 30.251063 ], [ -97.806543, 30.250916 ], [ -97.806217, 30.250538 ], [ -97.805424, 30.249566 ], [ -97.804346, 30.248162 ], [ -97.804291, 30.248091 ], [ -97.804067, 30.247802 ], [ -97.804007, 30.247739 ], [ -97.803948, 30.247633 ], [ -97.803628, 30.247212 ], [ -97.803524, 30.247084 ], [ -97.80347, 30.247017 ], [ -97.803192, 30.246611 ], [ -97.803027, 30.246331 ], [ -97.802836, 30.245995 ], [ -97.802432, 30.245197 ], [ -97.802231, 30.244777 ], [ -97.801006, 30.242343 ], [ -97.800947, 30.242199 ], [ -97.800868, 30.242066 ], [ -97.800295, 30.240902 ], [ -97.79963, 30.239552 ], [ -97.799228, 30.238682 ], [ -97.79908, 30.238383 ], [ -97.798672, 30.237557 ], [ -97.798321, 30.236813 ], [ -97.798147, 30.236485 ], [ -97.798042, 30.236332 ], [ -97.79754, 30.235664 ], [ -97.797479, 30.235594 ], [ -97.797173, 30.235236 ], [ -97.796672, 30.23474 ], [ -97.796442, 30.234553 ], [ -97.796286, 30.234428 ], [ -97.796144, 30.234314 ], [ -97.796117, 30.234292 ], [ -97.79606, 30.234245 ], [ -97.795897, 30.234126 ], [ -97.795751, 30.234025 ], [ -97.795649, 30.23396 ], [ -97.79508, 30.233622 ], [ -97.794058, 30.233012 ], [ -97.794021, 30.23299 ], [ -97.793269, 30.232541 ] ] } },
{ "type": "Feature", "properties": { "LINEARID": "11013807189822", "FULLNAME": "State Loop 1", "RTTYP": "S", "MTFCC": "S1100", "NAME": "Travis" }, "geometry": { "type": "LineString", "coordinates": [ [ -97.699297, 30.4602 ], [ -97.698692, 30.45842 ], [ -97.698191, 30.457069 ], [ -97.698028, 30.456638 ], [ -97.697504, 30.455124 ], [ -97.697026, 30.453563 ], [ -97.696863, 30.452771 ], [ -97.69673, 30.45208 ], [ -97.696654, 30.451688 ], [ -97.696514, 30.450546 ], [ -97.696467, 30.449941 ], [ -97.696453, 30.449772 ], [ -97.696455, 30.449609 ], [ -97.696456, 30.449565 ], [ -97.696456, 30.449552 ], [ -97.69646, 30.449311 ], [ -97.69649, 30.448214 ], [ -97.696499, 30.4479 ], [ -97.696564, 30.446929 ], [ -97.696635, 30.44637 ], [ -97.696722, 30.445742 ], [ -97.696802, 30.445249 ], [ -97.697144, 30.443826 ], [ -97.697923, 30.441871 ], [ -97.698447, 30.440575 ], [ -97.698503, 30.440441 ], [ -97.698527, 30.440298 ], [ -97.698589, 30.440157 ], [ -97.69867, 30.439971 ], [ -97.699051, 30.438969 ], [ -97.699298, 30.437952 ], [ -97.699369, 30.437061 ], [ -97.699497, 30.435813 ], [ -97.699523, 30.435659 ], [ -97.699632, 30.435026 ], [ -97.699749, 30.434373 ], [ -97.699807, 30.43408 ], [ -97.700109, 30.433238 ], [ -97.700205, 30.432957 ], [ -97.700403, 30.432379 ], [ -97.70092, 30.430988 ], [ -97.700999, 30.430773 ], [ -97.701074, 30.430544 ], [ -97.701381, 30.429613 ], [ -97.701842, 30.428071 ], [ -97.701924, 30.427787 ], [ -97.702452, 30.42597 ], [ -97.703226, 30.423739 ], [ -97.703464, 30.423047 ], [ -97.70378, 30.422177 ], [ -97.703898, 30.421814 ], [ -97.704338, 30.420566 ], [ -97.704373, 30.420466 ], [ -97.704406, 30.420384 ], [ -97.704884, 30.419191 ], [ -97.705172, 30.41816 ], [ -97.705911, 30.416217 ], [ -97.706094, 30.415799 ], [ -97.706542, 30.414954 ], [ -97.706623, 30.414851 ], [ -97.707459, 30.413825 ], [ -97.708693, 30.41264 ], [ -97.709579, 30.411734 ], [ -97.709971, 30.411333 ], [ -97.710078, 30.411244 ], [ -97.710746, 30.410691 ], [ -97.71082, 30.410646 ], [ -97.710858, 30.410622 ], [ -97.711076, 30.410461 ], [ -97.711209, 30.410373 ], [ -97.711276, 30.410328 ], [ -97.711586, 30.410131 ], [ -97.71191, 30.40997 ], [ -97.711954, 30.409948 ], [ -97.712803, 30.409485 ], [ -97.713431, 30.409242 ], [ -97.713961, 30.409046 ], [ -97.714476, 30.408889 ], [ -97.71599, 30.40858 ], [ -97.716149, 30.408568 ], [ -97.716232, 30.408554 ], [ -97.717545, 30.408335 ], [ -97.718574, 30.408222 ], [ -97.719591, 30.407959 ], [ -97.720665, 30.407596 ], [ -97.7213, 30.407342 ], [ -97.722498, 30.406761 ], [ -97.724428, 30.405676 ], [ -97.725854, 30.404846 ], [ -97.727287, 30.403619 ], [ -97.728116, 30.402932 ], [ -97.728199, 30.402844 ], [ -97.728382, 30.402652 ], [ -97.728571, 30.402464 ], [ -97.728709, 30.40233 ], [ -97.728807, 30.402221 ], [ -97.729113, 30.401881 ], [ -97.73006, 30.400834 ], [ -97.731379, 30.398942 ], [ -97.731654, 30.398511 ], [ -97.732115, 30.397765 ], [ -97.732573, 30.396706 ], [ -97.732732, 30.396254 ], [ -97.732871, 30.395896 ], [ -97.732886, 30.395848 ], [ -97.733335, 30.394434 ], [ -97.733752, 30.392794 ], [ -97.734239, 30.390881 ], [ -97.734474, 30.389983 ], [ -97.734481, 30.389958 ], [ -97.734508, 30.389861 ], [ -97.734537, 30.389758 ], [ -97.73462, 30.389476 ], [ -97.734704, 30.389195 ], [ -97.734905, 30.388286 ], [ -97.735048, 30.387728 ], [ -97.735233, 30.387012 ], [ -97.735479, 30.386054 ], [ -97.735731, 30.385117 ], [ -97.735904, 30.38448 ], [ -97.736132, 30.3838 ], [ -97.736189, 30.383655 ], [ -97.736496, 30.382883 ], [ -97.736743, 30.382259 ], [ -97.737262, 30.381139 ], [ -97.737741, 30.380106 ], [ -97.737863, 30.379847 ], [ -97.737901, 30.379756 ], [ -97.737918, 30.379716 ], [ -97.737933, 30.379681 ], [ -97.737948, 30.379643 ], [ -97.738028, 30.379452 ], [ -97.738049, 30.379398 ], [ -97.738094, 30.379293 ], [ -97.738199, 30.379078 ], [ -97.738305, 30.378843 ], [ -97.738435, 30.378555 ], [ -97.739812, 30.375422 ], [ -97.739986, 30.375027 ], [ -97.740422, 30.373818 ], [ -97.740722, 30.373013 ], [ -97.740969, 30.372344 ], [ -97.741045, 30.372158 ], [ -97.741128, 30.371958 ], [ -97.741665, 30.370651 ], [ -97.74197, 30.369908 ], [ -97.742177, 30.369375 ], [ -97.742545, 30.368429 ], [ -97.742601, 30.368247 ], [ -97.742787, 30.367644 ], [ -97.743235, 30.365428 ], [ -97.743457, 30.364583 ], [ -97.743641, 30.364015 ], [ -97.744022, 30.362963 ], [ -97.744452, 30.362009 ], [ -97.744736, 30.361297 ], [ -97.744769, 30.36121 ], [ -97.744895, 30.360965 ], [ -97.745033, 30.36066 ], [ -97.745902, 30.357883 ], [ -97.746063, 30.357311 ], [ -97.746135, 30.357102 ], [ -97.74641, 30.356315 ], [ -97.746654, 30.355816 ], [ -97.746764, 30.355555 ], [ -97.746943, 30.355211 ], [ -97.747047, 30.35504 ], [ -97.747485, 30.354436 ], [ -97.747868, 30.353891 ], [ -97.748081, 30.353601 ], [ -97.748777, 30.352657 ], [ -97.748964, 30.352237 ], [ -97.74903, 30.352022 ], [ -97.749081, 30.35179 ], [ -97.74909, 30.351732 ], [ -97.749231, 30.351097 ], [ -97.749477, 30.349924 ], [ -97.749575, 30.349554 ], [ -97.749642, 30.349317 ], [ -97.749753, 30.349025 ], [ -97.749879, 30.348733 ], [ -97.750046, 30.348411 ], [ -97.750619, 30.347268 ], [ -97.753972, 30.340449 ], [ -97.755384, 30.33751 ], [ -97.755614, 30.336593 ], [ -97.755701, 30.336195 ], [ -97.755753, 30.335848 ], [ -97.755798, 30.335332 ], [ -97.755782, 30.3345 ], [ -97.755819, 30.333768 ], [ -97.755867, 30.330904 ], [ -97.755962, 30.32634 ], [ -97.755986, 30.325107 ], [ -97.755991, 30.325013 ], [ -97.756119, 30.322161 ], [ -97.756137, 30.32147 ], [ -97.756138, 30.321419 ], [ -97.756137, 30.321379 ], [ -97.756129, 30.320995 ], [ -97.756178, 30.319739 ], [ -97.75633, 30.318529 ], [ -97.756576, 30.316609 ], [ -97.756783, 30.314842 ], [ -97.756915, 30.313495 ], [ -97.757103, 30.311959 ], [ -97.757269, 30.310799 ], [ -97.757496, 30.30971 ], [ -97.75764, 30.309037 ], [ -97.757748, 30.30845 ], [ -97.757844, 30.307745 ], [ -97.758195, 30.306259 ], [ -97.758263, 30.305806 ], [ -97.758352, 30.305404 ], [ -97.758598, 30.304193 ], [ -97.758646, 30.303845 ], [ -97.7587, 30.302974 ], [ -97.758452, 30.300407 ], [ -97.758415, 30.300114 ], [ -97.758406, 30.299995 ], [ -97.758405, 30.299737 ], [ -97.75838, 30.299489 ], [ -97.758384, 30.299335 ], [ -97.758378, 30.298982 ], [ -97.758429, 30.298524 ], [ -97.758519, 30.298001 ], [ -97.758576, 30.297793 ], [ -97.758705, 30.297336 ], [ -97.759225, 30.295448 ], [ -97.759588, 30.29413 ], [ -97.759823, 30.293247 ], [ -97.760187, 30.292286 ], [ -97.7602, 30.292254 ], [ -97.760448, 30.291656 ], [ -97.761499, 30.28976 ], [ -97.761922, 30.289128 ], [ -97.764066, 30.286025 ], [ -97.764916, 30.284804 ], [ -97.765315, 30.284174 ], [ -97.765519, 30.283784 ], [ -97.766229, 30.282346 ], [ -97.766543, 30.281702 ], [ -97.766848, 30.281079 ], [ -97.767284, 30.28021 ], [ -97.767499, 30.279786 ], [ -97.768356, 30.278464 ], [ -97.768514, 30.27822 ], [ -97.768846, 30.27778 ], [ -97.768908, 30.277697 ], [ -97.769098, 30.277445 ], [ -97.769349, 30.277139 ], [ -97.769384, 30.277101 ], [ -97.769441, 30.277028 ], [ -97.769519, 30.276931 ], [ -97.769615, 30.276816 ], [ -97.769695, 30.276717 ], [ -97.769955, 30.276373 ], [ -97.77069, 30.275326 ], [ -97.770846, 30.275126 ], [ -97.771415, 30.274399 ], [ -97.771548, 30.274229 ], [ -97.771736, 30.273988 ], [ -97.771773, 30.27394 ], [ -97.771829, 30.273861 ], [ -97.772107, 30.273464 ], [ -97.772131, 30.27343 ], [ -97.773069, 30.272197 ], [ -97.773146, 30.272103 ], [ -97.773647, 30.271497 ], [ -97.773993, 30.271085 ], [ -97.774459, 30.270646 ], [ -97.776326, 30.269396 ], [ -97.777411, 30.268682 ], [ -97.777955, 30.26832 ], [ -97.778433, 30.268003 ], [ -97.780056, 30.267061 ], [ -97.78092, 30.266627 ], [ -97.782399, 30.265959 ], [ -97.782569, 30.265882 ], [ -97.78259, 30.265874 ], [ -97.782742, 30.265819 ], [ -97.78342, 30.265572 ], [ -97.784124, 30.265311 ], [ -97.786738, 30.264452 ], [ -97.787187, 30.264271 ], [ -97.787447, 30.264148 ], [ -97.787739, 30.26401 ], [ -97.789098, 30.263297 ], [ -97.789642, 30.263009 ], [ -97.78989, 30.262878 ], [ -97.79129, 30.262106 ], [ -97.79161, 30.261961 ], [ -97.792628, 30.26139 ], [ -97.793685, 30.260795 ], [ -97.794561, 30.260298 ], [ -97.795366, 30.259847 ], [ -97.797575, 30.258611 ], [ -97.797761, 30.25851 ], [ -97.799935, 30.257335 ], [ -97.800872, 30.256821 ], [ -97.801607, 30.256416 ], [ -97.802202, 30.256073 ], [ -97.803245, 30.255368 ], [ -97.803657, 30.255038 ], [ -97.80404, 30.254668 ], [ -97.804567, 30.254092 ], [ -97.804619, 30.254036 ], [ -97.805006, 30.253529 ], [ -97.805408, 30.252847 ], [ -97.805777, 30.25212 ], [ -97.806002, 30.251517 ], [ -97.806046, 30.251391 ], [ -97.806163, 30.250904 ], [ -97.806175, 30.250821 ], [ -97.806217, 30.250538 ], [ -97.806243, 30.250361 ], [ -97.806268, 30.250213 ], [ -97.806388, 30.249569 ], [ -97.806492, 30.248801 ], [ -97.80659, 30.248068 ], [ -97.806646, 30.247847 ], [ -97.806784, 30.247294 ], [ -97.806908, 30.246799 ], [ -97.807077, 30.246343 ], [ -97.807196, 30.246089 ], [ -97.807409, 30.245719 ], [ -97.80744, 30.245678 ], [ -97.80765, 30.245408 ], [ -97.808021, 30.244991 ], [ -97.808195, 30.244795 ], [ -97.808974, 30.244108 ], [ -97.809922, 30.243522 ], [ -97.809948, 30.24351 ], [ -97.810678, 30.243185 ], [ -97.810715, 30.243166 ], [ -97.812519, 30.242245 ], [ -97.81404, 30.241497 ], [ -97.815177, 30.240938 ], [ -97.815318, 30.240861 ], [ -97.815686, 30.240662 ], [ -97.817088, 30.239972 ], [ -97.818181, 30.239482 ], [ -97.81894, 30.239108 ], [ -97.818963, 30.239096 ], [ -97.820055, 30.238633 ], [ -97.821285, 30.238121 ], [ -97.821636, 30.237974 ], [ -97.822484, 30.237597 ], [ -97.822854, 30.237384 ], [ -97.822939, 30.237336 ], [ -97.823101, 30.237246 ], [ -97.823682, 30.236873 ], [ -97.823813, 30.236766 ], [ -97.824019, 30.236584 ], [ -97.824174, 30.236417 ], [ -97.824271, 30.236304 ], [ -97.824316, 30.236233 ], [ -97.824403, 30.236119 ], [ -97.824493, 30.235987 ], [ -97.824682, 30.235683 ], [ -97.824716, 30.235643 ], [ -97.824775, 30.235524 ], [ -97.824827, 30.235416 ], [ -97.82488, 30.235344 ], [ -97.825063, 30.235026 ], [ -97.825176, 30.234804 ], [ -97.82537, 30.234421 ], [ -97.826012, 30.233293 ], [ -97.826703, 30.23214 ], [ -97.827673, 30.230471 ], [ -97.827935, 30.230035 ], [ -97.828753, 30.228988 ], [ -97.829242, 30.228506 ], [ -97.830176, 30.227586 ], [ -97.830965, 30.226745 ], [ -97.833612, 30.224087 ], [ -97.833848, 30.223865 ], [ -97.834101, 30.223604 ], [ -97.834387, 30.223281 ], [ -97.834882, 30.222705 ], [ -97.835361, 30.222044 ], [ -97.835861, 30.22134 ], [ -97.83617, 30.220857 ], [ -97.836478, 30.220458 ], [ -97.836591, 30.220312 ], [ -97.836679, 30.220157 ], [ -97.83679, 30.219992 ], [ -97.837466, 30.219142 ], [ -97.838294, 30.218345 ], [ -97.839014, 30.217811 ], [ -97.839614, 30.217506 ], [ -97.839918, 30.217331 ], [ -97.840037, 30.217262 ], [ -97.840467, 30.217078 ], [ -97.840859, 30.216925 ], [ -97.841139, 30.216831 ], [ -97.841458, 30.216747 ], [ -97.841726, 30.216697 ], [ -97.842311, 30.216615 ], [ -97.84271, 30.21659 ], [ -97.843072, 30.216573 ], [ -97.843224, 30.216571 ], [ -97.843428, 30.21657 ], [ -97.844208, 30.216609 ], [ -97.844559, 30.216614 ], [ -97.844848, 30.216625 ], [ -97.845399, 30.216635 ], [ -97.846076, 30.216651 ], [ -97.846183, 30.216654 ], [ -97.846685, 30.216684 ], [ -97.84679, 30.216691 ], [ -97.848116, 30.216771 ], [ -97.848577, 30.216783 ], [ -97.848809, 30.216785 ], [ -97.849145, 30.216769 ], [ -97.84973, 30.216706 ], [ -97.849934, 30.216669 ], [ -97.850067, 30.21664 ], [ -97.850477, 30.216545 ], [ -97.850754, 30.216465 ], [ -97.850979, 30.216387 ], [ -97.851225, 30.21629 ], [ -97.851558, 30.21615 ], [ -97.851755, 30.216055 ], [ -97.851968, 30.215941 ], [ -97.852617, 30.215555 ], [ -97.853201, 30.215209 ], [ -97.853697, 30.21489 ], [ -97.854312, 30.214504 ], [ -97.85503, 30.214034 ], [ -97.855308, 30.213808 ], [ -97.856367, 30.213001 ], [ -97.857328, 30.212249 ], [ -97.857498, 30.212087 ] ] } },
{ "type": "Feature", "properties": { "LINEARID": "1108296492145", "FULLNAME": "State Loop 1", "RTTYP": "S", "MTFCC": "S1100", "NAME": "Travis" }, "geometry": { "type": "LineString", "coordinates": [ [ -97.771045, 30.274351 ], [ -97.771147, 30.27422 ], [ -97.771466, 30.273814 ], [ -97.771605, 30.273636 ], [ -97.771738, 30.273464 ], [ -97.771872, 30.273293 ], [ -97.771977, 30.273158 ], [ -97.772866, 30.271987 ], [ -97.772946, 30.271892 ], [ -97.773718, 30.270994 ], [ -97.774233, 30.270536 ], [ -97.774334, 30.270443 ], [ -97.775938, 30.269331 ], [ -97.777271, 30.268463 ], [ -97.777298, 30.268445 ], [ -97.777683, 30.268177 ], [ -97.777949, 30.267993 ], [ -97.779842, 30.266906 ], [ -97.781494, 30.266067 ], [ -97.782287, 30.265735 ], [ -97.782483, 30.265653 ], [ -97.782554, 30.265624 ], [ -97.782624, 30.265594 ], [ -97.782747, 30.265542 ], [ -97.785728, 30.264582 ], [ -97.785805, 30.264557 ], [ -97.786296, 30.264377 ], [ -97.786637, 30.264241 ], [ -97.787063, 30.264049 ], [ -97.787223, 30.263962 ], [ -97.788694, 30.263164 ], [ -97.789477, 30.262719 ], [ -97.789684, 30.262602 ], [ -97.791575, 30.261581 ], [ -97.793529, 30.260472 ], [ -97.793948, 30.260234 ], [ -97.794368, 30.259997 ], [ -97.795045, 30.259632 ], [ -97.796855, 30.258657 ], [ -97.797424, 30.258344 ], [ -97.797642, 30.258224 ], [ -97.798371, 30.257826 ], [ -97.798803, 30.257585 ], [ -97.7991, 30.257384 ], [ -97.799588, 30.257009 ], [ -97.799874, 30.256748 ], [ -97.80013, 30.256464 ], [ -97.800809, 30.255592 ], [ -97.801157, 30.255038 ], [ -97.80171, 30.253593 ], [ -97.802363, 30.25189 ], [ -97.803342, 30.249627 ], [ -97.803373, 30.249564 ], [ -97.803736, 30.248961 ], [ -97.803881, 30.248726 ], [ -97.803984, 30.248559 ], [ -97.804134, 30.248315 ], [ -97.804164, 30.248266 ], [ -97.804291, 30.248091 ], [ -97.804441, 30.247886 ], [ -97.805052, 30.247098 ], [ -97.80555, 30.246519 ], [ -97.805893, 30.24616 ], [ -97.8062, 30.245853 ], [ -97.806577, 30.245497 ], [ -97.807357, 30.244789 ], [ -97.808177, 30.244178 ], [ -97.808656, 30.243896 ], [ -97.80986, 30.243188 ], [ -97.80989, 30.243172 ], [ -97.810672, 30.242774 ], [ -97.810988, 30.242613 ], [ -97.814135, 30.241089 ], [ -97.814558, 30.240885 ], [ -97.81499, 30.240659 ], [ -97.815017, 30.240644 ], [ -97.815138, 30.240589 ], [ -97.816487, 30.239924 ], [ -97.816864, 30.239734 ], [ -97.817601, 30.239369 ], [ -97.817783, 30.239285 ], [ -97.818195, 30.239097 ], [ -97.818789, 30.238861 ], [ -97.818947, 30.238796 ], [ -97.819783, 30.238443 ], [ -97.82, 30.238365 ], [ -97.820866, 30.238044 ], [ -97.820945, 30.23801 ], [ -97.821637, 30.237721 ], [ -97.822303, 30.237431 ], [ -97.822711, 30.237189 ], [ -97.822794, 30.237141 ], [ -97.82296, 30.237045 ], [ -97.823263, 30.236831 ], [ -97.823724, 30.236446 ], [ -97.824056, 30.236143 ], [ -97.824128, 30.236079 ], [ -97.824309, 30.235814 ], [ -97.824487, 30.235546 ], [ -97.824614, 30.235281 ], [ -97.824713, 30.235054 ], [ -97.824774, 30.234936 ], [ -97.825094, 30.234427 ], [ -97.825754, 30.233274 ], [ -97.826332, 30.232249 ], [ -97.826561, 30.231858 ], [ -97.827139, 30.230875 ], [ -97.827684, 30.230013 ], [ -97.828142, 30.229435 ], [ -97.828339, 30.229174 ], [ -97.829124, 30.22829 ], [ -97.830592, 30.226799 ], [ -97.830866, 30.226536 ], [ -97.833427, 30.223892 ], [ -97.833654, 30.223694 ], [ -97.833982, 30.223352 ], [ -97.834228, 30.223071 ], [ -97.834502, 30.222788 ], [ -97.834969, 30.222174 ], [ -97.83526, 30.221824 ], [ -97.836353, 30.220287 ], [ -97.836468, 30.220141 ], [ -97.836569, 30.219997 ], [ -97.836683, 30.219835 ], [ -97.837521, 30.218823 ], [ -97.837823, 30.218486 ], [ -97.838261, 30.218136 ], [ -97.838816, 30.217737 ], [ -97.839575, 30.217264 ], [ -97.840369, 30.216887 ], [ -97.840922, 30.216612 ], [ -97.841023, 30.21658 ], [ -97.84122, 30.216535 ], [ -97.841671, 30.216444 ], [ -97.842602, 30.216344 ], [ -97.84292, 30.216325 ], [ -97.843989, 30.216317 ], [ -97.844191, 30.216327 ], [ -97.844363, 30.21633 ], [ -97.844777, 30.216345 ], [ -97.846166, 30.216395 ], [ -97.846263, 30.216401 ], [ -97.846793, 30.216417 ], [ -97.847653, 30.216443 ], [ -97.848313, 30.21649 ], [ -97.8484, 30.216496 ], [ -97.849053, 30.216501 ], [ -97.849324, 30.216487 ], [ -97.849903, 30.216415 ], [ -97.850158, 30.216374 ], [ -97.850351, 30.21632 ], [ -97.85058, 30.21625 ], [ -97.851005, 30.216104 ], [ -97.85125, 30.216002 ], [ -97.851508, 30.215885 ], [ -97.851676, 30.215798 ], [ -97.852647, 30.215212 ], [ -97.853387, 30.214749 ], [ -97.853986, 30.214364 ], [ -97.854626, 30.213968 ], [ -97.85517, 30.213623 ], [ -97.856139, 30.212875 ], [ -97.85721, 30.211953 ] ] } },
{ "type": "Feature", "properties": { "LINEARID": "11010886943818", "FULLNAME": "State Loop 212", "RTTYP": "S", "MTFCC": "S1200", "NAME": "Travis" }, "geometry": { "type": "LineString", "coordinates": [ [ -97.559255, 30.348618 ], [ -97.559085, 30.348361 ], [ -97.558721, 30.34811 ], [ -97.558487, 30.348046 ], [ -97.558206, 30.348 ], [ -97.557147, 30.347824 ], [ -97.556613, 30.347723 ] ] } },
{ "type": "Feature", "properties": { "LINEARID": "1104475260433", "FULLNAME": "US Hwy 290", "RTTYP": "U", "MTFCC": "S1200", "NAME": "Travis" }, "geometry": { "type": "LineString", "coordinates": [ [ -97.856661, 30.234995 ], [ -97.856932, 30.234978 ], [ -97.857421, 30.234963 ], [ -97.857586, 30.234958 ], [ -97.857734, 30.23495 ], [ -97.858079, 30.234956 ], [ -97.85839, 30.235038 ], [ -97.85917, 30.235291 ], [ -97.859678, 30.235351 ], [ -97.859949, 30.235336 ], [ -97.860274, 30.235317 ], [ -97.860644, 30.235296 ] ] } },
{ "type": "Feature", "properties": { "LINEARID": "1108296488333", "FULLNAME": "State Hwy 71", "RTTYP": "S", "MTFCC": "S1200", "NAME": "Travis" }, "geometry": { "type": "LineString", "coordinates": [ [ -97.856661, 30.234995 ], [ -97.856932, 30.234978 ], [ -97.857421, 30.234963 ], [ -97.857586, 30.234958 ], [ -97.857734, 30.23495 ], [ -97.858079, 30.234956 ], [ -97.85839, 30.235038 ], [ -97.85917, 30.235291 ], [ -97.859678, 30.235351 ], [ -97.859949, 30.235336 ], [ -97.860274, 30.235317 ], [ -97.860644, 30.235296 ] ] } },
{ "type": "Feature", "properties": { "LINEARID": "1108296491869", "FULLNAME": "US Hwy 290", "RTTYP": "U", "MTFCC": "S1100", "NAME": "Travis" }, "geometry": { "type": "LineString", "coordinates": [ [ -97.756901, 30.219231 ], [ -97.75862, 30.219995 ], [ -97.758687, 30.220032 ], [ -97.759141, 30.220253 ], [ -97.760427, 30.220878 ], [ -97.761567, 30.221457 ], [ -97.761667, 30.221508 ], [ -97.76251, 30.221941 ], [ -97.762582, 30.221978 ], [ -97.763688, 30.222676 ], [ -97.763955, 30.222844 ], [ -97.764149, 30.222964 ], [ -97.764818, 30.223376 ], [ -97.764938, 30.223467 ], [ -97.765354, 30.223783 ], [ -97.765686, 30.224029 ], [ -97.766116, 30.224315 ], [ -97.767242, 30.22507 ], [ -97.767591, 30.225304 ], [ -97.767723, 30.225398 ], [ -97.768078, 30.225628 ], [ -97.768352, 30.225812 ], [ -97.768859, 30.226138 ], [ -97.769164, 30.226343 ], [ -97.769261, 30.226399 ], [ -97.769466, 30.226518 ], [ -97.769661, 30.22662 ], [ -97.769726, 30.226654 ], [ -97.769839, 30.226722 ], [ -97.770278, 30.226915 ], [ -97.770543, 30.227022 ], [ -97.770714, 30.227083 ], [ -97.770921, 30.227145 ], [ -97.771167, 30.227227 ], [ -97.771717, 30.227378 ], [ -97.771992, 30.227442 ], [ -97.772065, 30.227459 ], [ -97.772331, 30.227531 ], [ -97.772723, 30.227583 ], [ -97.772955, 30.227609 ], [ -97.773438, 30.227638 ], [ -97.775924, 30.227586 ], [ -97.776418, 30.227581 ], [ -97.776492, 30.22758 ], [ -97.776594, 30.227581 ], [ -97.777694, 30.227593 ], [ -97.778947, 30.227655 ], [ -97.779489, 30.227682 ], [ -97.779842, 30.227698 ], [ -97.78129, 30.227762 ], [ -97.781323, 30.227763 ], [ -97.781731, 30.22779 ], [ -97.782375, 30.227852 ], [ -97.783232, 30.227979 ], [ -97.783704, 30.228084 ], [ -97.784368, 30.228256 ], [ -97.784406, 30.228267 ], [ -97.784983, 30.228429 ], [ -97.785603, 30.22864 ], [ -97.785974, 30.228782 ], [ -97.786096, 30.228845 ], [ -97.786569, 30.229044 ], [ -97.786915, 30.229205 ], [ -97.787149, 30.229309 ], [ -97.788191, 30.229827 ], [ -97.788341, 30.229902 ], [ -97.788456, 30.229956 ], [ -97.789854, 30.230617 ], [ -97.79118, 30.231207 ], [ -97.791793, 30.23151 ], [ -97.792001, 30.231613 ], [ -97.792882, 30.232051 ], [ -97.793453, 30.232338 ], [ -97.793839, 30.232501 ], [ -97.794482, 30.232773 ], [ -97.794677, 30.232852 ], [ -97.794811, 30.232896 ], [ -97.795649, 30.233088 ], [ -97.795764, 30.233116 ], [ -97.795937, 30.233146 ], [ -97.796101, 30.233166 ], [ -97.79629, 30.233184 ], [ -97.796483, 30.233196 ], [ -97.796762, 30.233182 ], [ -97.797246, 30.233146 ], [ -97.797457, 30.23313 ], [ -97.797741, 30.233085 ], [ -97.798017, 30.233047 ], [ -97.79877, 30.232876 ], [ -97.799624, 30.232648 ], [ -97.80062, 30.23237 ], [ -97.80084, 30.232299 ], [ -97.801728, 30.232072 ], [ -97.803335, 30.231805 ], [ -97.803399, 30.231794 ], [ -97.803638, 30.231754 ], [ -97.804343, 30.231654 ], [ -97.805047, 30.231619 ], [ -97.805498, 30.231637 ], [ -97.806075, 30.231712 ], [ -97.807562, 30.232158 ], [ -97.809479, 30.232924 ], [ -97.810283, 30.233213 ], [ -97.810948, 30.233382 ], [ -97.81131, 30.233436 ], [ -97.811434, 30.233453 ], [ -97.811725, 30.233494 ], [ -97.81201, 30.2335 ], [ -97.812575, 30.233511 ], [ -97.812889, 30.233477 ], [ -97.813307, 30.233431 ], [ -97.813619, 30.233397 ], [ -97.814273, 30.233327 ], [ -97.81814, 30.232953 ], [ -97.818364, 30.232931 ], [ -97.818579, 30.232943 ], [ -97.818994, 30.232966 ], [ -97.819439, 30.233066 ], [ -97.81996, 30.233225 ], [ -97.820611, 30.233501 ], [ -97.820688, 30.233534 ], [ -97.820715, 30.233545 ], [ -97.820849, 30.233602 ], [ -97.821602, 30.233938 ], [ -97.823901, 30.234965 ], [ -97.824332, 30.235156 ], [ -97.824614, 30.235281 ], [ -97.824827, 30.235416 ], [ -97.825291, 30.235607 ], [ -97.825428, 30.235647 ], [ -97.82579, 30.235746 ], [ -97.826045, 30.235813 ], [ -97.826896, 30.236057 ], [ -97.827609, 30.23623 ], [ -97.828232, 30.236306 ], [ -97.828559, 30.236329 ], [ -97.829186, 30.236373 ], [ -97.830086, 30.236422 ], [ -97.831859, 30.236446 ], [ -97.832988, 30.236446 ], [ -97.83393, 30.236446 ], [ -97.839588, 30.236448 ], [ -97.839824, 30.236448 ], [ -97.84007, 30.236448 ], [ -97.84098, 30.236448 ], [ -97.841789, 30.236449 ], [ -97.842506, 30.23646 ], [ -97.843636, 30.236395 ], [ -97.844631, 30.236316 ], [ -97.846124, 30.236181 ], [ -97.846564, 30.236106 ], [ -97.847281, 30.235941 ], [ -97.847653, 30.235879 ], [ -97.848551, 30.235729 ], [ -97.850301, 30.235412 ], [ -97.851301, 30.235269 ], [ -97.851866, 30.235216 ], [ -97.852018, 30.235202 ], [ -97.852109, 30.235197 ], [ -97.852342, 30.235185 ], [ -97.852797, 30.235163 ], [ -97.853964, 30.235133 ], [ -97.85553, 30.235123 ], [ -97.855809, 30.235121 ], [ -97.856126, 30.23511 ], [ -97.856385, 30.235068 ], [ -97.856661, 30.234995 ] ] } },
{ "type": "Feature", "properties": { "LINEARID": "1104475260431", "FULLNAME": "US Hwy 290", "RTTYP": "U", "MTFCC": "S1200", "NAME": "Travis" }, "geometry": { "type": "LineString", "coordinates": [ [ -97.860644, 30.235296 ], [ -97.864779, 30.234061 ], [ -97.864933, 30.23404 ], [ -97.866032, 30.233894 ], [ -97.867505, 30.234078 ], [ -97.868944, 30.234051 ], [ -97.871215, 30.234012 ], [ -97.871638, 30.233993 ] ] } },
{ "type": "Feature", "properties": { "LINEARID": "110485845771", "FULLNAME": "Airport Blvd", "RTTYP": "M", "MTFCC": "S1200", "NAME": "Travis" }, "geometry": { "type": "LineString", "coordinates": [ [ -97.692464, 30.253104 ], [ -97.692546, 30.253725 ], [ -97.69277, 30.255154 ], [ -97.693201, 30.257472 ], [ -97.693352, 30.258285 ], [ -97.693619, 30.259314 ], [ -97.693864, 30.260094 ], [ -97.694534, 30.262353 ], [ -97.694547, 30.262393 ], [ -97.694586, 30.262516 ], [ -97.695509, 30.26561 ], [ -97.696047, 30.267359 ], [ -97.696272, 30.268101 ], [ -97.696706, 30.269557 ], [ -97.697907, 30.273556 ], [ -97.698437, 30.274661 ], [ -97.698514, 30.27475 ], [ -97.698848, 30.27514 ], [ -97.699062, 30.275388 ], [ -97.700329, 30.276862 ], [ -97.700825, 30.277592 ], [ -97.701241, 30.278297 ], [ -97.701715, 30.279019 ], [ -97.702117, 30.279734 ], [ -97.703036, 30.281153 ], [ -97.703945, 30.282572 ] ] } },
{ "type": "Feature", "properties": { "LINEARID": "11014563003874", "FULLNAME": "State Hwy 45", "RTTYP": "S", "MTFCC": "S1100", "NAME": "Travis" }, "geometry": { "type": "LineString", "coordinates": [ [ -97.678576, 30.093251 ], [ -97.679215, 30.092698 ], [ -97.681117, 30.09092 ], [ -97.682921, 30.089253 ], [ -97.684035, 30.088197 ], [ -97.685487, 30.086829 ], [ -97.687246, 30.085209 ], [ -97.688265, 30.084232 ], [ -97.688949, 30.083674 ], [ -97.689955, 30.082976 ], [ -97.690946, 30.082487 ], [ -97.691965, 30.082026 ], [ -97.692952, 30.081678 ], [ -97.693178, 30.081622 ], [ -97.693363, 30.081586 ], [ -97.693818, 30.081457 ], [ -97.694052, 30.081404 ], [ -97.694906, 30.081198 ], [ -97.695473, 30.081095 ], [ -97.696209, 30.080961 ], [ -97.697092, 30.080886 ], [ -97.697588, 30.080843 ], [ -97.698267, 30.080832 ], [ -97.698837, 30.080831 ], [ -97.699678, 30.080853 ], [ -97.700826, 30.080993 ], [ -97.70152, 30.081101 ], [ -97.703986, 30.081521 ], [ -97.705936, 30.081834 ], [ -97.707509, 30.082103 ], [ -97.709178, 30.082351 ], [ -97.710438, 30.082447 ], [ -97.711602, 30.082437 ], [ -97.713024, 30.082329 ], [ -97.714564, 30.082178 ], [ -97.715727, 30.082038 ], [ -97.718356, 30.08178 ], [ -97.721986, 30.081435 ], [ -97.724829, 30.081166 ], [ -97.725648, 30.081144 ], [ -97.725669, 30.081133 ], [ -97.726283, 30.081144 ], [ -97.727522, 30.081252 ], [ -97.728621, 30.081403 ], [ -97.729773, 30.081693 ], [ -97.730377, 30.081887 ], [ -97.730926, 30.08206 ], [ -97.731809, 30.082383 ], [ -97.733791, 30.083277 ], [ -97.735221, 30.083956 ], [ -97.735642, 30.08415 ], [ -97.736351, 30.084438 ], [ -97.737163, 30.084828 ], [ -97.738811, 30.085604 ], [ -97.741557, 30.086853 ], [ -97.742997, 30.087527 ], [ -97.743078, 30.087565 ], [ -97.744153, 30.088038 ], [ -97.744551, 30.088219 ], [ -97.744886, 30.088372 ], [ -97.746437, 30.089061 ], [ -97.748193, 30.089858 ], [ -97.749399, 30.090386 ], [ -97.751392, 30.091162 ], [ -97.751497, 30.091199 ], [ -97.752932, 30.091711 ], [ -97.754731, 30.092293 ], [ -97.755256, 30.09245 ], [ -97.756395, 30.092872 ], [ -97.756567, 30.092957 ], [ -97.757866, 30.093381 ], [ -97.760968, 30.094458 ], [ -97.762121, 30.094825 ], [ -97.765556, 30.095977 ], [ -97.76854, 30.097032 ], [ -97.770852, 30.097816 ], [ -97.772536, 30.098389 ], [ -97.77454, 30.099111 ], [ -97.776134, 30.099671 ], [ -97.777555, 30.100188 ], [ -97.778816, 30.100759 ], [ -97.780583, 30.101642 ], [ -97.782047, 30.102473 ], [ -97.783437, 30.103204 ], [ -97.785053, 30.104217 ], [ -97.786001, 30.104874 ], [ -97.787746, 30.105962 ], [ -97.789539, 30.107116 ], [ -97.790502, 30.10777 ], [ -97.791591, 30.108536 ], [ -97.792776, 30.109344 ], [ -97.794155, 30.110227 ], [ -97.795141, 30.110846 ], [ -97.795738, 30.11124 ], [ -97.796482, 30.111585 ], [ -97.796902, 30.111757 ], [ -97.797397, 30.111962 ], [ -97.797957, 30.112112 ], [ -97.798561, 30.112209 ], [ -97.799045, 30.112285 ], [ -97.799659, 30.112306 ], [ -97.800413, 30.112306 ], [ -97.801534, 30.112285 ], [ -97.802542, 30.112246 ], [ -97.803614, 30.112215 ], [ -97.803775, 30.112217 ], [ -97.804932, 30.11223 ], [ -97.805682, 30.112123 ], [ -97.806204, 30.111978 ], [ -97.806234, 30.11197 ], [ -97.806532, 30.111866 ], [ -97.806849, 30.11171 ], [ -97.807091, 30.111576 ], [ -97.807226, 30.111486 ], [ -97.807345, 30.111403 ], [ -97.807485, 30.111277 ], [ -97.807578, 30.111183 ], [ -97.807743, 30.111046 ], [ -97.807851, 30.110961 ], [ -97.808177, 30.110655 ], [ -97.808442, 30.110291 ], [ -97.808764, 30.109523 ], [ -97.809037, 30.108688 ], [ -97.809054, 30.108626 ], [ -97.810009, 30.10643 ], [ -97.810192, 30.106071 ], [ -97.811204, 30.10409 ], [ -97.812502, 30.101362 ], [ -97.813205, 30.099767 ], [ -97.813471, 30.099139 ], [ -97.813561, 30.098874 ] ] } },
{ "type": "Feature", "properties": { "LINEARID": "1108296492206", "FULLNAME": "Ed Bluestein Blvd", "RTTYP": "M", "MTFCC": "S1100", "NAME": "Travis" }, "geometry": { "type": "LineString", "coordinates": [ [ -97.661324, 30.309114 ], [ -97.661453, 30.30966 ], [ -97.661644, 30.310469 ], [ -97.661824, 30.311233 ], [ -97.661999, 30.311974 ], [ -97.662197, 30.312858 ], [ -97.662343, 30.313512 ], [ -97.662675, 30.314998 ], [ -97.662722, 30.315166 ], [ -97.662893, 30.31577 ], [ -97.662942, 30.3159 ], [ -97.663016, 30.316097 ], [ -97.663133, 30.31638 ], [ -97.663146, 30.316427 ], [ -97.663441, 30.317044 ], [ -97.663578, 30.317302 ], [ -97.663764, 30.317628 ], [ -97.664242, 30.318339 ], [ -97.664723, 30.318913 ], [ -97.665657, 30.319818 ], [ -97.666522, 30.32064 ], [ -97.666616, 30.32073 ], [ -97.669199, 30.322613 ], [ -97.670236, 30.323352 ], [ -97.67035, 30.323448 ], [ -97.670464, 30.323543 ], [ -97.671151, 30.324128 ], [ -97.671586, 30.324462 ], [ -97.671973, 30.324758 ], [ -97.672217, 30.32497 ], [ -97.672429, 30.325104 ], [ -97.672558, 30.325188 ], [ -97.67296, 30.325496 ], [ -97.673009, 30.325536 ], [ -97.673031, 30.325555 ], [ -97.673141, 30.325646 ], [ -97.673228, 30.32572 ] ] } },
{ "type": "Feature", "properties": { "LINEARID": "1104475158169", "FULLNAME": "US Hwy 290", "RTTYP": "U", "MTFCC": "S1200", "NAME": "Travis" }, "geometry": { "type": "LineString", "coordinates": [ [ -97.871638, 30.233993 ], [ -97.872614, 30.233944 ], [ -97.873223, 30.233865 ], [ -97.873693, 30.233743 ], [ -97.874308, 30.233567 ], [ -97.874723, 30.233418 ], [ -97.875044, 30.233282 ], [ -97.875299, 30.233174 ], [ -97.87572, 30.232974 ], [ -97.876496, 30.232514 ], [ -97.878296, 30.2314 ] ] } },
{ "type": "Feature", "properties": { "LINEARID": "1105320994519", "FULLNAME": "State Loop 275", "RTTYP": "S", "MTFCC": "S1200", "NAME": "Travis" }, "geometry": { "type": "LineString", "coordinates": [ [ -97.6725, 30.42328 ], [ -97.672408, 30.423357 ], [ -97.672351, 30.42338 ], [ -97.672285, 30.423387 ], [ -97.672216, 30.423372 ], [ -97.672159, 30.423343 ], [ -97.672095, 30.423295 ] ] } },
{ "type": "Feature", "properties": { "LINEARID": "1104475157993", "FULLNAME": "State Hwy 71", "RTTYP": "S", "MTFCC": "S1200", "NAME": "Travis" }, "geometry": { "type": "LineString", "coordinates": [ [ -97.871638, 30.233993 ], [ -97.872614, 30.233944 ], [ -97.873162, 30.23398 ], [ -97.873577, 30.234017 ], [ -97.874107, 30.234121 ], [ -97.874577, 30.234218 ], [ -97.875308, 30.23448 ], [ -97.87578, 30.234695 ] ] } },
{ "type": "Feature", "properties": { "LINEARID": "11015669597707", "FULLNAME": "State Hwy 95", "RTTYP": "S", "MTFCC": "S1200", "NAME": "Travis" }, "geometry": { "type": "LineString", "coordinates": [ [ -97.382248, 30.424079 ], [ -97.382242, 30.423891 ], [ -97.382241, 30.423795 ], [ -97.382203, 30.423571 ], [ -97.382166, 30.422733 ], [ -97.382084, 30.422192 ], [ -97.381921, 30.421355 ], [ -97.381857, 30.421038 ], [ -97.381482, 30.419813 ], [ -97.380951, 30.418485 ], [ -97.380562, 30.417689 ], [ -97.380365, 30.417275 ], [ -97.379733, 30.416297 ], [ -97.37945, 30.415913 ], [ -97.377475, 30.413364 ], [ -97.376519, 30.412123 ], [ -97.375371, 30.410592 ], [ -97.375283, 30.410469 ], [ -97.375182, 30.41029 ] ] } },
{ "type": "Feature", "properties": { "LINEARID": "11015882920198", "FULLNAME": "State Hwy 45", "RTTYP": "S", "MTFCC": "S1100", "NAME": "Travis" }, "geometry": { "type": "LineString", "coordinates": [ [ -97.624516, 30.487138 ], [ -97.624334, 30.487098 ], [ -97.624271, 30.487081 ], [ -97.623814, 30.486959 ], [ -97.622526, 30.486637 ], [ -97.620573, 30.4861 ], [ -97.619944, 30.485941 ], [ -97.617561, 30.485098 ], [ -97.616886, 30.484893 ], [ -97.615305, 30.4843 ], [ -97.614419, 30.483915 ], [ -97.614305, 30.483866 ], [ -97.613683, 30.483596 ], [ -97.61364, 30.483577 ], [ -97.613246, 30.483407 ], [ -97.611988, 30.482878 ], [ -97.611501, 30.482666 ], [ -97.611014, 30.482454 ], [ -97.607366, 30.480684 ], [ -97.605192, 30.479609 ], [ -97.602529, 30.478305 ], [ -97.602119, 30.478115 ] ] } },
{ "type": "Feature", "properties": { "LINEARID": "1104475134575", "FULLNAME": "State Hwy 45", "RTTYP": "S", "MTFCC": "S1100", "NAME": "Travis" }, "geometry": { "type": "LineString", "coordinates": [ [ -97.59605, 30.475181 ], [ -97.595396, 30.474895 ], [ -97.594823, 30.47467 ], [ -97.594469, 30.474561 ] ] } },
{ "type": "Feature", "properties": { "LINEARID": "110485908412", "FULLNAME": "State Loop 343", "RTTYP": "S", "MTFCC": "S1200", "NAME": "Travis" }, "geometry": { "type": "LineString", "coordinates": [ [ -97.7585, 30.260928 ], [ -97.758755, 30.260281 ], [ -97.758934, 30.259535 ], [ -97.758966, 30.259204 ], [ -97.759053, 30.258891 ], [ -97.759206, 30.258542 ], [ -97.7593, 30.258338 ], [ -97.759672, 30.257937 ], [ -97.759999, 30.25769 ], [ -97.760151, 30.257584 ], [ -97.760913, 30.256934 ], [ -97.761254, 30.256473 ], [ -97.761491, 30.256052 ], [ -97.762157, 30.254926 ], [ -97.762287, 30.254719 ], [ -97.762587, 30.254248 ], [ -97.763145, 30.253387 ], [ -97.763546, 30.252938 ], [ -97.763822, 30.252662 ], [ -97.764146, 30.25234 ], [ -97.76513, 30.251207 ], [ -97.765918, 30.250489 ], [ -97.766543, 30.24993 ], [ -97.767337, 30.249428 ], [ -97.768053, 30.249043 ], [ -97.769947, 30.248413 ], [ -97.770757, 30.248212 ], [ -97.772118, 30.247788 ], [ -97.772803, 30.247576 ], [ -97.774229, 30.247404 ], [ -97.775234, 30.247311 ], [ -97.777183, 30.246924 ], [ -97.778115, 30.246489 ], [ -97.778682, 30.246156 ], [ -97.779843, 30.245352 ], [ -97.781397, 30.244258 ], [ -97.78236, 30.243652 ], [ -97.782637, 30.243445 ], [ -97.783976, 30.24245 ], [ -97.784643, 30.241894 ], [ -97.785308, 30.241434 ], [ -97.785361, 30.241399 ], [ -97.786225, 30.240781 ], [ -97.787599, 30.239817 ], [ -97.788292, 30.239331 ], [ -97.788851, 30.238941 ], [ -97.789424, 30.238565 ] ] } },
{ "type": "Feature", "properties": { "LINEARID": "1109097123880", "FULLNAME": "State Hwy 71", "RTTYP": "S", "MTFCC": "S1100", "NAME": "Travis" }, "geometry": { "type": "LineString", "coordinates": [ [ -97.678288, 30.222321 ], [ -97.679232, 30.222395 ], [ -97.679486, 30.222401 ], [ -97.6797, 30.222389 ], [ -97.679939, 30.222399 ], [ -97.680543, 30.222357 ], [ -97.681124, 30.222294 ], [ -97.681577, 30.222196 ], [ -97.682081, 30.22208 ], [ -97.682474, 30.221945 ], [ -97.683047, 30.221787 ], [ -97.68331, 30.221701 ], [ -97.683695, 30.221577 ], [ -97.683725, 30.221568 ], [ -97.684202, 30.221426 ], [ -97.684789, 30.221213 ], [ -97.685314, 30.221025 ], [ -97.685635, 30.220903 ], [ -97.686136, 30.220709 ], [ -97.686874, 30.220324 ], [ -97.687129, 30.220191 ], [ -97.688034, 30.219676 ], [ -97.688233, 30.21957 ], [ -97.688439, 30.219464 ], [ -97.689301, 30.219054 ], [ -97.690427, 30.218553 ], [ -97.690576, 30.218496 ], [ -97.690606, 30.218485 ], [ -97.690675, 30.218469 ], [ -97.690724, 30.218455 ], [ -97.690752, 30.218441 ], [ -97.69089, 30.218372 ], [ -97.690907, 30.218366 ], [ -97.691204, 30.218268 ], [ -97.691371, 30.21821 ], [ -97.69872, 30.215707 ], [ -97.699831, 30.21535 ], [ -97.702297, 30.214625 ], [ -97.70509, 30.213688 ], [ -97.70706, 30.213037 ], [ -97.708556, 30.212537 ], [ -97.7088, 30.212475 ], [ -97.709114, 30.212389 ], [ -97.709549, 30.212306 ], [ -97.709767, 30.212278 ], [ -97.710305, 30.212201 ], [ -97.711052, 30.21217 ], [ -97.711654, 30.212166 ], [ -97.712054, 30.212197 ], [ -97.712131, 30.212206 ], [ -97.712271, 30.212219 ], [ -97.712358, 30.212232 ], [ -97.712408, 30.21224 ], [ -97.712549, 30.212256 ], [ -97.714311, 30.212492 ], [ -97.716473, 30.212817 ], [ -97.71803, 30.213036 ], [ -97.719392, 30.213156 ], [ -97.720306, 30.21328 ], [ -97.720682, 30.213317 ], [ -97.723088, 30.213513 ], [ -97.728082, 30.21412 ], [ -97.732027, 30.214692 ], [ -97.73349, 30.214884 ], [ -97.734532, 30.215034 ], [ -97.734804, 30.21507 ], [ -97.735066, 30.215131 ], [ -97.735204, 30.215163 ], [ -97.735385, 30.215203 ], [ -97.736741, 30.215406 ], [ -97.738781, 30.215711 ], [ -97.739069, 30.215735 ], [ -97.73991, 30.215806 ], [ -97.740999, 30.215888 ], [ -97.743802, 30.216092 ], [ -97.743999, 30.216105 ], [ -97.744439, 30.216135 ], [ -97.744729, 30.216145 ], [ -97.747216, 30.216232 ], [ -97.749113, 30.216232 ], [ -97.749327, 30.216226 ], [ -97.749437, 30.216224 ], [ -97.749626, 30.216217 ], [ -97.750108, 30.216224 ], [ -97.750298, 30.21623 ], [ -97.750527, 30.216244 ], [ -97.750798, 30.216269 ], [ -97.750894, 30.216274 ], [ -97.751212, 30.216294 ], [ -97.751423, 30.216346 ], [ -97.751818, 30.216423 ], [ -97.752117, 30.216478 ], [ -97.752276, 30.216516 ], [ -97.752577, 30.21661 ], [ -97.752796, 30.216683 ], [ -97.752973, 30.216739 ], [ -97.753138, 30.21681 ], [ -97.753291, 30.216893 ], [ -97.753608, 30.217087 ], [ -97.753779, 30.217205 ], [ -97.754367, 30.217654 ], [ -97.754489, 30.217758 ], [ -97.755091, 30.218241 ], [ -97.755247, 30.218346 ], [ -97.755481, 30.21849 ], [ -97.755783, 30.218667 ], [ -97.756137, 30.218872 ], [ -97.756333, 30.218978 ], [ -97.756587, 30.219108 ], [ -97.756901, 30.219231 ], [ -97.75862, 30.219995 ], [ -97.758687, 30.220032 ], [ -97.759141, 30.220253 ], [ -97.760427, 30.220878 ], [ -97.761567, 30.221457 ], [ -97.761667, 30.221508 ], [ -97.76251, 30.221941 ], [ -97.762582, 30.221978 ], [ -97.763688, 30.222676 ], [ -97.763955, 30.222844 ], [ -97.764149, 30.222964 ], [ -97.764818, 30.223376 ], [ -97.764938, 30.223467 ], [ -97.765354, 30.223783 ], [ -97.765686, 30.224029 ], [ -97.766116, 30.224315 ], [ -97.767242, 30.22507 ], [ -97.767591, 30.225304 ], [ -97.767723, 30.225398 ], [ -97.768078, 30.225628 ], [ -97.768352, 30.225812 ], [ -97.768859, 30.226138 ], [ -97.769164, 30.226343 ], [ -97.769261, 30.226399 ], [ -97.769466, 30.226518 ], [ -97.769661, 30.22662 ], [ -97.769726, 30.226654 ], [ -97.769839, 30.226722 ], [ -97.770278, 30.226915 ], [ -97.770543, 30.227022 ], [ -97.770714, 30.227083 ], [ -97.770921, 30.227145 ], [ -97.771167, 30.227227 ], [ -97.771717, 30.227378 ], [ -97.771992, 30.227442 ], [ -97.772065, 30.227459 ], [ -97.772331, 30.227531 ], [ -97.772723, 30.227583 ], [ -97.772955, 30.227609 ], [ -97.773438, 30.227638 ], [ -97.775924, 30.227586 ], [ -97.776418, 30.227581 ], [ -97.776492, 30.22758 ], [ -97.776594, 30.227581 ], [ -97.777694, 30.227593 ], [ -97.778947, 30.227655 ], [ -97.779489, 30.227682 ], [ -97.779842, 30.227698 ], [ -97.78129, 30.227762 ], [ -97.781323, 30.227763 ], [ -97.781731, 30.22779 ], [ -97.782375, 30.227852 ], [ -97.783232, 30.227979 ], [ -97.783704, 30.228084 ], [ -97.784368, 30.228256 ], [ -97.784406, 30.228267 ], [ -97.784983, 30.228429 ], [ -97.785603, 30.22864 ], [ -97.785974, 30.228782 ], [ -97.786096, 30.228845 ], [ -97.786569, 30.229044 ], [ -97.786915, 30.229205 ], [ -97.787149, 30.229309 ], [ -97.788191, 30.229827 ], [ -97.788341, 30.229902 ], [ -97.788456, 30.229956 ], [ -97.789854, 30.230617 ], [ -97.79118, 30.231207 ], [ -97.791793, 30.23151 ], [ -97.792001, 30.231613 ], [ -97.792882, 30.232051 ], [ -97.793453, 30.232338 ], [ -97.793839, 30.232501 ], [ -97.794482, 30.232773 ], [ -97.794677, 30.232852 ], [ -97.794811, 30.232896 ], [ -97.795649, 30.233088 ], [ -97.795764, 30.233116 ], [ -97.795937, 30.233146 ], [ -97.796101, 30.233166 ], [ -97.79629, 30.233184 ], [ -97.796483, 30.233196 ], [ -97.796762, 30.233182 ], [ -97.797246, 30.233146 ], [ -97.797457, 30.23313 ], [ -97.797741, 30.233085 ], [ -97.798017, 30.233047 ], [ -97.79877, 30.232876 ], [ -97.799624, 30.232648 ], [ -97.80062, 30.23237 ], [ -97.80084, 30.232299 ], [ -97.801728, 30.232072 ], [ -97.803335, 30.231805 ], [ -97.803399, 30.231794 ], [ -97.803638, 30.231754 ], [ -97.804343, 30.231654 ], [ -97.805047, 30.231619 ], [ -97.805498, 30.231637 ], [ -97.806075, 30.231712 ], [ -97.807562, 30.232158 ], [ -97.809479, 30.232924 ], [ -97.810283, 30.233213 ], [ -97.810948, 30.233382 ], [ -97.81131, 30.233436 ], [ -97.811434, 30.233453 ], [ -97.811725, 30.233494 ], [ -97.81201, 30.2335 ], [ -97.812575, 30.233511 ], [ -97.812889, 30.233477 ], [ -97.813307, 30.233431 ], [ -97.813619, 30.233397 ], [ -97.814273, 30.233327 ], [ -97.81814, 30.232953 ], [ -97.818364, 30.232931 ], [ -97.818579, 30.232943 ], [ -97.818994, 30.232966 ], [ -97.819439, 30.233066 ], [ -97.81996, 30.233225 ], [ -97.820611, 30.233501 ], [ -97.820688, 30.233534 ], [ -97.820715, 30.233545 ], [ -97.820849, 30.233602 ], [ -97.821602, 30.233938 ], [ -97.823901, 30.234965 ], [ -97.824332, 30.235156 ], [ -97.824614, 30.235281 ], [ -97.824827, 30.235416 ], [ -97.825291, 30.235607 ], [ -97.825428, 30.235647 ], [ -97.82579, 30.235746 ], [ -97.826045, 30.235813 ], [ -97.826896, 30.236057 ], [ -97.827609, 30.23623 ], [ -97.828232, 30.236306 ], [ -97.828559, 30.236329 ], [ -97.829186, 30.236373 ], [ -97.830086, 30.236422 ], [ -97.831859, 30.236446 ], [ -97.832988, 30.236446 ], [ -97.83393, 30.236446 ], [ -97.839588, 30.236448 ], [ -97.839824, 30.236448 ], [ -97.84007, 30.236448 ], [ -97.84098, 30.236448 ], [ -97.841789, 30.236449 ], [ -97.842506, 30.23646 ], [ -97.843636, 30.236395 ], [ -97.844631, 30.236316 ], [ -97.846124, 30.236181 ], [ -97.846564, 30.236106 ], [ -97.847281, 30.235941 ], [ -97.847653, 30.235879 ], [ -97.848551, 30.235729 ], [ -97.850301, 30.235412 ], [ -97.851301, 30.235269 ], [ -97.851866, 30.235216 ], [ -97.852018, 30.235202 ], [ -97.852109, 30.235197 ], [ -97.852342, 30.235185 ], [ -97.852797, 30.235163 ], [ -97.853964, 30.235133 ], [ -97.85553, 30.235123 ], [ -97.855809, 30.235121 ], [ -97.856126, 30.23511 ], [ -97.856385, 30.235068 ], [ -97.856661, 30.234995 ] ] } },
{ "type": "Feature", "properties": { "LINEARID": "110485908407", "FULLNAME": "State Loop 275", "RTTYP": "S", "MTFCC": "S1200", "NAME": "Travis" }, "geometry": { "type": "LineString", "coordinates": [ [ -97.771483, 30.21091 ], [ -97.771878, 30.210346 ], [ -97.77192, 30.210278 ], [ -97.772791, 30.208863 ], [ -97.773181, 30.208215 ], [ -97.773624, 30.207419 ], [ -97.774255, 30.206188 ], [ -97.77453, 30.205588 ], [ -97.774756, 30.204991 ], [ -97.774818, 30.204885 ], [ -97.775148, 30.20388 ], [ -97.775365, 30.203254 ], [ -97.775528, 30.202493 ], [ -97.775573, 30.20233 ], [ -97.775944, 30.200987 ], [ -97.776119, 30.200355 ], [ -97.776215, 30.200007 ], [ -97.776367, 30.199455 ], [ -97.776635, 30.198483 ], [ -97.776715, 30.198217 ], [ -97.77674, 30.198134 ], [ -97.776799, 30.197939 ], [ -97.776856, 30.197778 ], [ -97.777123, 30.197027 ], [ -97.778566, 30.193732 ], [ -97.778846, 30.193092 ], [ -97.778875, 30.193026 ], [ -97.778898, 30.192964 ], [ -97.778907, 30.19294 ], [ -97.779551, 30.191176 ], [ -97.779947, 30.189842 ], [ -97.780206, 30.189054 ], [ -97.780697, 30.187484 ], [ -97.780713, 30.187436 ], [ -97.781223, 30.185808 ], [ -97.781695, 30.184301 ], [ -97.781978, 30.183397 ], [ -97.782745, 30.181035 ], [ -97.783216, 30.179563 ], [ -97.784004, 30.177045 ], [ -97.784913, 30.174156 ], [ -97.785277, 30.172951 ], [ -97.785473, 30.172289 ], [ -97.785635, 30.171753 ], [ -97.785829, 30.171313 ], [ -97.785971, 30.171041 ], [ -97.786115, 30.17084 ], [ -97.78775, 30.169499 ], [ -97.78812, 30.169116 ], [ -97.788396, 30.168678 ], [ -97.788456, 30.168484 ], [ -97.788516, 30.16829 ], [ -97.788563, 30.167217 ], [ -97.788565, 30.167169 ], [ -97.788571, 30.167034 ] ] } },
{ "type": "Feature", "properties": { "LINEARID": "1106092776778", "FULLNAME": "Lexington St", "RTTYP": "M", "MTFCC": "S1200", "NAME": "Travis" }, "geometry": { "type": "LineString", "coordinates": [ [ -97.556167, 30.347387 ], [ -97.556208, 30.347248 ], [ -97.556317, 30.346803 ], [ -97.556514, 30.345964 ], [ -97.556631, 30.345502 ], [ -97.556834, 30.344628 ], [ -97.557034, 30.343721 ], [ -97.557255, 30.342818 ], [ -97.557484, 30.341954 ], [ -97.557699, 30.341076 ] ] } },
{ "type": "Feature", "properties": { "LINEARID": "11010886943817", "FULLNAME": "State Loop 212", "RTTYP": "S", "MTFCC": "S1200", "NAME": "Travis" }, "geometry": { "type": "LineString", "coordinates": [ [ -97.538659, 30.349161 ], [ -97.538731, 30.349052 ], [ -97.538842, 30.348887 ], [ -97.538909, 30.348789 ], [ -97.539223, 30.34832 ], [ -97.541051, 30.345585 ], [ -97.541228, 30.345312 ], [ -97.54148, 30.344928 ], [ -97.54185, 30.344358 ], [ -97.542164, 30.343877 ], [ -97.542575, 30.343248 ], [ -97.544364, 30.343403 ], [ -97.544915, 30.343451 ], [ -97.544997, 30.343457 ], [ -97.545222, 30.343477 ], [ -97.54572, 30.343519 ], [ -97.545818, 30.343527 ], [ -97.546314, 30.343565 ], [ -97.547215, 30.343571 ], [ -97.547613, 30.343533 ], [ -97.5485, 30.343448 ], [ -97.548698, 30.343381 ], [ -97.549763, 30.343021 ], [ -97.549894, 30.342957 ], [ -97.550561, 30.342599 ], [ -97.551707, 30.341889 ], [ -97.552061, 30.341636 ], [ -97.55221, 30.341503 ], [ -97.552661, 30.341152 ], [ -97.553016, 30.340907 ], [ -97.553183, 30.340804 ], [ -97.553336, 30.340722 ], [ -97.553481, 30.340665 ], [ -97.553858, 30.340537 ], [ -97.554162, 30.340507 ], [ -97.554575, 30.34052 ], [ -97.555626, 30.340712 ], [ -97.556648, 30.340896 ], [ -97.557699, 30.341076 ], [ -97.557484, 30.341954 ], [ -97.557255, 30.342818 ], [ -97.557034, 30.343721 ], [ -97.556834, 30.344628 ], [ -97.556631, 30.345502 ], [ -97.556514, 30.345964 ], [ -97.556317, 30.346803 ], [ -97.556208, 30.347248 ], [ -97.556167, 30.347387 ] ] } },
{ "type": "Feature", "properties": { "LINEARID": "1108296486897", "FULLNAME": "State Loop 1", "RTTYP": "S", "MTFCC": "S1200", "NAME": "Travis" }, "geometry": { "type": "LineString", "coordinates": [ [ -97.857498, 30.212087 ], [ -97.857529, 30.212044 ], [ -97.857909, 30.211647 ], [ -97.858594, 30.211052 ], [ -97.858906, 30.210762 ], [ -97.859355, 30.210212 ], [ -97.859768, 30.209794 ], [ -97.86007, 30.209441 ], [ -97.861156, 30.208182 ], [ -97.861183, 30.208151 ], [ -97.861237, 30.208078 ], [ -97.861847, 30.20726 ], [ -97.862656, 30.206193 ], [ -97.863296, 30.205347 ], [ -97.863968, 30.204495 ], [ -97.8641, 30.204354 ], [ -97.864531, 30.203901 ], [ -97.864984, 30.203459 ], [ -97.86522, 30.203241 ], [ -97.865522, 30.202933 ], [ -97.865751, 30.202687 ], [ -97.865985, 30.202397 ], [ -97.866152, 30.2022 ], [ -97.866298, 30.202013 ], [ -97.86661, 30.201496 ], [ -97.866834, 30.201063 ], [ -97.866869, 30.200995 ], [ -97.866896, 30.200932 ], [ -97.866922, 30.200873 ], [ -97.867043, 30.20062 ], [ -97.867102, 30.200488 ], [ -97.867284, 30.200148 ], [ -97.867441, 30.199805 ], [ -97.868223, 30.198216 ], [ -97.86877, 30.197168 ], [ -97.868992, 30.196783 ], [ -97.869083, 30.196626 ], [ -97.86929, 30.196284 ], [ -97.869571, 30.195867 ], [ -97.870034, 30.195154 ], [ -97.870264, 30.194859 ], [ -97.871204, 30.193733 ], [ -97.871373, 30.193552 ], [ -97.871707, 30.193236 ], [ -97.872014, 30.192992 ], [ -97.872537, 30.192606 ], [ -97.872917, 30.192388 ], [ -97.873185, 30.192219 ], [ -97.873352, 30.192113 ], [ -97.87357, 30.191944 ], [ -97.873812, 30.191742 ], [ -97.874547, 30.19106 ], [ -97.875292, 30.190305 ], [ -97.875641, 30.189833 ], [ -97.876942, 30.188006 ], [ -97.877013, 30.187905 ], [ -97.87904, 30.185055 ], [ -97.879087, 30.184988 ], [ -97.880149, 30.183476 ], [ -97.880553, 30.183066 ], [ -97.881239, 30.182369 ], [ -97.881473, 30.182162 ], [ -97.881675, 30.18195 ], [ -97.881973, 30.181633 ], [ -97.882348, 30.181144 ], [ -97.882427, 30.181037 ], [ -97.88283, 30.180498 ], [ -97.88333, 30.179824 ], [ -97.883755, 30.179251 ], [ -97.884162, 30.178731 ], [ -97.884196, 30.178688 ], [ -97.884722, 30.178114 ], [ -97.885461, 30.177427 ], [ -97.885972, 30.176951 ], [ -97.886774, 30.176133 ] ] } },
{ "type": "Feature", "properties": { "LINEARID": "1104474983813", "FULLNAME": "State Hwy 165", "RTTYP": "S", "MTFCC": "S1200", "NAME": "Travis" }, "geometry": { "type": "LineString", "coordinates": [ [ -97.726138, 30.263954 ], [ -97.725695, 30.264806 ], [ -97.725286, 30.265697 ], [ -97.726188, 30.26604 ], [ -97.726297, 30.26609 ] ] } },
{ "type": "Feature", "properties": { "LINEARID": "110485908376", "FULLNAME": "State Loop 111", "RTTYP": "S", "MTFCC": "S1200", "NAME": "Travis" }, "geometry": { "type": "LineString", "coordinates": [ [ -97.6905, 30.247263 ], [ -97.690626, 30.248196 ], [ -97.690636, 30.248247 ], [ -97.690694, 30.248557 ], [ -97.69083, 30.249042 ], [ -97.691059, 30.249453 ], [ -97.691228, 30.249721 ], [ -97.691318, 30.249863 ], [ -97.691409, 30.250006 ], [ -97.69147, 30.250103 ], [ -97.691671, 30.250429 ], [ -97.691861, 30.250831 ], [ -97.692047, 30.251327 ], [ -97.692133, 30.251586 ], [ -97.692193, 30.251834 ], [ -97.692238, 30.252121 ], [ -97.692345, 30.252885 ], [ -97.692464, 30.253104 ] ] } },
{ "type": "Feature", "properties": { "LINEARID": "1105598259435", "FULLNAME": "Bastrop Hwy", "RTTYP": "M", "MTFCC": "S1200", "NAME": "Travis" }, "geometry": { "type": "LineString", "coordinates": [ [ -97.690179, 30.245219 ], [ -97.690157, 30.245035 ], [ -97.690053, 30.244311 ], [ -97.68993, 30.243812 ], [ -97.689853, 30.2435 ], [ -97.689688, 30.24283 ], [ -97.68922, 30.241604 ], [ -97.688278, 30.240139 ], [ -97.688128, 30.23987 ], [ -97.687926, 30.239594 ], [ -97.687536, 30.238992 ], [ -97.687135, 30.238272 ], [ -97.686771, 30.237663 ], [ -97.686173, 30.236648 ], [ -97.684886, 30.234396 ], [ -97.683987, 30.23281 ], [ -97.683957, 30.232751 ], [ -97.683413, 30.231671 ], [ -97.683164, 30.23095 ], [ -97.682997, 30.23037 ], [ -97.682913, 30.230033 ], [ -97.682808, 30.229499 ] ] } },
{ "type": "Feature", "properties": { "LINEARID": "110485846080", "FULLNAME": "Bastrop Hwy", "RTTYP": "M", "MTFCC": "S1200", "NAME": "Travis" }, "geometry": { "type": "LineString", "coordinates": [ [ -97.69054, 30.243015 ], [ -97.690459, 30.24281 ], [ -97.689532, 30.241454 ] ] } },
{ "type": "Feature", "properties": { "LINEARID": "110485841541", "FULLNAME": "Burnet Rd", "RTTYP": "M", "MTFCC": "S1100", "NAME": "Travis" }, "geometry": { "type": "LineString", "coordinates": [ [ -97.70378, 30.422177 ], [ -97.703464, 30.423047 ], [ -97.703226, 30.423739 ] ] } },
{ "type": "Feature", "properties": { "LINEARID": "110485908414", "FULLNAME": "State Loop 343", "RTTYP": "S", "MTFCC": "S1200", "NAME": "Travis" }, "geometry": { "type": "LineString", "coordinates": [ [ -97.758049, 30.262139 ], [ -97.758127, 30.262113 ], [ -97.758399, 30.261364 ], [ -97.758533, 30.26103 ], [ -97.7585, 30.260928 ] ] } },
{ "type": "Feature", "properties": { "LINEARID": "11015882919089", "FULLNAME": "State Hwy 45", "RTTYP": "S", "MTFCC": "S1100", "NAME": "Travis" }, "geometry": { "type": "LineString", "coordinates": [ [ -97.62401, 30.487419 ], [ -97.623585, 30.487312 ], [ -97.623242, 30.487226 ], [ -97.623092, 30.487188 ], [ -97.623081, 30.487185 ], [ -97.623058, 30.487179 ], [ -97.622942, 30.487149 ], [ -97.61978, 30.486318 ], [ -97.617758, 30.485581 ], [ -97.617131, 30.485316 ], [ -97.614232, 30.484192 ], [ -97.614029, 30.484114 ], [ -97.613517, 30.483875 ], [ -97.613479, 30.483857 ], [ -97.612848, 30.483612 ], [ -97.612281, 30.483356 ], [ -97.610861, 30.482733 ], [ -97.608966, 30.48184 ], [ -97.607162, 30.480964 ], [ -97.605146, 30.480005 ], [ -97.60163, 30.478304 ], [ -97.600429, 30.477697 ], [ -97.600074, 30.477525 ] ] } },
{ "type": "Feature", "properties": { "LINEARID": "1108296487888", "FULLNAME": "State Hwy 45", "RTTYP": "S", "MTFCC": "S1100", "NAME": "Travis" }, "geometry": { "type": "LineString", "coordinates": [ [ -97.59605, 30.475181 ], [ -97.595866, 30.475017 ], [ -97.595478, 30.474697 ], [ -97.595197, 30.474428 ], [ -97.594844, 30.47407 ], [ -97.594408, 30.473443 ], [ -97.594196, 30.472952 ], [ -97.593978, 30.472373 ], [ -97.593897, 30.471712 ], [ -97.593887, 30.471226 ], [ -97.593919, 30.470922 ], [ -97.594046, 30.47024 ], [ -97.594264, 30.46968 ], [ -97.594363, 30.469321 ], [ -97.594496, 30.468842 ], [ -97.594632, 30.468276 ], [ -97.594755, 30.467451 ], [ -97.594755, 30.466627 ], [ -97.594721, 30.466348 ] ] } },
{ "type": "Feature", "properties": { "LINEARID": "1104977737725", "FULLNAME": "State Hwy 45", "RTTYP": "S", "MTFCC": "S1200", "NAME": "Travis" }, "geometry": { "type": "LineString", "coordinates": [ [ -97.600074, 30.477525 ], [ -97.598456, 30.476751 ] ] } },
{ "type": "Feature", "properties": { "LINEARID": "11017129188132", "FULLNAME": "State Hwy 130", "RTTYP": "S", "MTFCC": "S1100", "NAME": "Travis" }, "geometry": { "type": "Point", "coordinates": [ -97.689537, 30.039612 ] } },
{ "type": "Feature", "properties": { "LINEARID": "11017129188154", "FULLNAME": "State Hwy 130", "RTTYP": "S", "MTFCC": "S1100", "NAME": "Travis" }, "geometry": { "type": "Point", "coordinates": [ -97.688955, 30.040119 ] } },
{ "type": "Feature", "properties": { "LINEARID": "1105083475665", "FULLNAME": "State Hwy 45", "RTTYP": "S", "MTFCC": "S1100", "NAME": "Travis" }, "geometry": { "type": "Point", "coordinates": [ -97.813561, 30.098874 ] } },
{ "type": "Feature", "properties": { "LINEARID": "11017129188420", "FULLNAME": "US Hwy 183", "RTTYP": "U", "MTFCC": "S1200", "NAME": "Travis" }, "geometry": { "type": "LineString", "coordinates": [ [ -97.690084, 30.03912 ], [ -97.690098, 30.039256 ], [ -97.690199, 30.039999 ], [ -97.690384, 30.04168 ], [ -97.69046, 30.042593 ], [ -97.690493, 30.042982 ], [ -97.690607, 30.043917 ], [ -97.69092, 30.046483 ], [ -97.691024, 30.047588 ], [ -97.691044, 30.047842 ], [ -97.691089, 30.048399 ], [ -97.691105, 30.0486 ], [ -97.691109, 30.048635 ], [ -97.691598, 30.052728 ], [ -97.69165, 30.053457 ], [ -97.691808, 30.054477 ], [ -97.692048, 30.056021 ], [ -97.692362, 30.058865 ], [ -97.692546, 30.060535 ], [ -97.692816, 30.063223 ], [ -97.692862, 30.064461 ], [ -97.692936, 30.066444 ], [ -97.692958, 30.067298 ], [ -97.693045, 30.070635 ], [ -97.693051, 30.070849 ], [ -97.693105, 30.072954 ], [ -97.693158, 30.074828 ], [ -97.693192, 30.07569 ], [ -97.693221, 30.076443 ], [ -97.693277, 30.078455 ], [ -97.69332, 30.080036 ], [ -97.693336, 30.080606 ], [ -97.693349, 30.081069 ], [ -97.693363, 30.081586 ], [ -97.69337, 30.081833 ], [ -97.693373, 30.081942 ], [ -97.693454, 30.084831 ], [ -97.693529, 30.086346 ], [ -97.69363, 30.088396 ], [ -97.69365, 30.088809 ], [ -97.693683, 30.08947 ], [ -97.693701, 30.089846 ], [ -97.69372, 30.090248 ] ] } },
{ "type": "Feature", "properties": { "LINEARID": "1102828313219", "FULLNAME": "I- 35", "RTTYP": "I", "MTFCC": "S1100", "NAME": "Travis" }, "geometry": { "type": "LineString", "coordinates": [ [ -97.813255, 30.09868 ], [ -97.813198, 30.098806 ], [ -97.813107, 30.099006 ], [ -97.812966, 30.099316 ], [ -97.812719, 30.099858 ], [ -97.812135, 30.101144 ], [ -97.812102, 30.101216 ], [ -97.811083, 30.103403 ], [ -97.810391, 30.104879 ], [ -97.809692, 30.106355 ], [ -97.809086, 30.107653 ], [ -97.808508, 30.1089 ], [ -97.808115, 30.109746 ], [ -97.807443, 30.111193 ], [ -97.807345, 30.111403 ], [ -97.807318, 30.111464 ], [ -97.806871, 30.11247 ], [ -97.806866, 30.112482 ], [ -97.806264, 30.113927 ], [ -97.806149, 30.114214 ], [ -97.805999, 30.114593 ], [ -97.805591, 30.115573 ], [ -97.804351, 30.118627 ], [ -97.804192, 30.119026 ], [ -97.804027, 30.119439 ], [ -97.803716, 30.12022 ], [ -97.802772, 30.12261 ], [ -97.801494, 30.125847 ], [ -97.801408, 30.126068 ], [ -97.801224, 30.126532 ], [ -97.801018, 30.127058 ], [ -97.800543, 30.128259 ], [ -97.799937, 30.129802 ], [ -97.799724, 30.130341 ], [ -97.798909, 30.132411 ], [ -97.798424, 30.133648 ], [ -97.798111, 30.134443 ], [ -97.797731, 30.13541 ], [ -97.797133, 30.136926 ], [ -97.797112, 30.136978 ], [ -97.796756, 30.137873 ], [ -97.796409, 30.138775 ], [ -97.796177, 30.139377 ], [ -97.796033, 30.139741 ], [ -97.795906, 30.14006 ], [ -97.795565, 30.140922 ], [ -97.795205, 30.141913 ], [ -97.79517, 30.142015 ], [ -97.794879, 30.142869 ], [ -97.794749, 30.143268 ], [ -97.794271, 30.144592 ], [ -97.793664, 30.146276 ], [ -97.793289, 30.147318 ], [ -97.79322, 30.147517 ], [ -97.79296, 30.14826 ], [ -97.792461, 30.149653 ], [ -97.791976, 30.151241 ], [ -97.791497, 30.152819 ], [ -97.791371, 30.153248 ], [ -97.791235, 30.153765 ], [ -97.790607, 30.155873 ], [ -97.790099, 30.15756 ], [ -97.789787, 30.158599 ], [ -97.789549, 30.159446 ], [ -97.789315, 30.16015 ], [ -97.789261, 30.160315 ], [ -97.788605, 30.161972 ], [ -97.787952, 30.163477 ], [ -97.78721, 30.164942 ], [ -97.786885, 30.165461 ], [ -97.78665, 30.165838 ], [ -97.786416, 30.166212 ], [ -97.786024, 30.166837 ], [ -97.785941, 30.16697 ], [ -97.785859, 30.167106 ], [ -97.785781, 30.167218 ], [ -97.785758, 30.167252 ], [ -97.785644, 30.167418 ], [ -97.784918, 30.168472 ], [ -97.784557, 30.169113 ], [ -97.783734, 30.170374 ], [ -97.783118, 30.171302 ], [ -97.782856, 30.171695 ], [ -97.780578, 30.175118 ], [ -97.779551, 30.176695 ], [ -97.778704, 30.177985 ], [ -97.777803, 30.179353 ], [ -97.777592, 30.179672 ], [ -97.776903, 30.180716 ], [ -97.776323, 30.181598 ], [ -97.775936, 30.182195 ], [ -97.775309, 30.183167 ], [ -97.774466, 30.184471 ], [ -97.773884, 30.185369 ], [ -97.772805, 30.187039 ], [ -97.77275, 30.187118 ], [ -97.772598, 30.187333 ], [ -97.772108, 30.188024 ], [ -97.771417, 30.189003 ], [ -97.771085, 30.189472 ], [ -97.770449, 30.190355 ], [ -97.770412, 30.190406 ], [ -97.770372, 30.190462 ], [ -97.770269, 30.190605 ], [ -97.76927, 30.191817 ], [ -97.768646, 30.192575 ], [ -97.767822, 30.193573 ], [ -97.767026, 30.194567 ], [ -97.766117, 30.195703 ], [ -97.765449, 30.196537 ], [ -97.765211, 30.196834 ], [ -97.764739, 30.197422 ], [ -97.763974, 30.198378 ], [ -97.763143, 30.199398 ], [ -97.76219, 30.200564 ], [ -97.76139, 30.201553 ], [ -97.76048, 30.202675 ], [ -97.7603, 30.202893 ], [ -97.759736, 30.203573 ], [ -97.758962, 30.204509 ], [ -97.758188, 30.205539 ], [ -97.758149, 30.20559 ], [ -97.757489, 30.206465 ], [ -97.756668, 30.207555 ], [ -97.756433, 30.207866 ], [ -97.755786, 30.208839 ], [ -97.755685, 30.208991 ], [ -97.755359, 30.209481 ], [ -97.755305, 30.209587 ], [ -97.754629, 30.210658 ], [ -97.753937, 30.211883 ], [ -97.753245, 30.212924 ], [ -97.753222, 30.21296 ], [ -97.752434, 30.214275 ], [ -97.751906, 30.215156 ], [ -97.751815, 30.215309 ], [ -97.751755, 30.215434 ], [ -97.751672, 30.215565 ], [ -97.751243, 30.216246 ], [ -97.751212, 30.216294 ], [ -97.75117, 30.216358 ], [ -97.751089, 30.216478 ], [ -97.751048, 30.216539 ], [ -97.751011, 30.216594 ], [ -97.750912, 30.216741 ], [ -97.75082, 30.216876 ], [ -97.750649, 30.217129 ], [ -97.750539, 30.217281 ], [ -97.75005, 30.218232 ], [ -97.749627, 30.219036 ], [ -97.748583, 30.221016 ], [ -97.748383, 30.221346 ], [ -97.748054, 30.221889 ], [ -97.747935, 30.222098 ], [ -97.747855, 30.222238 ], [ -97.747846, 30.222254 ], [ -97.747316, 30.223186 ], [ -97.74681, 30.224034 ], [ -97.746374, 30.224765 ], [ -97.745897, 30.225564 ], [ -97.745624, 30.226023 ], [ -97.745054, 30.227004 ], [ -97.744639, 30.227719 ], [ -97.744283, 30.228317 ], [ -97.743699, 30.229287 ], [ -97.742748, 30.230896 ], [ -97.742354, 30.231558 ], [ -97.741923, 30.232282 ], [ -97.741067, 30.233728 ], [ -97.740043, 30.235451 ], [ -97.739388, 30.236552 ], [ -97.738818, 30.237511 ], [ -97.738322, 30.238345 ], [ -97.737867, 30.239109 ], [ -97.737311, 30.240063 ], [ -97.736871, 30.240816 ], [ -97.736833, 30.24089 ], [ -97.73635, 30.241685 ], [ -97.736075, 30.242139 ], [ -97.735527, 30.243044 ], [ -97.735476, 30.243116 ], [ -97.735364, 30.243274 ], [ -97.735126, 30.243921 ], [ -97.734948, 30.244443 ], [ -97.734862, 30.244879 ], [ -97.734822, 30.245427 ], [ -97.734835, 30.245751 ], [ -97.7349, 30.246208 ], [ -97.735189, 30.247821 ], [ -97.735195, 30.247856 ], [ -97.735203, 30.247906 ], [ -97.735214, 30.24797 ], [ -97.735307, 30.248518 ], [ -97.735382, 30.248721 ], [ -97.735473, 30.249102 ], [ -97.735604, 30.249648 ], [ -97.735631, 30.249768 ], [ -97.735754, 30.250307 ], [ -97.735802, 30.25052 ], [ -97.735815, 30.250578 ], [ -97.735963, 30.251316 ], [ -97.736018, 30.251591 ], [ -97.73607, 30.251817 ], [ -97.736108, 30.252015 ], [ -97.736178, 30.252381 ], [ -97.736187, 30.252425 ], [ -97.736511, 30.254085 ], [ -97.736646, 30.254833 ], [ -97.736859, 30.256017 ], [ -97.737027, 30.257063 ], [ -97.737031, 30.25725 ], [ -97.737031, 30.257448 ], [ -97.737003, 30.258149 ], [ -97.736963, 30.25847 ], [ -97.736862, 30.259172 ], [ -97.736815, 30.259336 ], [ -97.736682, 30.259795 ], [ -97.736551, 30.260183 ], [ -97.736223, 30.261144 ], [ -97.735885, 30.26207 ], [ -97.735563, 30.262952 ], [ -97.735261, 30.263782 ], [ -97.735255, 30.263801 ], [ -97.73521, 30.263921 ], [ -97.735202, 30.263943 ], [ -97.735154, 30.264074 ], [ -97.735058, 30.264334 ], [ -97.734544, 30.265736 ], [ -97.734226, 30.266607 ], [ -97.734199, 30.266679 ], [ -97.733863, 30.267587 ], [ -97.733822, 30.267697 ], [ -97.733523, 30.268502 ], [ -97.733163, 30.269471 ], [ -97.732795, 30.270412 ], [ -97.732256, 30.271855 ], [ -97.731899, 30.272963 ], [ -97.731755, 30.27343 ], [ -97.731533, 30.274193 ], [ -97.731442, 30.274505 ], [ -97.73138, 30.274695 ], [ -97.731316, 30.274892 ], [ -97.731006, 30.2757 ], [ -97.730836, 30.276198 ], [ -97.730666, 30.276697 ], [ -97.730265, 30.277507 ], [ -97.729809, 30.278493 ], [ -97.728569, 30.280574 ], [ -97.727849, 30.281679 ], [ -97.727569, 30.282108 ], [ -97.727071, 30.283011 ], [ -97.726609, 30.283721 ], [ -97.725344, 30.285655 ], [ -97.725022, 30.286149 ], [ -97.724833, 30.286439 ], [ -97.724755, 30.286558 ], [ -97.724708, 30.286629 ], [ -97.724589, 30.286814 ], [ -97.72445, 30.287029 ], [ -97.724361, 30.287167 ], [ -97.724258, 30.287327 ], [ -97.723777, 30.288076 ], [ -97.723763, 30.288098 ], [ -97.723454, 30.288578 ], [ -97.723123, 30.289096 ], [ -97.722792, 30.289615 ], [ -97.721985, 30.290859 ], [ -97.721334, 30.29186 ], [ -97.720737, 30.29278 ], [ -97.72028, 30.2935 ], [ -97.719457, 30.294796 ], [ -97.71902, 30.295471 ], [ -97.718477, 30.296303 ], [ -97.71829, 30.296589 ], [ -97.717723, 30.297458 ], [ -97.717031, 30.29861 ], [ -97.716738, 30.299099 ], [ -97.716613, 30.299314 ], [ -97.716346, 30.299773 ], [ -97.715215, 30.301714 ], [ -97.715189, 30.301756 ], [ -97.715128, 30.301855 ], [ -97.715072, 30.301941 ], [ -97.714113, 30.303442 ], [ -97.713875, 30.303815 ], [ -97.712861, 30.305384 ], [ -97.712486, 30.305964 ], [ -97.712322, 30.306217 ], [ -97.711618, 30.307309 ], [ -97.710605, 30.308872 ], [ -97.71024, 30.309453 ], [ -97.710132, 30.309635 ], [ -97.710099, 30.30969 ], [ -97.710058, 30.309763 ], [ -97.710007, 30.309853 ], [ -97.709684, 30.310432 ], [ -97.709204, 30.311291 ], [ -97.709191, 30.311318 ], [ -97.708517, 30.312708 ], [ -97.708391, 30.313066 ], [ -97.708023, 30.314113 ], [ -97.707766, 30.314994 ], [ -97.70766, 30.315355 ], [ -97.707506, 30.316187 ], [ -97.707471, 30.316418 ], [ -97.707351, 30.317223 ], [ -97.707141, 30.318613 ], [ -97.706908, 30.32016 ], [ -97.706714, 30.321449 ], [ -97.706691, 30.321614 ], [ -97.706649, 30.321924 ], [ -97.706637, 30.322011 ], [ -97.706621, 30.322124 ], [ -97.706602, 30.322258 ], [ -97.706591, 30.322338 ], [ -97.706586, 30.322377 ], [ -97.706563, 30.322544 ], [ -97.706556, 30.322608 ], [ -97.706551, 30.322655 ], [ -97.706539, 30.322759 ], [ -97.706533, 30.322813 ], [ -97.706398, 30.323811 ], [ -97.706248, 30.324906 ], [ -97.706213, 30.325163 ], [ -97.706132, 30.325618 ], [ -97.706054, 30.326189 ], [ -97.705984, 30.326699 ], [ -97.705955, 30.326883 ], [ -97.705818, 30.327741 ], [ -97.705787, 30.327935 ], [ -97.705565, 30.328764 ], [ -97.705351, 30.32957 ], [ -97.705217, 30.330074 ], [ -97.704726, 30.331244 ], [ -97.704648, 30.33143 ], [ -97.704366, 30.33198 ], [ -97.704215, 30.332289 ], [ -97.704116, 30.332492 ], [ -97.703988, 30.332703 ], [ -97.703266, 30.333874 ], [ -97.703151, 30.334061 ], [ -97.702757, 30.3347 ], [ -97.701953, 30.335973 ], [ -97.701872, 30.336101 ], [ -97.701065, 30.33738 ], [ -97.700952, 30.337568 ], [ -97.700383, 30.33851 ], [ -97.700159, 30.338879 ], [ -97.700145, 30.338904 ], [ -97.700087, 30.338996 ], [ -97.700065, 30.339033 ], [ -97.700005, 30.339124 ], [ -97.699958, 30.339195 ], [ -97.699942, 30.33922 ], [ -97.699878, 30.339317 ], [ -97.699268, 30.340242 ], [ -97.699141, 30.340426 ], [ -97.698883, 30.340852 ], [ -97.698297, 30.341822 ], [ -97.697727, 30.342765 ], [ -97.697503, 30.343112 ], [ -97.697017, 30.343867 ], [ -97.696045, 30.345376 ], [ -97.695003, 30.347001 ], [ -97.694849, 30.347241 ], [ -97.694321, 30.348091 ], [ -97.693694, 30.349093 ], [ -97.693384, 30.3496 ], [ -97.693117, 30.350038 ], [ -97.692002, 30.351806 ], [ -97.690969, 30.353413 ], [ -97.690286, 30.354488 ], [ -97.690093, 30.354791 ], [ -97.689503, 30.355721 ], [ -97.688973, 30.356546 ], [ -97.688832, 30.356767 ], [ -97.688474, 30.357328 ], [ -97.688104, 30.357906 ], [ -97.688035, 30.35802 ], [ -97.687986, 30.358104 ], [ -97.687963, 30.358142 ], [ -97.687942, 30.358177 ], [ -97.687908, 30.358235 ], [ -97.687891, 30.358273 ], [ -97.687226, 30.359323 ], [ -97.686708, 30.360148 ], [ -97.686276, 30.360836 ], [ -97.686041, 30.361197 ], [ -97.685333, 30.362321 ], [ -97.684667, 30.36338 ], [ -97.684124, 30.36424 ], [ -97.683477, 30.365269 ], [ -97.683029, 30.36598 ], [ -97.682981, 30.366057 ], [ -97.682129, 30.367409 ], [ -97.681742, 30.368025 ], [ -97.681186, 30.368907 ], [ -97.680562, 30.369897 ], [ -97.680539, 30.369934 ], [ -97.679711, 30.371187 ], [ -97.679162, 30.372042 ], [ -97.678494, 30.373063 ], [ -97.678261, 30.373437 ], [ -97.67781, 30.374161 ], [ -97.677607, 30.374488 ], [ -97.677506, 30.374651 ], [ -97.677119, 30.375273 ], [ -97.676735, 30.375796 ], [ -97.675946, 30.377009 ], [ -97.675389, 30.377944 ], [ -97.675299, 30.378123 ], [ -97.675028, 30.378668 ], [ -97.674424, 30.380017 ], [ -97.67439, 30.380131 ], [ -97.674103, 30.381066 ], [ -97.673911, 30.381824 ], [ -97.673622, 30.382976 ], [ -97.673514, 30.383389 ], [ -97.673401, 30.383876 ], [ -97.673193, 30.384755 ], [ -97.673132, 30.385015 ], [ -97.672907, 30.386042 ], [ -97.672373, 30.38838 ], [ -97.672362, 30.388424 ], [ -97.671613, 30.39173 ], [ -97.671503, 30.392853 ], [ -97.671455, 30.393344 ], [ -97.671533, 30.394341 ], [ -97.671587, 30.39476 ], [ -97.671712, 30.395352 ], [ -97.671854, 30.395783 ], [ -97.67231, 30.397168 ], [ -97.672591, 30.397691 ], [ -97.673024, 30.398539 ], [ -97.673264, 30.399027 ], [ -97.673272, 30.399044 ], [ -97.673311, 30.399123 ], [ -97.673325, 30.399153 ], [ -97.673391, 30.399287 ], [ -97.673493, 30.399496 ], [ -97.673723, 30.399964 ], [ -97.673993, 30.400565 ], [ -97.674221, 30.401072 ], [ -97.674575, 30.402026 ], [ -97.674782, 30.40283 ], [ -97.674933, 30.403854 ], [ -97.674951, 30.405568 ], [ -97.674512, 30.407958 ], [ -97.674411, 30.408494 ], [ -97.674208, 30.409617 ], [ -97.674121, 30.410096 ], [ -97.673928, 30.411166 ], [ -97.673839, 30.411659 ], [ -97.673734, 30.412207 ], [ -97.67351, 30.413347 ], [ -97.6734, 30.413908 ], [ -97.673273, 30.414601 ], [ -97.673169, 30.415173 ], [ -97.672958, 30.416341 ], [ -97.672685, 30.417854 ], [ -97.672643, 30.418084 ], [ -97.672373, 30.41942 ], [ -97.672236, 30.420119 ], [ -97.671888, 30.421921 ], [ -97.671843, 30.42219 ], [ -97.671778, 30.422571 ], [ -97.671445, 30.42425 ], [ -97.671425, 30.424351 ], [ -97.671402, 30.424494 ], [ -97.671064, 30.426291 ], [ -97.670647, 30.428411 ], [ -97.670385, 30.429853 ], [ -97.67018, 30.430929 ], [ -97.67001, 30.431814 ], [ -97.669692, 30.433389 ], [ -97.669654, 30.433597 ], [ -97.669491, 30.434477 ], [ -97.669345, 30.43528 ], [ -97.669184, 30.436107 ], [ -97.669029, 30.436892 ], [ -97.668855, 30.437882 ], [ -97.6687, 30.438732 ], [ -97.668658, 30.438967 ], [ -97.668384, 30.44035 ], [ -97.668356, 30.440488 ], [ -97.668325, 30.440643 ], [ -97.668316, 30.440685 ], [ -97.668297, 30.440781 ], [ -97.668116, 30.441687 ], [ -97.667912, 30.442794 ], [ -97.667772, 30.443567 ], [ -97.6677, 30.443972 ], [ -97.667568, 30.444654 ], [ -97.667456, 30.44523 ], [ -97.66713, 30.44681 ], [ -97.666868, 30.448216 ], [ -97.666771, 30.448714 ], [ -97.666652, 30.449322 ], [ -97.66651, 30.450188 ], [ -97.666314, 30.451477 ], [ -97.666114, 30.452821 ], [ -97.666106, 30.454138 ], [ -97.666237, 30.455541 ], [ -97.666287, 30.455855 ], [ -97.666319, 30.456051 ], [ -97.666346, 30.456243 ], [ -97.666365, 30.456377 ], [ -97.666692, 30.457632 ], [ -97.666786, 30.457983 ], [ -97.66721, 30.459455 ], [ -97.667249, 30.45957 ], [ -97.667734, 30.460998 ], [ -97.667822, 30.461259 ], [ -97.668267, 30.462737 ], [ -97.668458, 30.46337 ], [ -97.668783, 30.464348 ], [ -97.669098, 30.465276 ], [ -97.66971, 30.467313 ], [ -97.669857, 30.467698 ], [ -97.670349, 30.46933 ], [ -97.670452, 30.469669 ], [ -97.670509, 30.469859 ], [ -97.670615, 30.470209 ], [ -97.670941, 30.471233 ], [ -97.671241, 30.472177 ], [ -97.672299, 30.4755 ], [ -97.673593, 30.479579 ], [ -97.673653, 30.479768 ], [ -97.673759, 30.480101 ] ] } },
{ "type": "Feature", "properties": { "LINEARID": "11013807143427", "FULLNAME": "FM 1325", "RTTYP": "O", "MTFCC": "S1100", "NAME": "Travis" }, "geometry": { "type": "LineString", "coordinates": [ [ -97.711209, 30.410373 ], [ -97.711076, 30.410461 ], [ -97.710858, 30.410622 ], [ -97.71082, 30.410646 ], [ -97.710746, 30.410691 ], [ -97.710078, 30.411244 ], [ -97.709971, 30.411333 ], [ -97.709579, 30.411734 ], [ -97.708693, 30.41264 ], [ -97.707459, 30.413825 ], [ -97.706623, 30.414851 ], [ -97.706542, 30.414954 ], [ -97.706094, 30.415799 ], [ -97.705911, 30.416217 ], [ -97.705172, 30.41816 ], [ -97.704884, 30.419191 ], [ -97.704406, 30.420384 ], [ -97.704373, 30.420466 ], [ -97.704338, 30.420566 ], [ -97.703898, 30.421814 ], [ -97.70378, 30.422177 ], [ -97.703464, 30.423047 ], [ -97.703226, 30.423739 ], [ -97.702452, 30.42597 ], [ -97.701924, 30.427787 ], [ -97.701842, 30.428071 ], [ -97.701381, 30.429613 ], [ -97.701074, 30.430544 ], [ -97.700999, 30.430773 ], [ -97.70092, 30.430988 ], [ -97.700403, 30.432379 ], [ -97.700205, 30.432957 ], [ -97.700109, 30.433238 ], [ -97.699807, 30.43408 ], [ -97.699749, 30.434373 ], [ -97.699632, 30.435026 ], [ -97.699523, 30.435659 ], [ -97.699497, 30.435813 ], [ -97.699369, 30.437061 ], [ -97.699298, 30.437952 ], [ -97.699051, 30.438969 ], [ -97.69867, 30.439971 ], [ -97.698589, 30.440157 ], [ -97.698527, 30.440298 ], [ -97.698503, 30.440441 ] ] } },
{ "type": "Feature", "properties": { "LINEARID": "110485843796", "FULLNAME": "Mo-Pac Expy", "RTTYP": "M", "MTFCC": "S1100", "NAME": "Travis" }, "geometry": { "type": "LineString", "coordinates": [ [ -97.742601, 30.368247 ], [ -97.742545, 30.368429 ], [ -97.742177, 30.369375 ] ] } },
{ "type": "Feature", "properties": { "LINEARID": "1108296492716", "FULLNAME": "US Hwy 183", "RTTYP": "U", "MTFCC": "S1100", "NAME": "Travis" }, "geometry": { "type": "LineString", "coordinates": [ [ -97.766056, 30.432411 ], [ -97.76568, 30.432233 ], [ -97.765584, 30.432188 ], [ -97.762646, 30.430692 ], [ -97.761887, 30.430283 ], [ -97.759598, 30.429173 ], [ -97.759343, 30.429049 ], [ -97.759104, 30.428925 ], [ -97.758505, 30.428614 ], [ -97.754945, 30.426887 ], [ -97.754731, 30.426787 ], [ -97.753768, 30.426316 ], [ -97.753427, 30.426144 ], [ -97.751809, 30.425355 ], [ -97.750388, 30.424645 ], [ -97.749833, 30.424347 ], [ -97.749559, 30.424169 ], [ -97.749367, 30.42403 ], [ -97.74916, 30.423869 ], [ -97.748969, 30.423706 ], [ -97.748681, 30.423425 ], [ -97.748533, 30.423266 ], [ -97.748372, 30.423094 ], [ -97.748325, 30.423035 ], [ -97.748215, 30.422898 ], [ -97.74807, 30.422698 ], [ -97.747926, 30.422444 ], [ -97.747662, 30.421886 ], [ -97.747452, 30.42123 ], [ -97.74708, 30.419267 ], [ -97.747036, 30.419032 ], [ -97.747032, 30.418983 ], [ -97.746995, 30.418797 ], [ -97.74668, 30.417218 ], [ -97.746649, 30.417061 ], [ -97.746269, 30.415069 ], [ -97.745844, 30.412844 ], [ -97.745651, 30.411832 ], [ -97.745562, 30.411186 ], [ -97.745418, 30.410342 ], [ -97.745316, 30.409141 ], [ -97.74531, 30.408981 ], [ -97.745293, 30.408791 ], [ -97.745301, 30.408499 ], [ -97.745317, 30.408157 ], [ -97.745328, 30.407917 ], [ -97.745338, 30.407711 ], [ -97.745365, 30.406886 ], [ -97.745605, 30.404154 ], [ -97.745823, 30.40214 ], [ -97.745983, 30.400728 ], [ -97.746003, 30.400541 ], [ -97.746015, 30.400433 ], [ -97.746017, 30.400407 ], [ -97.746032, 30.400254 ], [ -97.74606, 30.399962 ], [ -97.746216, 30.398311 ], [ -97.746273, 30.397638 ], [ -97.746282, 30.397537 ], [ -97.746464, 30.395871 ], [ -97.746598, 30.394636 ], [ -97.746612, 30.394374 ], [ -97.746625, 30.394148 ], [ -97.74663, 30.394053 ], [ -97.746632, 30.394013 ], [ -97.746625, 30.393888 ], [ -97.746605, 30.39355 ], [ -97.746595, 30.392975 ], [ -97.746455, 30.392331 ], [ -97.746092, 30.39134 ], [ -97.74576, 30.390453 ], [ -97.745277, 30.389495 ], [ -97.745223, 30.389388 ], [ -97.745136, 30.389216 ], [ -97.744322, 30.387574 ], [ -97.743484, 30.385916 ], [ -97.742645, 30.384259 ], [ -97.741678, 30.382537 ], [ -97.741293, 30.382021 ], [ -97.741048, 30.381693 ], [ -97.741025, 30.381663 ], [ -97.740528, 30.381155 ], [ -97.739497, 30.380274 ], [ -97.738929, 30.379913 ], [ -97.738524, 30.379686 ], [ -97.738409, 30.379622 ], [ -97.738312, 30.379561 ], [ -97.738185, 30.379481 ], [ -97.738094, 30.379427 ], [ -97.738071, 30.379412 ], [ -97.738049, 30.379398 ], [ -97.738004, 30.37937 ], [ -97.737972, 30.37935 ], [ -97.737784, 30.379233 ], [ -97.736442, 30.378391 ], [ -97.736309, 30.378306 ], [ -97.736193, 30.378251 ], [ -97.73617, 30.378237 ], [ -97.735957, 30.378114 ], [ -97.735509, 30.377836 ], [ -97.735215, 30.377654 ], [ -97.734269, 30.377068 ], [ -97.734059, 30.376946 ], [ -97.732847, 30.37626 ], [ -97.732691, 30.376172 ], [ -97.731915, 30.375766 ], [ -97.731162, 30.375384 ], [ -97.731107, 30.375356 ], [ -97.729621, 30.374641 ], [ -97.728645, 30.374162 ], [ -97.72846, 30.374067 ], [ -97.727705, 30.373678 ], [ -97.726542, 30.373124 ], [ -97.72634, 30.373028 ], [ -97.724688, 30.372242 ], [ -97.72395, 30.371871 ], [ -97.723913, 30.371852 ], [ -97.721682, 30.370902 ], [ -97.720943, 30.370515 ], [ -97.720726, 30.370385 ], [ -97.720499, 30.37024 ], [ -97.720268, 30.37007 ], [ -97.720076, 30.369906 ], [ -97.719903, 30.369708 ], [ -97.719664, 30.369414 ], [ -97.719467, 30.369132 ], [ -97.719278, 30.368898 ], [ -97.719182, 30.368772 ], [ -97.71899, 30.368451 ], [ -97.718879, 30.36824 ], [ -97.718793, 30.368057 ], [ -97.718597, 30.367591 ], [ -97.718553, 30.367386 ], [ -97.718384, 30.366624 ], [ -97.718335, 30.36632 ], [ -97.71818, 30.365508 ], [ -97.718121, 30.365196 ], [ -97.717743, 30.36375 ], [ -97.717578, 30.363187 ], [ -97.717079, 30.361477 ], [ -97.717011, 30.361246 ], [ -97.716804, 30.360605 ], [ -97.716746, 30.360413 ], [ -97.716455, 30.359442 ], [ -97.71629, 30.358806 ], [ -97.715855, 30.357061 ], [ -97.71582, 30.356938 ], [ -97.715525, 30.355891 ], [ -97.715427, 30.355569 ], [ -97.715245, 30.354964 ], [ -97.714685, 30.353184 ], [ -97.714611, 30.352946 ], [ -97.71419, 30.351612 ], [ -97.713537, 30.349596 ], [ -97.713285, 30.348818 ], [ -97.713165, 30.348494 ], [ -97.713008, 30.348232 ], [ -97.712988, 30.348182 ], [ -97.712911, 30.348071 ], [ -97.712833, 30.347969 ], [ -97.712759, 30.347873 ], [ -97.712693, 30.347797 ], [ -97.712647, 30.347745 ], [ -97.712543, 30.347639 ], [ -97.712456, 30.347551 ], [ -97.71234, 30.347432 ], [ -97.71221, 30.34733 ], [ -97.712076, 30.347226 ], [ -97.711624, 30.3469 ], [ -97.711414, 30.3468 ], [ -97.70981, 30.346187 ], [ -97.709592, 30.346103 ], [ -97.709153, 30.345935 ], [ -97.708917, 30.345844 ], [ -97.708772, 30.345789 ], [ -97.708261, 30.345564 ], [ -97.70791, 30.345384 ], [ -97.70784, 30.345349 ], [ -97.707391, 30.345095 ], [ -97.707144, 30.344938 ], [ -97.706966, 30.344825 ], [ -97.70637, 30.34448 ], [ -97.706073, 30.344303 ], [ -97.705286, 30.343803 ], [ -97.705028, 30.343609 ], [ -97.704754, 30.343402 ], [ -97.704672, 30.343344 ], [ -97.704427, 30.343172 ], [ -97.703919, 30.342678 ], [ -97.703876, 30.342633 ], [ -97.703193, 30.34192 ], [ -97.702656, 30.341436 ], [ -97.702538, 30.341307 ], [ -97.702167, 30.340903 ], [ -97.701998, 30.340725 ], [ -97.701802, 30.340516 ], [ -97.701712, 30.340407 ], [ -97.701476, 30.340141 ], [ -97.701107, 30.339782 ], [ -97.7007, 30.339465 ], [ -97.700652, 30.339428 ], [ -97.700601, 30.339388 ], [ -97.700581, 30.339372 ], [ -97.700315, 30.339212 ], [ -97.700259, 30.339168 ], [ -97.700194, 30.339116 ], [ -97.70016, 30.33909 ], [ -97.700065, 30.339033 ], [ -97.699716, 30.33882 ], [ -97.699687, 30.338803 ], [ -97.699608, 30.338769 ], [ -97.699534, 30.338732 ], [ -97.699227, 30.338577 ], [ -97.697263, 30.337494 ], [ -97.695571, 30.336687 ], [ -97.693397, 30.33562 ], [ -97.692381, 30.335125 ], [ -97.692324, 30.335103 ], [ -97.691309, 30.334629 ], [ -97.688614, 30.333378 ], [ -97.686843, 30.332556 ], [ -97.686526, 30.332411 ], [ -97.686465, 30.332371 ], [ -97.686403, 30.332351 ], [ -97.686197, 30.332286 ], [ -97.684581, 30.331629 ], [ -97.684254, 30.331504 ], [ -97.684095, 30.331444 ], [ -97.682966, 30.33092 ], [ -97.681269, 30.330134 ], [ -97.680568, 30.329775 ], [ -97.679913, 30.329466 ], [ -97.679256, 30.329134 ], [ -97.679022, 30.329024 ], [ -97.678969, 30.328997 ], [ -97.677636, 30.328335 ], [ -97.677614, 30.328324 ], [ -97.677113, 30.328048 ], [ -97.676813, 30.327864 ], [ -97.676448, 30.32765 ], [ -97.675671, 30.327147 ], [ -97.675159, 30.32679 ], [ -97.674429, 30.326222 ], [ -97.674346, 30.326158 ], [ -97.674201, 30.326058 ], [ -97.674053, 30.32594 ], [ -97.673684, 30.325678 ], [ -97.673572, 30.325598 ], [ -97.673469, 30.325525 ], [ -97.67336, 30.325437 ], [ -97.673283, 30.325375 ], [ -97.672949, 30.325109 ], [ -97.6728, 30.324975 ], [ -97.672615, 30.324846 ], [ -97.671356, 30.323876 ], [ -97.67106, 30.323662 ], [ -97.66937, 30.32245 ], [ -97.66816, 30.321622 ], [ -97.666703, 30.320446 ], [ -97.666046, 30.319821 ], [ -97.665979, 30.319759 ], [ -97.665733, 30.319528 ], [ -97.665601, 30.319404 ], [ -97.665397, 30.319213 ], [ -97.665117, 30.318949 ], [ -97.664525, 30.318243 ], [ -97.664346, 30.317966 ], [ -97.664035, 30.317485 ], [ -97.663363, 30.316118 ], [ -97.663338, 30.316073 ], [ -97.663253, 30.315884 ], [ -97.663218, 30.315786 ], [ -97.663149, 30.315592 ], [ -97.663118, 30.315505 ], [ -97.663089, 30.315396 ], [ -97.663032, 30.315148 ], [ -97.662837, 30.314301 ], [ -97.662508, 30.312843 ], [ -97.662155, 30.311273 ], [ -97.661624, 30.308876 ] ] } },
{ "type": "Feature", "properties": { "LINEARID": "1108296492196", "FULLNAME": "Ed Bluestein Blvd", "RTTYP": "M", "MTFCC": "S1100", "NAME": "Travis" }, "geometry": { "type": "LineString", "coordinates": [ [ -97.661624, 30.308876 ], [ -97.662155, 30.311273 ], [ -97.662508, 30.312843 ], [ -97.662837, 30.314301 ], [ -97.663032, 30.315148 ], [ -97.663089, 30.315396 ], [ -97.663118, 30.315505 ], [ -97.663149, 30.315592 ], [ -97.663218, 30.315786 ], [ -97.663253, 30.315884 ], [ -97.663338, 30.316073 ], [ -97.663363, 30.316118 ], [ -97.664035, 30.317485 ], [ -97.664346, 30.317966 ], [ -97.664525, 30.318243 ], [ -97.665117, 30.318949 ], [ -97.665397, 30.319213 ], [ -97.665601, 30.319404 ], [ -97.665733, 30.319528 ], [ -97.665979, 30.319759 ], [ -97.666046, 30.319821 ], [ -97.666703, 30.320446 ], [ -97.66816, 30.321622 ], [ -97.66937, 30.32245 ], [ -97.67106, 30.323662 ], [ -97.671356, 30.323876 ], [ -97.672615, 30.324846 ], [ -97.6728, 30.324975 ], [ -97.672949, 30.325109 ], [ -97.673283, 30.325375 ], [ -97.67336, 30.325437 ], [ -97.673469, 30.325525 ] ] } },
{ "type": "Feature", "properties": { "LINEARID": "110485908411", "FULLNAME": "State Loop 343", "RTTYP": "S", "MTFCC": "S1200", "NAME": "Travis" }, "geometry": { "type": "LineString", "coordinates": [ [ -97.789424, 30.238565 ], [ -97.79162, 30.23701 ], [ -97.792949, 30.236091 ], [ -97.793111, 30.235986 ], [ -97.793764, 30.235589 ], [ -97.79462, 30.235144 ], [ -97.795831, 30.234454 ], [ -97.796117, 30.234292 ], [ -97.796557, 30.234042 ], [ -97.796674, 30.233975 ], [ -97.796902, 30.233874 ], [ -97.797235, 30.233725 ], [ -97.798837, 30.233286 ], [ -97.800691, 30.232747 ], [ -97.800954, 30.232671 ], [ -97.80152, 30.232506 ] ] } },
{ "type": "Feature", "properties": { "LINEARID": "110485845765", "FULLNAME": "Airport Blvd", "RTTYP": "M", "MTFCC": "S1200", "NAME": "Travis" }, "geometry": { "type": "LineString", "coordinates": [ [ -97.690179, 30.245219 ], [ -97.690211, 30.245482 ], [ -97.690217, 30.245532 ], [ -97.690251, 30.245667 ], [ -97.690289, 30.24579 ], [ -97.690376, 30.246193 ], [ -97.690393, 30.246301 ], [ -97.690499, 30.247116 ], [ -97.6905, 30.247263 ], [ -97.690626, 30.248196 ], [ -97.690636, 30.248247 ], [ -97.690694, 30.248557 ], [ -97.69083, 30.249042 ], [ -97.691059, 30.249453 ], [ -97.691228, 30.249721 ], [ -97.691318, 30.249863 ], [ -97.691409, 30.250006 ], [ -97.69147, 30.250103 ], [ -97.691671, 30.250429 ], [ -97.691861, 30.250831 ], [ -97.692047, 30.251327 ], [ -97.692133, 30.251586 ], [ -97.692193, 30.251834 ], [ -97.692238, 30.252121 ], [ -97.692345, 30.252885 ], [ -97.692464, 30.253104 ] ] } },
{ "type": "Feature", "properties": { "LINEARID": "11010865771788", "FULLNAME": "Lockhart Hwy", "RTTYP": "M", "MTFCC": "S1200", "NAME": "Travis" }, "geometry": { "type": "LineString", "coordinates": [ [ -97.683142, 30.226726 ], [ -97.683213, 30.225492 ], [ -97.68328, 30.222798 ], [ -97.683284, 30.222526 ], [ -97.683288, 30.22229 ], [ -97.68331, 30.221701 ], [ -97.683315, 30.221586 ], [ -97.683303, 30.221124 ], [ -97.683385, 30.219197 ], [ -97.683387, 30.219162 ], [ -97.683401, 30.218838 ], [ -97.683413, 30.218554 ], [ -97.683424, 30.217827 ], [ -97.683421, 30.217663 ], [ -97.683419, 30.217529 ], [ -97.683419, 30.217457 ], [ -97.683418, 30.217405 ], [ -97.683439, 30.216879 ], [ -97.683457, 30.216058 ], [ -97.683473, 30.215336 ], [ -97.683476, 30.214508 ], [ -97.683467, 30.213707 ], [ -97.68346, 30.213547 ], [ -97.683414, 30.211919 ], [ -97.683412, 30.209949 ], [ -97.683434, 30.208471 ], [ -97.683484, 30.205112 ], [ -97.683702, 30.202225 ], [ -97.683747, 30.201627 ], [ -97.68401, 30.199951 ], [ -97.684246, 30.198441 ], [ -97.684274, 30.198315 ], [ -97.684305, 30.198179 ], [ -97.684873, 30.194621 ], [ -97.685044, 30.193416 ], [ -97.685294, 30.191848 ], [ -97.685691, 30.190187 ], [ -97.686041, 30.188855 ] ] } },
{ "type": "Feature", "properties": { "LINEARID": "1104475158168", "FULLNAME": "US Hwy 290", "RTTYP": "U", "MTFCC": "S1200", "NAME": "Travis" }, "geometry": { "type": "LineString", "coordinates": [ [ -97.878296, 30.2314 ], [ -97.877222, 30.231956 ], [ -97.875626, 30.23278 ], [ -97.87546, 30.23286 ], [ -97.875379, 30.232891 ], [ -97.875314, 30.232923 ], [ -97.875243, 30.232952 ], [ -97.875183, 30.23298 ], [ -97.874997, 30.233069 ], [ -97.874556, 30.233245 ], [ -97.87423, 30.233361 ], [ -97.873771, 30.233517 ], [ -97.87307, 30.233706 ], [ -97.872308, 30.233864 ], [ -97.871875, 30.233925 ], [ -97.871638, 30.233993 ] ] } },
{ "type": "Feature", "properties": { "LINEARID": "11010881623220", "FULLNAME": "Bastrop Hwy", "RTTYP": "M", "MTFCC": "S1200", "NAME": "Travis" }, "geometry": { "type": "LineString", "coordinates": [ [ -97.691244, 30.244952 ], [ -97.691129, 30.24424 ], [ -97.691081, 30.243934 ], [ -97.690682, 30.242861 ], [ -97.690668, 30.242822 ], [ -97.69038, 30.242349 ], [ -97.689532, 30.241454 ] ] } },
{ "type": "Feature", "properties": { "LINEARID": "1108296487975", "FULLNAME": "State Hwy 45", "RTTYP": "S", "MTFCC": "S1100", "NAME": "Travis" }, "geometry": { "type": "LineString", "coordinates": [ [ -97.674116, 30.480426 ], [ -97.674145, 30.480425 ], [ -97.674517, 30.480394 ], [ -97.674596, 30.480386 ], [ -97.675025, 30.480393 ], [ -97.675063, 30.480394 ], [ -97.675111, 30.480391 ], [ -97.675336, 30.480375 ], [ -97.676173, 30.480328 ], [ -97.676604, 30.480304 ], [ -97.680403, 30.480072 ], [ -97.68155, 30.480002 ], [ -97.681885, 30.479975 ], [ -97.682316, 30.479931 ], [ -97.682973, 30.47985 ] ] } },
{ "type": "Feature", "properties": { "LINEARID": "1104475134071", "FULLNAME": "State Hwy 71", "RTTYP": "S", "MTFCC": "S1200", "NAME": "Travis" }, "geometry": { "type": "LineString", "coordinates": [ [ -97.87578, 30.234695 ], [ -97.876593, 30.23517 ], [ -97.877252, 30.235741 ], [ -97.877577, 30.236147 ], [ -97.87834, 30.237101 ], [ -97.878607, 30.237491 ], [ -97.879098, 30.238206 ], [ -97.879961, 30.239478 ], [ -97.880283, 30.239879 ], [ -97.880502, 30.240153 ], [ -97.881415, 30.241291 ], [ -97.882188, 30.242098 ], [ -97.882284, 30.242193 ], [ -97.884722, 30.244599 ], [ -97.885886, 30.245538 ], [ -97.886827, 30.246204 ], [ -97.888383, 30.246991 ], [ -97.888587, 30.247082 ], [ -97.89214, 30.248842 ], [ -97.894259, 30.249891 ], [ -97.897971, 30.251664 ], [ -97.89819, 30.251793 ], [ -97.899827, 30.252761 ], [ -97.901311, 30.25418 ], [ -97.903796, 30.256556 ], [ -97.904483, 30.257213 ], [ -97.907243, 30.260127 ], [ -97.907743, 30.261338 ], [ -97.908553, 30.264805 ], [ -97.909066, 30.266754 ], [ -97.909185, 30.267019 ], [ -97.909336, 30.267355 ], [ -97.910004, 30.268729 ], [ -97.911945, 30.271534 ], [ -97.912789, 30.272753 ], [ -97.913383, 30.273881 ], [ -97.913746, 30.274569 ], [ -97.914203, 30.275436 ], [ -97.914665, 30.276345 ], [ -97.91471, 30.276432 ], [ -97.916475, 30.279837 ], [ -97.916721, 30.280544 ], [ -97.916887, 30.281659 ], [ -97.916629, 30.284593 ], [ -97.916567, 30.285588 ], [ -97.916623, 30.286503 ], [ -97.917083, 30.287781 ], [ -97.917423, 30.288726 ], [ -97.917593, 30.289105 ], [ -97.917626, 30.289178 ], [ -97.917685, 30.289309 ], [ -97.917932, 30.289859 ], [ -97.918351, 30.290498 ], [ -97.919041, 30.291166 ], [ -97.919919, 30.29181 ], [ -97.921511, 30.292706 ], [ -97.921916, 30.292958 ], [ -97.921984, 30.293001 ], [ -97.923409, 30.293886 ], [ -97.925358, 30.295818 ], [ -97.925822, 30.29634 ], [ -97.926872, 30.29752 ], [ -97.926905, 30.297557 ], [ -97.926976, 30.297637 ], [ -97.927154, 30.297837 ], [ -97.929179, 30.299962 ], [ -97.929464, 30.300256 ], [ -97.929591, 30.300386 ], [ -97.92965, 30.300447 ], [ -97.930153, 30.300965 ], [ -97.930397, 30.301181 ], [ -97.930739, 30.301483 ], [ -97.931284, 30.301965 ], [ -97.931398, 30.30205 ], [ -97.931497, 30.302123 ], [ -97.93309, 30.303311 ], [ -97.933575, 30.303594 ], [ -97.936051, 30.305041 ], [ -97.936178, 30.305105 ], [ -97.936319, 30.305176 ], [ -97.937798, 30.305766 ], [ -97.939973, 30.306636 ], [ -97.940663, 30.306911 ], [ -97.942312, 30.30757 ], [ -97.942857, 30.30778 ], [ -97.943533, 30.308036 ], [ -97.943972, 30.308176 ], [ -97.944189, 30.308237 ], [ -97.944353, 30.308284 ], [ -97.944792, 30.308399 ], [ -97.945358, 30.308482 ], [ -97.948336, 30.308353 ], [ -97.94914, 30.308318 ], [ -97.952169, 30.308137 ], [ -97.952329, 30.308128 ], [ -97.952718, 30.308105 ], [ -97.954229, 30.308096 ], [ -97.956171, 30.308084 ], [ -97.956616, 30.308175 ], [ -97.957827, 30.308422 ], [ -97.961718, 30.309215 ], [ -97.964173, 30.309716 ], [ -97.965382, 30.309963 ], [ -97.965453, 30.309977 ], [ -97.969305, 30.310843 ], [ -97.969412, 30.310869 ], [ -97.970609, 30.311087 ], [ -97.970932, 30.311161 ], [ -97.971268, 30.311253 ], [ -97.97163, 30.31134 ], [ -97.971857, 30.311414 ], [ -97.972149, 30.311506 ], [ -97.972354, 30.311589 ], [ -97.972515, 30.311667 ], [ -97.97265, 30.311742 ], [ -97.972786, 30.311807 ], [ -97.972943, 30.311907 ], [ -97.973135, 30.312012 ], [ -97.973353, 30.31216 ], [ -97.973645, 30.312343 ], [ -97.973919, 30.312544 ], [ -97.974058, 30.312626 ], [ -97.974147, 30.312701 ], [ -97.974289, 30.312795 ], [ -97.974928, 30.313323 ], [ -97.975675, 30.314021 ], [ -97.976352, 30.314601 ], [ -97.977185, 30.315294 ], [ -97.977621, 30.31563 ], [ -97.977933, 30.315873 ], [ -97.978197, 30.316023 ], [ -97.97845, 30.316167 ], [ -97.978738, 30.316306 ], [ -97.97913, 30.316472 ], [ -97.979405, 30.316577 ], [ -97.979991, 30.316764 ], [ -97.980104, 30.316785 ], [ -97.980189, 30.316795 ], [ -97.980219, 30.316799 ], [ -97.980231, 30.3168 ], [ -97.980253, 30.316802 ], [ -97.980266, 30.316804 ], [ -97.981723, 30.316989 ], [ -97.984811, 30.317288 ], [ -97.988112, 30.317608 ], [ -97.988675, 30.317663 ], [ -97.989185, 30.317734 ], [ -97.990685, 30.317883 ], [ -97.991178, 30.317936 ], [ -97.991773, 30.317999 ], [ -97.992269, 30.318052 ], [ -97.992339, 30.318059 ], [ -97.993684, 30.318204 ], [ -97.994392, 30.318227 ], [ -97.994538, 30.318228 ], [ -97.996325, 30.318164 ], [ -97.996807, 30.318127 ], [ -97.997282, 30.318067 ], [ -97.999446, 30.317795 ], [ -98.000876, 30.317616 ], [ -98.001296, 30.317579 ], [ -98.001655, 30.317561 ], [ -98.001823, 30.317564 ], [ -98.001972, 30.317567 ], [ -98.002167, 30.317587 ], [ -98.002231, 30.317594 ], [ -98.002718, 30.317668 ], [ -98.002865, 30.3177 ], [ -98.003062, 30.317747 ], [ -98.003249, 30.317808 ], [ -98.003493, 30.317898 ], [ -98.003723, 30.31798 ], [ -98.004003, 30.318102 ], [ -98.004229, 30.318228 ], [ -98.004427, 30.318347 ], [ -98.005272, 30.318995 ], [ -98.006941, 30.320279 ], [ -98.007056, 30.32036 ], [ -98.007087, 30.320381 ], [ -98.007976, 30.321008 ], [ -98.009572, 30.322132 ], [ -98.010167, 30.322578 ], [ -98.010478, 30.322811 ], [ -98.011727, 30.323675 ], [ -98.012109, 30.323939 ], [ -98.015323, 30.326218 ], [ -98.015928, 30.326678 ], [ -98.016737, 30.327251 ], [ -98.017616, 30.327824 ], [ -98.018995, 30.328636 ], [ -98.01977, 30.329006 ], [ -98.020443, 30.32932 ], [ -98.021506, 30.329716 ], [ -98.022493, 30.329974 ], [ -98.022883, 30.330159 ], [ -98.023516, 30.330508 ], [ -98.024524, 30.3315 ], [ -98.025571, 30.332348 ], [ -98.027465, 30.333225 ], [ -98.029816, 30.335008 ], [ -98.03169, 30.335932 ], [ -98.032809, 30.33664 ], [ -98.033676, 30.337348 ], [ -98.034334, 30.337886 ], [ -98.035681, 30.338833 ], [ -98.035906, 30.338989 ], [ -98.036393, 30.339259 ], [ -98.036687, 30.339471 ], [ -98.037827, 30.339973 ], [ -98.039048, 30.34011 ], [ -98.039807, 30.34013 ], [ -98.039841, 30.340131 ], [ -98.040676, 30.340153 ], [ -98.041454, 30.340257 ], [ -98.042508, 30.340807 ], [ -98.043944, 30.341864 ], [ -98.04604, 30.343406 ], [ -98.046623, 30.343835 ], [ -98.048582, 30.345278 ], [ -98.048917, 30.345525 ], [ -98.049691, 30.346095 ], [ -98.050917, 30.346699 ], [ -98.052237, 30.347152 ], [ -98.054066, 30.347533 ], [ -98.054277, 30.347562 ], [ -98.05432, 30.347568 ], [ -98.057903, 30.348094 ], [ -98.058307, 30.348101 ], [ -98.059333, 30.348326 ], [ -98.060471, 30.348863 ], [ -98.061194, 30.349266 ], [ -98.06178, 30.34981 ], [ -98.063804, 30.352087 ], [ -98.064295, 30.35269 ], [ -98.064618, 30.353075 ], [ -98.065125, 30.353679 ], [ -98.065913, 30.354618 ], [ -98.06747, 30.356473 ], [ -98.068449, 30.357828 ], [ -98.068604, 30.358116 ], [ -98.068782, 30.358522 ], [ -98.0689, 30.35881 ], [ -98.069062, 30.359361 ], [ -98.069151, 30.359793 ], [ -98.069168, 30.360083 ], [ -98.069195, 30.36048 ], [ -98.069273, 30.36191 ], [ -98.069406, 30.362831 ], [ -98.069572, 30.363291 ], [ -98.069828, 30.363783 ], [ -98.070392, 30.364529 ], [ -98.070755, 30.365081 ], [ -98.07147, 30.366151 ], [ -98.07191, 30.366863 ], [ -98.07198, 30.366973 ], [ -98.072498, 30.36778 ], [ -98.072757, 30.368149 ], [ -98.073162, 30.368623 ], [ -98.073535, 30.368968 ], [ -98.07387, 30.369202 ], [ -98.074138, 30.369375 ], [ -98.07516, 30.369892 ], [ -98.075589, 30.370104 ], [ -98.075752, 30.370199 ], [ -98.076084, 30.370413 ], [ -98.076227, 30.370532 ], [ -98.076397, 30.370674 ], [ -98.076521, 30.370788 ], [ -98.076668, 30.370925 ], [ -98.076907, 30.37119 ], [ -98.077236, 30.371645 ], [ -98.077601, 30.372205 ], [ -98.078079, 30.37294 ], [ -98.079315, 30.374842 ], [ -98.079585, 30.375266 ], [ -98.079665, 30.375391 ], [ -98.079896, 30.375756 ], [ -98.080172, 30.37619 ], [ -98.080395, 30.37654 ], [ -98.080686, 30.376999 ], [ -98.081808, 30.378727 ], [ -98.0831, 30.380716 ], [ -98.085171, 30.383847 ], [ -98.085434, 30.384244 ], [ -98.086101, 30.385771 ], [ -98.086294, 30.386462 ], [ -98.086469, 30.387161 ], [ -98.086454, 30.387939 ], [ -98.086408, 30.388458 ], [ -98.086278, 30.388968 ], [ -98.086258, 30.389076 ], [ -98.086233, 30.38921 ], [ -98.086216, 30.3893 ], [ -98.086212, 30.389355 ], [ -98.08619, 30.389633 ], [ -98.086182, 30.389749 ], [ -98.086177, 30.389831 ], [ -98.086176, 30.389898 ], [ -98.086174, 30.389968 ], [ -98.086173, 30.390041 ], [ -98.086173, 30.390176 ], [ -98.086173, 30.39022 ], [ -98.086177, 30.390367 ], [ -98.086179, 30.390417 ], [ -98.086233, 30.390804 ], [ -98.086254, 30.391004 ], [ -98.086248, 30.39128 ], [ -98.086149, 30.392048 ], [ -98.086264, 30.392891 ], [ -98.086558, 30.393779 ], [ -98.086901, 30.394299 ], [ -98.087263, 30.394707 ], [ -98.088201, 30.395868 ], [ -98.089337, 30.397199 ], [ -98.090939, 30.398861 ], [ -98.092146, 30.400207 ], [ -98.092174, 30.40024 ], [ -98.093993, 30.40224 ], [ -98.094063, 30.402294 ], [ -98.094871, 30.402849 ], [ -98.095574, 30.403301 ], [ -98.099165, 30.404673 ], [ -98.100353, 30.405104 ], [ -98.100884, 30.405297 ], [ -98.102407, 30.405997 ], [ -98.106359, 30.408348 ], [ -98.107248, 30.408826 ], [ -98.108175, 30.409371 ], [ -98.108834, 30.409758 ], [ -98.109228, 30.409979 ], [ -98.111056, 30.411048 ], [ -98.11246, 30.411857 ], [ -98.113084, 30.412216 ], [ -98.117139, 30.414552 ], [ -98.118233, 30.415171 ], [ -98.120235, 30.416305 ], [ -98.122484, 30.417684 ], [ -98.123371, 30.418367 ], [ -98.124894, 30.419622 ], [ -98.125465, 30.42021 ], [ -98.126288, 30.421019 ], [ -98.126339, 30.421069 ], [ -98.127709, 30.422385 ], [ -98.127881, 30.422533 ], [ -98.127988, 30.422625 ] ] } },
{ "type": "Feature", "properties": { "LINEARID": "110485908413", "FULLNAME": "State Loop 343", "RTTYP": "S", "MTFCC": "S1200", "NAME": "Travis" }, "geometry": { "type": "LineString", "coordinates": [ [ -97.736553, 30.261207 ], [ -97.736767, 30.26123 ], [ -97.738792, 30.261782 ], [ -97.739351, 30.261939 ], [ -97.739456, 30.261969 ], [ -97.74, 30.262107 ], [ -97.741076, 30.262395 ], [ -97.742104, 30.262691 ], [ -97.743207, 30.26303 ], [ -97.744567, 30.263382 ], [ -97.745856, 30.263762 ], [ -97.746944, 30.26407 ], [ -97.748001, 30.264367 ], [ -97.749118, 30.264656 ], [ -97.750161, 30.264973 ], [ -97.751176, 30.265281 ], [ -97.752023, 30.265538 ], [ -97.752354, 30.265638 ], [ -97.753496, 30.265985 ], [ -97.7538, 30.266077 ], [ -97.753843, 30.266091 ], [ -97.754388, 30.266272 ], [ -97.754737, 30.266323 ], [ -97.755046, 30.266371 ], [ -97.755494, 30.266429 ], [ -97.756272, 30.26653 ], [ -97.756358, 30.266327 ], [ -97.7564, 30.266227 ], [ -97.756567, 30.265815 ], [ -97.756611, 30.265703 ], [ -97.756665, 30.265567 ], [ -97.756853, 30.265092 ], [ -97.757106, 30.264525 ] ] } },
{ "type": "Feature", "properties": { "LINEARID": "1108296486893", "FULLNAME": "State Loop 1", "RTTYP": "S", "MTFCC": "S1200", "NAME": "Travis" }, "geometry": { "type": "LineString", "coordinates": [ [ -97.771045, 30.274351 ], [ -97.770728, 30.274805 ], [ -97.770617, 30.274964 ] ] } },
{ "type": "Feature", "properties": { "LINEARID": "11010865772117", "FULLNAME": "US Hwy 183", "RTTYP": "U", "MTFCC": "S1200", "NAME": "Travis" }, "geometry": { "type": "LineString", "coordinates": [ [ -97.661324, 30.309114 ], [ -97.661055, 30.307837 ], [ -97.660988, 30.307517 ], [ -97.660832, 30.30651 ], [ -97.660709, 30.305135 ], [ -97.660724, 30.304052 ], [ -97.660775, 30.303456 ], [ -97.660838, 30.302722 ], [ -97.660845, 30.302622 ], [ -97.660866, 30.302508 ], [ -97.661009, 30.301646 ], [ -97.661725, 30.298978 ], [ -97.662387, 30.296512 ], [ -97.662394, 30.296486 ], [ -97.663449, 30.292505 ], [ -97.663489, 30.29232 ], [ -97.663499, 30.29229 ], [ -97.663527, 30.292202 ], [ -97.663664, 30.291697 ], [ -97.66401, 30.290368 ], [ -97.664108, 30.289996 ], [ -97.664243, 30.289482 ], [ -97.664382, 30.288956 ], [ -97.664652, 30.287931 ], [ -97.664924, 30.286895 ], [ -97.66526, 30.28562 ], [ -97.665472, 30.28482 ], [ -97.665836, 30.283447 ], [ -97.666161, 30.282219 ], [ -97.666278, 30.281782 ], [ -97.66634, 30.281544 ], [ -97.666663, 30.280253 ], [ -97.666889, 30.279402 ], [ -97.667758, 30.276134 ], [ -97.667799, 30.275974 ], [ -97.667863, 30.27573 ], [ -97.668386, 30.273672 ], [ -97.668453, 30.273451 ], [ -97.668513, 30.273185 ], [ -97.668697, 30.272488 ], [ -97.668773, 30.272197 ], [ -97.66955, 30.269247 ], [ -97.669654, 30.268917 ], [ -97.66973, 30.268666 ], [ -97.670327, 30.26712 ], [ -97.670373, 30.267001 ], [ -97.670727, 30.266307 ], [ -97.672223, 30.263948 ], [ -97.67234, 30.263764 ], [ -97.672387, 30.26369 ], [ -97.672589, 30.263374 ], [ -97.672643, 30.263291 ], [ -97.673606, 30.261821 ], [ -97.673954, 30.261283 ], [ -97.675, 30.259668 ], [ -97.675254, 30.259268 ], [ -97.675494, 30.2589 ], [ -97.676913, 30.25668 ], [ -97.677237, 30.256196 ], [ -97.678078, 30.254794 ], [ -97.678796, 30.253919 ], [ -97.679239, 30.253504 ], [ -97.679429, 30.253326 ], [ -97.679641, 30.25314 ], [ -97.68005, 30.252781 ], [ -97.681378, 30.251849 ], [ -97.682499, 30.251272 ], [ -97.683868, 30.250674 ], [ -97.684087, 30.250592 ], [ -97.684314, 30.250528 ], [ -97.684544, 30.250469 ], [ -97.685361, 30.250221 ], [ -97.687262, 30.249727 ], [ -97.688177, 30.249504 ], [ -97.688472, 30.24943 ], [ -97.689171, 30.249104 ], [ -97.689491, 30.2489 ], [ -97.689641, 30.248805 ], [ -97.68984, 30.248578 ], [ -97.690031, 30.248329 ], [ -97.690172, 30.248069 ], [ -97.690198, 30.248022 ], [ -97.69025, 30.247888 ], [ -97.69037, 30.24763 ], [ -97.6905, 30.247263 ], [ -97.690499, 30.247116 ], [ -97.690393, 30.246301 ], [ -97.690376, 30.246193 ], [ -97.690289, 30.24579 ], [ -97.690251, 30.245667 ], [ -97.690217, 30.245532 ], [ -97.690211, 30.245482 ], [ -97.690179, 30.245219 ], [ -97.690157, 30.245035 ], [ -97.690053, 30.244311 ], [ -97.68993, 30.243812 ], [ -97.689853, 30.2435 ], [ -97.689688, 30.24283 ], [ -97.68922, 30.241604 ], [ -97.688278, 30.240139 ], [ -97.688128, 30.23987 ], [ -97.687926, 30.239594 ], [ -97.687536, 30.238992 ], [ -97.687135, 30.238272 ], [ -97.686771, 30.237663 ], [ -97.686173, 30.236648 ], [ -97.684886, 30.234396 ], [ -97.683987, 30.23281 ], [ -97.683957, 30.232751 ], [ -97.683413, 30.231671 ], [ -97.683164, 30.23095 ], [ -97.682997, 30.23037 ], [ -97.682913, 30.230033 ], [ -97.682808, 30.229499 ], [ -97.682658, 30.229028 ], [ -97.682553, 30.228636 ], [ -97.68243, 30.22813 ], [ -97.682326, 30.227699 ], [ -97.682252, 30.227239 ], [ -97.682243, 30.226991 ], [ -97.682235, 30.226811 ], [ -97.682233, 30.226552 ], [ -97.68226, 30.226316 ], [ -97.682321, 30.225949 ], [ -97.68242, 30.225532 ], [ -97.682555, 30.225041 ], [ -97.682701, 30.22467 ], [ -97.682772, 30.224429 ], [ -97.682824, 30.224239 ], [ -97.682908, 30.223687 ], [ -97.682959, 30.223377 ], [ -97.683012, 30.222438 ], [ -97.68304, 30.222023 ], [ -97.683048, 30.221902 ], [ -97.683047, 30.221787 ], [ -97.683046, 30.221526 ], [ -97.683055, 30.22124 ], [ -97.683059, 30.221118 ], [ -97.683117, 30.219211 ], [ -97.68312, 30.219156 ], [ -97.68313, 30.218785 ], [ -97.683155, 30.217847 ], [ -97.683162, 30.217694 ], [ -97.68318, 30.217527 ], [ -97.683181, 30.217418 ], [ -97.683198, 30.216618 ], [ -97.683246, 30.214874 ], [ -97.683228, 30.214092 ], [ -97.683217, 30.213559 ], [ -97.683192, 30.211915 ], [ -97.683189, 30.209949 ], [ -97.683188, 30.208872 ], [ -97.683183, 30.2051 ], [ -97.683443, 30.20221 ], [ -97.6835, 30.20157 ], [ -97.683754, 30.199857 ], [ -97.683967, 30.198425 ], [ -97.683984, 30.198296 ], [ -97.683998, 30.198122 ], [ -97.684418, 30.195584 ], [ -97.684769, 30.193329 ], [ -97.685021, 30.191598 ], [ -97.685112, 30.191132 ], [ -97.685467, 30.190064 ], [ -97.685712, 30.18928 ], [ -97.685848, 30.188845 ], [ -97.685853, 30.18883 ], [ -97.68608, 30.188002 ], [ -97.686734, 30.185612 ], [ -97.686991, 30.184672 ], [ -97.687315, 30.183486 ], [ -97.687496, 30.18292 ], [ -97.687521, 30.182841 ], [ -97.687565, 30.18268 ], [ -97.687596, 30.182567 ], [ -97.688286, 30.180026 ], [ -97.688852, 30.177986 ], [ -97.68889, 30.177852 ], [ -97.689219, 30.176693 ], [ -97.689788, 30.174691 ], [ -97.689814, 30.174601 ], [ -97.690029, 30.173844 ], [ -97.690065, 30.173718 ], [ -97.690868, 30.170891 ], [ -97.6913, 30.169285 ], [ -97.691796, 30.167505 ], [ -97.692109, 30.166377 ], [ -97.692489, 30.165065 ], [ -97.692682, 30.164396 ], [ -97.692756, 30.164138 ], [ -97.69283, 30.16399 ], [ -97.692925, 30.163721 ], [ -97.693094, 30.163174 ], [ -97.693179, 30.162946 ], [ -97.693355, 30.1626 ], [ -97.693524, 30.162353 ] ] } },
{ "type": "Feature", "properties": { "LINEARID": "110485908415", "FULLNAME": "State Loop 343", "RTTYP": "S", "MTFCC": "S1200", "NAME": "Travis" }, "geometry": { "type": "LineString", "coordinates": [ [ -97.758049, 30.262139 ], [ -97.758016, 30.262075 ], [ -97.758286, 30.261262 ], [ -97.758405, 30.260993 ], [ -97.7585, 30.260928 ] ] } },
{ "type": "Feature", "properties": { "LINEARID": "11010881623221", "FULLNAME": "Bastrop Hwy", "RTTYP": "M", "MTFCC": "S1200", "NAME": "Travis" }, "geometry": { "type": "LineString", "coordinates": [ [ -97.689532, 30.241454 ], [ -97.68911, 30.240898 ], [ -97.688786, 30.24045 ], [ -97.688325, 30.239734 ], [ -97.687599, 30.238563 ], [ -97.687421, 30.238253 ], [ -97.686996, 30.237513 ], [ -97.68657, 30.236771 ], [ -97.686391, 30.236469 ], [ -97.686236, 30.236186 ], [ -97.685893, 30.235581 ], [ -97.685771, 30.235367 ], [ -97.68536, 30.234653 ], [ -97.685191, 30.234359 ], [ -97.684462, 30.23309 ], [ -97.684237, 30.232665 ], [ -97.683855, 30.231944 ], [ -97.683416, 30.230794 ], [ -97.683228, 30.230204 ], [ -97.683184, 30.229945 ], [ -97.6831, 30.22945 ], [ -97.683101, 30.229361 ], [ -97.683092, 30.22857 ], [ -97.683094, 30.228481 ], [ -97.683142, 30.226726 ] ] } },
{ "type": "Feature", "properties": { "LINEARID": "1104474975638", "FULLNAME": "Comal St", "RTTYP": "M", "MTFCC": "S1200", "NAME": "Travis" }, "geometry": { "type": "LineString", "coordinates": [ [ -97.726138, 30.263954 ], [ -97.725695, 30.264806 ], [ -97.725286, 30.265697 ] ] } },
{ "type": "Feature", "properties": { "LINEARID": "11010865771960", "FULLNAME": "Lockhart Hwy", "RTTYP": "M", "MTFCC": "S1200", "NAME": "Travis" }, "geometry": { "type": "LineString", "coordinates": [ [ -97.686173, 30.236648 ], [ -97.684886, 30.234396 ], [ -97.683987, 30.23281 ], [ -97.683957, 30.232751 ], [ -97.683413, 30.231671 ], [ -97.683164, 30.23095 ], [ -97.682997, 30.23037 ], [ -97.682913, 30.230033 ], [ -97.682808, 30.229499 ], [ -97.682658, 30.229028 ], [ -97.682553, 30.228636 ], [ -97.68243, 30.22813 ], [ -97.682326, 30.227699 ], [ -97.682252, 30.227239 ], [ -97.682243, 30.226991 ], [ -97.682235, 30.226811 ], [ -97.682233, 30.226552 ], [ -97.68226, 30.226316 ], [ -97.682321, 30.225949 ], [ -97.68242, 30.225532 ], [ -97.682555, 30.225041 ], [ -97.682701, 30.22467 ], [ -97.682772, 30.224429 ], [ -97.682824, 30.224239 ], [ -97.682908, 30.223687 ], [ -97.682959, 30.223377 ], [ -97.683012, 30.222438 ], [ -97.68304, 30.222023 ], [ -97.683048, 30.221902 ], [ -97.683047, 30.221787 ], [ -97.683046, 30.221526 ], [ -97.683055, 30.22124 ], [ -97.683059, 30.221118 ], [ -97.683117, 30.219211 ], [ -97.68312, 30.219156 ], [ -97.68313, 30.218785 ], [ -97.683155, 30.217847 ], [ -97.683162, 30.217694 ], [ -97.68318, 30.217527 ], [ -97.683181, 30.217418 ], [ -97.683198, 30.216618 ], [ -97.683246, 30.214874 ], [ -97.683228, 30.214092 ], [ -97.683217, 30.213559 ], [ -97.683192, 30.211915 ], [ -97.683189, 30.209949 ], [ -97.683188, 30.208872 ], [ -97.683183, 30.2051 ], [ -97.683443, 30.20221 ], [ -97.6835, 30.20157 ], [ -97.683754, 30.199857 ], [ -97.683967, 30.198425 ], [ -97.683984, 30.198296 ], [ -97.683998, 30.198122 ], [ -97.684418, 30.195584 ], [ -97.684769, 30.193329 ], [ -97.685021, 30.191598 ], [ -97.685112, 30.191132 ], [ -97.685467, 30.190064 ], [ -97.685712, 30.18928 ] ] } },
{ "type": "Feature", "properties": { "LINEARID": "110485908410", "FULLNAME": "State Loop 343", "RTTYP": "S", "MTFCC": "S1200", "NAME": "Travis" }, "geometry": { "type": "LineString", "coordinates": [ [ -97.789424, 30.238565 ], [ -97.789896, 30.238128 ], [ -97.791491, 30.236917 ], [ -97.792754, 30.236032 ], [ -97.792933, 30.235969 ], [ -97.793751, 30.235485 ], [ -97.794579, 30.235067 ], [ -97.794606, 30.235053 ], [ -97.794878, 30.234916 ], [ -97.79568, 30.234464 ], [ -97.795776, 30.234409 ], [ -97.79606, 30.234245 ], [ -97.79649, 30.233997 ], [ -97.796817, 30.233803 ], [ -97.796891, 30.233759 ], [ -97.796913, 30.233746 ], [ -97.797117, 30.233582 ], [ -97.797305, 30.233415 ], [ -97.7975, 30.233243 ], [ -97.797741, 30.233085 ], [ -97.79797, 30.232936 ], [ -97.798337, 30.232743 ], [ -97.798642, 30.232628 ], [ -97.798866, 30.232544 ], [ -97.799545, 30.232357 ], [ -97.799972, 30.232266 ], [ -97.800314, 30.232193 ], [ -97.80057, 30.232122 ], [ -97.800839, 30.232099 ], [ -97.801728, 30.232072 ] ] } },
{ "type": "Feature", "properties": { "LINEARID": "1108296487890", "FULLNAME": "State Hwy 45", "RTTYP": "S", "MTFCC": "S1100", "NAME": "Travis" }, "geometry": { "type": "LineString", "coordinates": [ [ -97.594469, 30.474561 ], [ -97.594182, 30.474288 ], [ -97.593882, 30.473947 ], [ -97.593638, 30.473647 ], [ -97.593412, 30.473327 ], [ -97.593201, 30.472938 ], [ -97.593109, 30.472677 ], [ -97.593003, 30.472379 ], [ -97.592935, 30.472087 ], [ -97.592779, 30.471275 ], [ -97.592772, 30.470894 ], [ -97.592861, 30.470205 ], [ -97.593031, 30.469551 ], [ -97.594054, 30.466055 ] ] } },
{ "type": "Feature", "properties": { "LINEARID": "1108296455783", "FULLNAME": "State Hwy 45", "RTTYP": "S", "MTFCC": "S1100", "NAME": "Travis" }, "geometry": { "type": "LineString", "coordinates": [ [ -97.598456, 30.476751 ], [ -97.59695, 30.475992 ], [ -97.595832, 30.475467 ] ] } },
{ "type": "Feature", "properties": { "LINEARID": "11017129188421", "FULLNAME": "US Hwy 183", "RTTYP": "U", "MTFCC": "S1200", "NAME": "Travis" }, "geometry": { "type": "Point", "coordinates": [ -97.688336, 30.040674 ] } },
{ "type": "Feature", "properties": { "LINEARID": "1108296487058", "FULLNAME": "Burnet Rd", "RTTYP": "M", "MTFCC": "S1100", "NAME": "Travis" }, "geometry": { "type": "LineString", "coordinates": [ [ -97.702915, 30.423595 ], [ -97.70216, 30.425853 ], [ -97.701574, 30.427716 ], [ -97.700701, 30.430465 ], [ -97.700626, 30.430702 ], [ -97.700562, 30.430909 ], [ -97.700217, 30.431841 ], [ -97.699847, 30.432841 ], [ -97.699435, 30.434237 ], [ -97.699402, 30.434367 ], [ -97.699203, 30.435639 ], [ -97.699099, 30.436576 ], [ -97.698916, 30.43788 ], [ -97.698797, 30.438405 ], [ -97.698519, 30.439279 ], [ -97.698249, 30.440058 ], [ -97.698202, 30.440208 ], [ -97.698147, 30.440354 ] ] } },
{ "type": "Feature", "properties": { "LINEARID": "1108296491839", "FULLNAME": "US Hwy 290", "RTTYP": "U", "MTFCC": "S1100", "NAME": "Travis" }, "geometry": { "type": "LineString", "coordinates": [ [ -97.572571, 30.346024 ], [ -97.572864, 30.345964 ], [ -97.572878, 30.34596 ], [ -97.573161, 30.345891 ], [ -97.574665, 30.345572 ], [ -97.578942, 30.344665 ], [ -97.580038, 30.344412 ], [ -97.580076, 30.344403 ], [ -97.580138, 30.344389 ], [ -97.580317, 30.344349 ], [ -97.580431, 30.344313 ], [ -97.580502, 30.344292 ], [ -97.580705, 30.34424 ], [ -97.580768, 30.344224 ], [ -97.581757, 30.343943 ], [ -97.582927, 30.343613 ], [ -97.584071, 30.343264 ], [ -97.585298, 30.342788 ], [ -97.585553, 30.34269 ], [ -97.585805, 30.342595 ], [ -97.588503, 30.341626 ], [ -97.590192, 30.340991 ], [ -97.590515, 30.340867 ], [ -97.590886, 30.34073 ], [ -97.591383, 30.340537 ], [ -97.59174, 30.340411 ], [ -97.593518, 30.339732 ], [ -97.597514, 30.338205 ], [ -97.599391, 30.337504 ], [ -97.599466, 30.337467 ], [ -97.599793, 30.33734 ], [ -97.601787, 30.336584 ], [ -97.602393, 30.33635 ], [ -97.603546, 30.335918 ], [ -97.604406, 30.335608 ], [ -97.605168, 30.335369 ], [ -97.605193, 30.335363 ], [ -97.607255, 30.334843 ], [ -97.607431, 30.334799 ], [ -97.607639, 30.334745 ], [ -97.607789, 30.334704 ], [ -97.608452, 30.334523 ], [ -97.609017, 30.334364 ], [ -97.60933, 30.334277 ], [ -97.610647, 30.333907 ], [ -97.614006, 30.333004 ], [ -97.615686, 30.332556 ], [ -97.61728, 30.332128 ], [ -97.618498, 30.33181 ], [ -97.61952, 30.331541 ], [ -97.620541, 30.331304 ], [ -97.62144, 30.331146 ], [ -97.622609, 30.330996 ], [ -97.623071, 30.330948 ], [ -97.623218, 30.330933 ], [ -97.623386, 30.330921 ], [ -97.623604, 30.330906 ], [ -97.623673, 30.330901 ], [ -97.624492, 30.330839 ], [ -97.625377, 30.330772 ], [ -97.627946, 30.330581 ], [ -97.629442, 30.330471 ], [ -97.638081, 30.329891 ], [ -97.638792, 30.329848 ], [ -97.641352, 30.329696 ], [ -97.641606, 30.329681 ], [ -97.641931, 30.329662 ], [ -97.643998, 30.329539 ], [ -97.644302, 30.329504 ], [ -97.644418, 30.329493 ], [ -97.646836, 30.329264 ], [ -97.647293, 30.329239 ], [ -97.647808, 30.329209 ], [ -97.648172, 30.329186 ], [ -97.64991, 30.329065 ], [ -97.650582, 30.329018 ], [ -97.651753, 30.32894 ], [ -97.653633, 30.328826 ], [ -97.654536, 30.328752 ], [ -97.654771, 30.328733 ], [ -97.654874, 30.328725 ], [ -97.659394, 30.328426 ], [ -97.661714, 30.328254 ], [ -97.662709, 30.328156 ], [ -97.664283, 30.327965 ], [ -97.665877, 30.327694 ], [ -97.66705, 30.327471 ], [ -97.668694, 30.327127 ], [ -97.668898, 30.327068 ], [ -97.669557, 30.32693 ], [ -97.670255, 30.326745 ], [ -97.670785, 30.326578 ], [ -97.671717, 30.326284 ], [ -97.672779, 30.325878 ], [ -97.672925, 30.325827 ], [ -97.673228, 30.32572 ], [ -97.673329, 30.325684 ], [ -97.673492, 30.325626 ], [ -97.673572, 30.325598 ], [ -97.67371, 30.32555 ], [ -97.673973, 30.325458 ], [ -97.674134, 30.325402 ], [ -97.67431, 30.325341 ], [ -97.677972, 30.324054 ], [ -97.678932, 30.323699 ], [ -97.679019, 30.323672 ], [ -97.67991, 30.323398 ], [ -97.680785, 30.32309 ], [ -97.681023, 30.323006 ], [ -97.682261, 30.322595 ], [ -97.683437, 30.322206 ], [ -97.684294, 30.32197 ], [ -97.684876, 30.321856 ], [ -97.687042, 30.321634 ], [ -97.687884, 30.321576 ], [ -97.688725, 30.321517 ], [ -97.688888, 30.321507 ], [ -97.688982, 30.321501 ], [ -97.689084, 30.321491 ], [ -97.689207, 30.32148 ], [ -97.690098, 30.321397 ], [ -97.690791, 30.321379 ], [ -97.693017, 30.321322 ], [ -97.694155, 30.32142 ], [ -97.695026, 30.321454 ], [ -97.695175, 30.32146 ], [ -97.69532, 30.321466 ], [ -97.695388, 30.321472 ], [ -97.695486, 30.32148 ], [ -97.696464, 30.32156 ], [ -97.697096, 30.321708 ], [ -97.698016, 30.321878 ], [ -97.698854, 30.322051 ], [ -97.699248, 30.322101 ], [ -97.699997, 30.322208 ], [ -97.700828, 30.32228 ], [ -97.701399, 30.322307 ], [ -97.702484, 30.322364 ], [ -97.704429, 30.322519 ], [ -97.704867, 30.322558 ], [ -97.705059, 30.32256 ], [ -97.705191, 30.322558 ], [ -97.705349, 30.322539 ], [ -97.705552, 30.322508 ], [ -97.705757, 30.322448 ], [ -97.705886, 30.322402 ], [ -97.706002, 30.322358 ], [ -97.706165, 30.322295 ], [ -97.706369, 30.322155 ], [ -97.706521, 30.322032 ], [ -97.706649, 30.321924 ], [ -97.706835, 30.321712 ], [ -97.706986, 30.321542 ], [ -97.707095, 30.321405 ], [ -97.707114, 30.321358 ], [ -97.707259, 30.320972 ], [ -97.707414, 30.319518 ], [ -97.707536, 30.318658 ], [ -97.707722, 30.317239 ], [ -97.708159, 30.314444 ], [ -97.708594, 30.31312 ], [ -97.708682, 30.312848 ], [ -97.70943, 30.311346 ], [ -97.710032, 30.310249 ], [ -97.710226, 30.309915 ], [ -97.710296, 30.309815 ], [ -97.710339, 30.30975 ], [ -97.710392, 30.309671 ], [ -97.710448, 30.30959 ], [ -97.710885, 30.308911 ], [ -97.711825, 30.307417 ], [ -97.712423, 30.306487 ], [ -97.712523, 30.306332 ], [ -97.712923, 30.305707 ], [ -97.714078, 30.303918 ], [ -97.714273, 30.303605 ], [ -97.715213, 30.302096 ], [ -97.715267, 30.302011 ], [ -97.715329, 30.301911 ], [ -97.715352, 30.301874 ], [ -97.716422, 30.300222 ], [ -97.716574, 30.29999 ], [ -97.717293, 30.298849 ], [ -97.718081, 30.297611 ], [ -97.719719, 30.294945 ], [ -97.72013, 30.294284 ], [ -97.720587, 30.29355 ], [ -97.720991, 30.292907 ], [ -97.723043, 30.289756 ], [ -97.723375, 30.289242 ], [ -97.723727, 30.288695 ], [ -97.724034, 30.288212 ], [ -97.724165, 30.287998 ], [ -97.724229, 30.287895 ], [ -97.724784, 30.287018 ], [ -97.725, 30.286681 ], [ -97.72508, 30.286556 ], [ -97.725149, 30.286457 ], [ -97.725583, 30.285778 ], [ -97.725798, 30.285441 ], [ -97.726883, 30.28384 ], [ -97.727401, 30.283078 ], [ -97.727807, 30.282502 ], [ -97.727938, 30.282316 ], [ -97.72899, 30.280654 ], [ -97.729339, 30.27993 ], [ -97.730048, 30.278506 ], [ -97.730786, 30.276914 ], [ -97.730968, 30.276458 ], [ -97.73118, 30.275853 ], [ -97.731404, 30.275039 ], [ -97.731446, 30.274927 ], [ -97.731522, 30.274725 ], [ -97.731578, 30.274529 ], [ -97.731631, 30.274341 ], [ -97.731843, 30.273649 ], [ -97.732131, 30.272874 ], [ -97.732498, 30.271846 ], [ -97.732538, 30.271719 ], [ -97.732996, 30.270465 ], [ -97.733318, 30.269607 ], [ -97.733693, 30.268582 ], [ -97.733998, 30.267753 ], [ -97.734037, 30.267646 ], [ -97.734372, 30.266732 ], [ -97.734387, 30.26669 ], [ -97.734722, 30.265792 ], [ -97.735067, 30.264861 ], [ -97.735288, 30.264269 ], [ -97.735331, 30.264121 ], [ -97.735378, 30.263962 ], [ -97.735384, 30.26394 ], [ -97.735412, 30.263845 ], [ -97.735426, 30.263796 ], [ -97.7355, 30.263587 ], [ -97.735566, 30.2634 ], [ -97.735747, 30.262956 ], [ -97.736269, 30.261855 ], [ -97.736517, 30.261317 ], [ -97.736553, 30.261207 ], [ -97.736885, 30.260143 ], [ -97.737174, 30.259136 ], [ -97.73724, 30.258816 ], [ -97.737298, 30.258262 ], [ -97.737293, 30.258163 ], [ -97.73728, 30.257764 ], [ -97.737281, 30.257522 ], [ -97.73727, 30.257326 ], [ -97.737258, 30.257128 ], [ -97.737098, 30.255989 ], [ -97.736894, 30.254951 ], [ -97.736657, 30.253851 ], [ -97.736375, 30.252477 ], [ -97.736292, 30.25207 ], [ -97.73625, 30.251868 ], [ -97.736166, 30.251412 ], [ -97.73615, 30.251322 ], [ -97.736002, 30.25065 ], [ -97.735994, 30.250611 ], [ -97.735932, 30.250322 ], [ -97.735822, 30.249809 ], [ -97.73569, 30.249195 ], [ -97.735603, 30.248791 ], [ -97.73544, 30.24802 ], [ -97.735412, 30.247888 ], [ -97.735339, 30.247501 ], [ -97.735248, 30.247021 ], [ -97.735125, 30.246374 ], [ -97.735028, 30.245863 ], [ -97.735021, 30.24544 ], [ -97.735037, 30.244959 ], [ -97.735142, 30.244414 ], [ -97.735261, 30.244083 ], [ -97.735307, 30.243955 ], [ -97.735467, 30.243563 ], [ -97.735631, 30.243214 ], [ -97.735874, 30.242815 ], [ -97.73594, 30.242684 ], [ -97.736403, 30.241929 ], [ -97.736969, 30.240953 ], [ -97.737023, 30.24088 ], [ -97.737484, 30.240135 ], [ -97.738212, 30.238976 ], [ -97.738391, 30.238692 ], [ -97.738416, 30.238649 ], [ -97.738654, 30.238242 ], [ -97.740233, 30.235549 ], [ -97.740861, 30.234475 ], [ -97.741273, 30.233771 ], [ -97.741898, 30.232689 ], [ -97.742295, 30.232037 ], [ -97.742623, 30.231499 ], [ -97.744434, 30.228417 ], [ -97.744814, 30.227772 ], [ -97.745333, 30.226892 ], [ -97.745672, 30.226307 ], [ -97.746996, 30.224071 ], [ -97.747455, 30.223299 ], [ -97.747496, 30.223232 ], [ -97.747992, 30.222373 ], [ -97.748027, 30.222313 ] ] } },
{ "type": "Feature", "properties": { "LINEARID": "1108296487868", "FULLNAME": "US Hwy 290", "RTTYP": "U", "MTFCC": "S1100", "NAME": "Travis" }, "geometry": { "type": "LineString", "coordinates": [ [ -97.747855, 30.222238 ], [ -97.747846, 30.222254 ], [ -97.747316, 30.223186 ], [ -97.74681, 30.224034 ], [ -97.746374, 30.224765 ], [ -97.745897, 30.225564 ], [ -97.745624, 30.226023 ], [ -97.745054, 30.227004 ], [ -97.744639, 30.227719 ], [ -97.744283, 30.228317 ], [ -97.743699, 30.229287 ], [ -97.742748, 30.230896 ], [ -97.742354, 30.231558 ], [ -97.741923, 30.232282 ], [ -97.741067, 30.233728 ], [ -97.740043, 30.235451 ], [ -97.739388, 30.236552 ], [ -97.738818, 30.237511 ], [ -97.738322, 30.238345 ], [ -97.737867, 30.239109 ], [ -97.737311, 30.240063 ], [ -97.736871, 30.240816 ], [ -97.736833, 30.24089 ], [ -97.73635, 30.241685 ], [ -97.736075, 30.242139 ], [ -97.735527, 30.243044 ], [ -97.735476, 30.243116 ], [ -97.735364, 30.243274 ], [ -97.735126, 30.243921 ], [ -97.734948, 30.244443 ], [ -97.734862, 30.244879 ], [ -97.734822, 30.245427 ], [ -97.734835, 30.245751 ], [ -97.7349, 30.246208 ], [ -97.735189, 30.247821 ], [ -97.735195, 30.247856 ], [ -97.735203, 30.247906 ], [ -97.735214, 30.24797 ], [ -97.735307, 30.248518 ], [ -97.735382, 30.248721 ], [ -97.735473, 30.249102 ], [ -97.735604, 30.249648 ], [ -97.735631, 30.249768 ], [ -97.735754, 30.250307 ], [ -97.735802, 30.25052 ], [ -97.735815, 30.250578 ], [ -97.735963, 30.251316 ], [ -97.736018, 30.251591 ], [ -97.73607, 30.251817 ], [ -97.736108, 30.252015 ], [ -97.736178, 30.252381 ], [ -97.736187, 30.252425 ], [ -97.736511, 30.254085 ], [ -97.736646, 30.254833 ], [ -97.736859, 30.256017 ], [ -97.737027, 30.257063 ], [ -97.737031, 30.25725 ], [ -97.737031, 30.257448 ], [ -97.737003, 30.258149 ], [ -97.736963, 30.25847 ], [ -97.736862, 30.259172 ], [ -97.736815, 30.259336 ], [ -97.736682, 30.259795 ], [ -97.736551, 30.260183 ], [ -97.736223, 30.261144 ], [ -97.735885, 30.26207 ], [ -97.735563, 30.262952 ], [ -97.735261, 30.263782 ], [ -97.735255, 30.263801 ], [ -97.73521, 30.263921 ], [ -97.735202, 30.263943 ], [ -97.735154, 30.264074 ], [ -97.735058, 30.264334 ], [ -97.734544, 30.265736 ], [ -97.734226, 30.266607 ], [ -97.734199, 30.266679 ], [ -97.733863, 30.267587 ], [ -97.733822, 30.267697 ], [ -97.733523, 30.268502 ], [ -97.733163, 30.269471 ], [ -97.732795, 30.270412 ], [ -97.732256, 30.271855 ], [ -97.731899, 30.272963 ], [ -97.731755, 30.27343 ], [ -97.731533, 30.274193 ], [ -97.731442, 30.274505 ], [ -97.73138, 30.274695 ], [ -97.731316, 30.274892 ], [ -97.731006, 30.2757 ], [ -97.730836, 30.276198 ], [ -97.730666, 30.276697 ], [ -97.730265, 30.277507 ], [ -97.729809, 30.278493 ], [ -97.728569, 30.280574 ], [ -97.727849, 30.281679 ], [ -97.727569, 30.282108 ], [ -97.727071, 30.283011 ], [ -97.726609, 30.283721 ], [ -97.725344, 30.285655 ], [ -97.725022, 30.286149 ], [ -97.724833, 30.286439 ], [ -97.724755, 30.286558 ], [ -97.724708, 30.286629 ], [ -97.724589, 30.286814 ], [ -97.72445, 30.287029 ], [ -97.724361, 30.287167 ], [ -97.724258, 30.287327 ], [ -97.723777, 30.288076 ], [ -97.723763, 30.288098 ], [ -97.723454, 30.288578 ], [ -97.723123, 30.289096 ], [ -97.722792, 30.289615 ], [ -97.721985, 30.290859 ], [ -97.721334, 30.29186 ], [ -97.720737, 30.29278 ], [ -97.72028, 30.2935 ], [ -97.719457, 30.294796 ], [ -97.71902, 30.295471 ], [ -97.718477, 30.296303 ], [ -97.71829, 30.296589 ], [ -97.717723, 30.297458 ], [ -97.717031, 30.29861 ], [ -97.716738, 30.299099 ], [ -97.716613, 30.299314 ], [ -97.716346, 30.299773 ], [ -97.715215, 30.301714 ], [ -97.715189, 30.301756 ], [ -97.715128, 30.301855 ], [ -97.715072, 30.301941 ], [ -97.714113, 30.303442 ], [ -97.713875, 30.303815 ], [ -97.712861, 30.305384 ], [ -97.712486, 30.305964 ], [ -97.712322, 30.306217 ], [ -97.711618, 30.307309 ], [ -97.710605, 30.308872 ], [ -97.71024, 30.309453 ], [ -97.710132, 30.309635 ], [ -97.710099, 30.30969 ], [ -97.710058, 30.309763 ], [ -97.710007, 30.309853 ], [ -97.709684, 30.310432 ], [ -97.709204, 30.311291 ], [ -97.709191, 30.311318 ], [ -97.708517, 30.312708 ], [ -97.708391, 30.313066 ], [ -97.708023, 30.314113 ], [ -97.707766, 30.314994 ], [ -97.70766, 30.315355 ], [ -97.707506, 30.316187 ], [ -97.7074, 30.316643 ], [ -97.706928, 30.31869 ], [ -97.706874, 30.319185 ], [ -97.706768, 30.319855 ], [ -97.706678, 30.320397 ], [ -97.706604, 30.320832 ], [ -97.706532, 30.321076 ], [ -97.706439, 30.321284 ], [ -97.706376, 30.321366 ], [ -97.706311, 30.321438 ], [ -97.706193, 30.321566 ], [ -97.705892, 30.321777 ], [ -97.705817, 30.321807 ], [ -97.705683, 30.321862 ], [ -97.705478, 30.321928 ], [ -97.705221, 30.321983 ], [ -97.703831, 30.321916 ], [ -97.703545, 30.321922 ], [ -97.702828, 30.321923 ], [ -97.701979, 30.321964 ], [ -97.700966, 30.321874 ], [ -97.698328, 30.321517 ], [ -97.696696, 30.321346 ], [ -97.695649, 30.321255 ], [ -97.695561, 30.321247 ], [ -97.695465, 30.321239 ], [ -97.695369, 30.321232 ], [ -97.695237, 30.321222 ], [ -97.69437, 30.32117 ], [ -97.693056, 30.321092 ], [ -97.691105, 30.321121 ], [ -97.690948, 30.321132 ], [ -97.690734, 30.321148 ], [ -97.689185, 30.321261 ], [ -97.689072, 30.321269 ], [ -97.688965, 30.321277 ], [ -97.688859, 30.321285 ], [ -97.688706, 30.321296 ], [ -97.685036, 30.32157 ], [ -97.684583, 30.321668 ], [ -97.684429, 30.321698 ], [ -97.684031, 30.321794 ], [ -97.683325, 30.32198 ], [ -97.682901, 30.322112 ], [ -97.681361, 30.322634 ], [ -97.680604, 30.322895 ], [ -97.67986, 30.323182 ], [ -97.678861, 30.323505 ], [ -97.67851, 30.323619 ], [ -97.677851, 30.323854 ], [ -97.676707, 30.324262 ], [ -97.676187, 30.324433 ], [ -97.67552, 30.324648 ], [ -97.674084, 30.325114 ], [ -97.673832, 30.325196 ], [ -97.673682, 30.325239 ], [ -97.673476, 30.32531 ], [ -97.673283, 30.325375 ], [ -97.673164, 30.325419 ], [ -97.67304, 30.325464 ], [ -97.67296, 30.325496 ], [ -97.672888, 30.325524 ], [ -97.672648, 30.325618 ], [ -97.672498, 30.325673 ], [ -97.67128, 30.326119 ], [ -97.67042, 30.326433 ], [ -97.667391, 30.32721 ], [ -97.665854, 30.327509 ], [ -97.664466, 30.327678 ], [ -97.661589, 30.327991 ], [ -97.661518, 30.327998 ], [ -97.659373, 30.328139 ], [ -97.655078, 30.328434 ], [ -97.654768, 30.328458 ], [ -97.654571, 30.328474 ], [ -97.653597, 30.328554 ], [ -97.651733, 30.328699 ], [ -97.649896, 30.328827 ], [ -97.648036, 30.328956 ], [ -97.64728, 30.329012 ], [ -97.644183, 30.329265 ], [ -97.644012, 30.32928 ], [ -97.643393, 30.329322 ], [ -97.641905, 30.329425 ], [ -97.641578, 30.329448 ], [ -97.641354, 30.32946 ], [ -97.638077, 30.329638 ], [ -97.63682, 30.32973 ], [ -97.633943, 30.329942 ], [ -97.632071, 30.330061 ], [ -97.62938, 30.330249 ], [ -97.625616, 30.330496 ], [ -97.623635, 30.330629 ], [ -97.623456, 30.330641 ], [ -97.623274, 30.330654 ], [ -97.623162, 30.330667 ], [ -97.623096, 30.330675 ], [ -97.621505, 30.330865 ], [ -97.620958, 30.330963 ], [ -97.620211, 30.331118 ], [ -97.619626, 30.331252 ], [ -97.618434, 30.331581 ], [ -97.617372, 30.331877 ], [ -97.61393, 30.332801 ], [ -97.61058, 30.333696 ], [ -97.609913, 30.333862 ], [ -97.609254, 30.334028 ], [ -97.607708, 30.334454 ], [ -97.607557, 30.334496 ], [ -97.607358, 30.33455 ], [ -97.607176, 30.334599 ], [ -97.605124, 30.335153 ], [ -97.604697, 30.33528 ], [ -97.604654, 30.335294 ], [ -97.604248, 30.335427 ], [ -97.603594, 30.335659 ], [ -97.602576, 30.336051 ], [ -97.601719, 30.336377 ], [ -97.600402, 30.336881 ], [ -97.599662, 30.337134 ], [ -97.599388, 30.337247 ], [ -97.598324, 30.337655 ], [ -97.59733, 30.33803 ], [ -97.594134, 30.33924 ], [ -97.591632, 30.340187 ], [ -97.591286, 30.340319 ], [ -97.590771, 30.340512 ], [ -97.590394, 30.340638 ], [ -97.590068, 30.340753 ], [ -97.588596, 30.341312 ], [ -97.585657, 30.342404 ], [ -97.585521, 30.342451 ], [ -97.585419, 30.342488 ], [ -97.584155, 30.342999 ], [ -97.583438, 30.343298 ], [ -97.582727, 30.343549 ], [ -97.582154, 30.343722 ], [ -97.580644, 30.344153 ], [ -97.580624, 30.344156 ], [ -97.580433, 30.344191 ], [ -97.580247, 30.344241 ], [ -97.58007, 30.344289 ], [ -97.580013, 30.344304 ], [ -97.57996, 30.344317 ], [ -97.57884, 30.34458 ], [ -97.578065, 30.344755 ], [ -97.577575, 30.34485 ], [ -97.577091, 30.34494 ], [ -97.576685, 30.344988 ], [ -97.576446, 30.345023 ], [ -97.576195, 30.345071 ], [ -97.575992, 30.345107 ], [ -97.575442, 30.345232 ], [ -97.574624, 30.345418 ], [ -97.574597, 30.345423 ], [ -97.573835, 30.345573 ], [ -97.573264, 30.345661 ], [ -97.573101, 30.345686 ], [ -97.573023, 30.345698 ], [ -97.572762, 30.34574 ], [ -97.572023, 30.345862 ], [ -97.571877, 30.345895 ], [ -97.571274, 30.346032 ] ] } },
{ "type": "Feature", "properties": { "LINEARID": "110485908418", "FULLNAME": "State Loop 343", "RTTYP": "S", "MTFCC": "S1200", "NAME": "Travis" }, "geometry": { "type": "LineString", "coordinates": [ [ -97.757106, 30.264525 ], [ -97.757124, 30.264355 ], [ -97.757631, 30.26299 ], [ -97.75773, 30.262943 ] ] } },
{ "type": "Feature", "properties": { "LINEARID": "110485908406", "FULLNAME": "State Loop 275", "RTTYP": "S", "MTFCC": "S1200", "NAME": "Travis" }, "geometry": { "type": "LineString", "coordinates": [ [ -97.712439, 30.347805 ], [ -97.712407, 30.347856 ], [ -97.712357, 30.347936 ], [ -97.712275, 30.348057 ], [ -97.712224, 30.348131 ], [ -97.711732, 30.348726 ], [ -97.711354, 30.349183 ], [ -97.710487, 30.350057 ], [ -97.709454, 30.350718 ], [ -97.709153, 30.35081 ] ] } },
{ "type": "Feature", "properties": { "LINEARID": "110485908405", "FULLNAME": "State Loop 275", "RTTYP": "S", "MTFCC": "S1200", "NAME": "Travis" }, "geometry": { "type": "LineString", "coordinates": [ [ -97.71235, 30.347712 ], [ -97.712303, 30.347782 ], [ -97.712266, 30.347838 ], [ -97.712187, 30.347967 ], [ -97.712136, 30.348052 ], [ -97.711893, 30.348344 ], [ -97.711379, 30.348943 ], [ -97.710819, 30.34948 ], [ -97.710447, 30.349778 ], [ -97.709878, 30.350132 ], [ -97.709337, 30.350568 ], [ -97.709153, 30.35081 ] ] } },
{ "type": "Feature", "properties": { "LINEARID": "11033198576931", "FULLNAME": "State Hwy 45", "RTTYP": "S", "MTFCC": "S1200", "NAME": "Travis" }, "geometry": { "type": "LineString", "coordinates": [ [ -97.924434, 30.193337 ], [ -97.924043, 30.193157 ], [ -97.923853, 30.193061 ], [ -97.923631, 30.192949 ], [ -97.922373, 30.192317 ], [ -97.919643, 30.190717 ], [ -97.91789, 30.189831 ], [ -97.916664, 30.189201 ], [ -97.914957, 30.188395 ], [ -97.914835, 30.188338 ], [ -97.913257, 30.187535 ], [ -97.912934, 30.187392 ], [ -97.91156, 30.186728 ], [ -97.910345, 30.186028 ], [ -97.908392, 30.185196 ], [ -97.906301, 30.184483 ], [ -97.905718, 30.1843 ], [ -97.904896, 30.184043 ], [ -97.90429, 30.183853 ], [ -97.903339, 30.183555 ], [ -97.903164, 30.1835 ], [ -97.903113, 30.183481 ], [ -97.902278, 30.183151 ], [ -97.901409, 30.182851 ], [ -97.899954, 30.182221 ], [ -97.899716, 30.182119 ], [ -97.899677, 30.182099 ], [ -97.899499, 30.18201 ], [ -97.899438, 30.181979 ], [ -97.899259, 30.181885 ], [ -97.897993, 30.181223 ], [ -97.89659, 30.180349 ], [ -97.895067, 30.179276 ], [ -97.893535, 30.17811 ], [ -97.893493, 30.178079 ], [ -97.892421, 30.177339 ], [ -97.892185, 30.177175 ] ] } },
{ "type": "Feature", "properties": { "LINEARID": "1104475157994", "FULLNAME": "State Hwy 71", "RTTYP": "S", "MTFCC": "S1200", "NAME": "Travis" }, "geometry": { "type": "LineString", "coordinates": [ [ -97.860644, 30.235296 ], [ -97.864779, 30.234061 ], [ -97.864933, 30.23404 ], [ -97.866032, 30.233894 ], [ -97.867505, 30.234078 ], [ -97.868944, 30.234051 ], [ -97.871215, 30.234012 ], [ -97.871638, 30.233993 ] ] } },
{ "type": "Feature", "properties": { "LINEARID": "1105319782596", "FULLNAME": "Ed Bluestein Blvd", "RTTYP": "M", "MTFCC": "S1200", "NAME": "Travis" }, "geometry": { "type": "LineString", "coordinates": [ [ -97.6905, 30.247263 ], [ -97.69037, 30.24763 ], [ -97.69025, 30.247888 ], [ -97.690198, 30.248022 ], [ -97.690172, 30.248069 ], [ -97.690031, 30.248329 ], [ -97.68984, 30.248578 ], [ -97.689641, 30.248805 ], [ -97.689491, 30.2489 ], [ -97.689171, 30.249104 ], [ -97.688472, 30.24943 ], [ -97.688177, 30.249504 ], [ -97.687262, 30.249727 ], [ -97.685361, 30.250221 ], [ -97.684544, 30.250469 ], [ -97.684314, 30.250528 ], [ -97.684087, 30.250592 ], [ -97.683868, 30.250674 ], [ -97.682499, 30.251272 ], [ -97.681378, 30.251849 ], [ -97.68005, 30.252781 ], [ -97.679641, 30.25314 ], [ -97.679429, 30.253326 ], [ -97.679239, 30.253504 ], [ -97.678796, 30.253919 ], [ -97.678078, 30.254794 ], [ -97.677237, 30.256196 ], [ -97.676913, 30.25668 ], [ -97.675494, 30.2589 ], [ -97.675254, 30.259268 ], [ -97.675, 30.259668 ], [ -97.673954, 30.261283 ], [ -97.673606, 30.261821 ], [ -97.672643, 30.263291 ], [ -97.672589, 30.263374 ], [ -97.672387, 30.26369 ], [ -97.67234, 30.263764 ], [ -97.672223, 30.263948 ], [ -97.670727, 30.266307 ], [ -97.670373, 30.267001 ], [ -97.670327, 30.26712 ], [ -97.66973, 30.268666 ], [ -97.669654, 30.268917 ], [ -97.66955, 30.269247 ], [ -97.668773, 30.272197 ], [ -97.668697, 30.272488 ], [ -97.668513, 30.273185 ], [ -97.668453, 30.273451 ] ] } },
{ "type": "Feature", "properties": { "LINEARID": "1108296485661", "FULLNAME": "US Hwy 290", "RTTYP": "U", "MTFCC": "S1100", "NAME": "Travis" }, "geometry": { "type": "LineString", "coordinates": [ [ -97.706891, 30.321963 ], [ -97.706791, 30.321982 ], [ -97.706637, 30.322011 ] ] } },
{ "type": "Feature", "properties": { "LINEARID": "1105598228270", "FULLNAME": "Bastrop Hwy", "RTTYP": "M", "MTFCC": "S1200", "NAME": "Travis" }, "geometry": { "type": "LineString", "coordinates": [ [ -97.678288, 30.222321 ], [ -97.677871, 30.222287 ], [ -97.677568, 30.222245 ], [ -97.677286, 30.22219 ], [ -97.676984, 30.222123 ], [ -97.676755, 30.222076 ] ] } },
{ "type": "Feature", "properties": { "LINEARID": "1108296491859", "FULLNAME": "US Hwy 290", "RTTYP": "U", "MTFCC": "S1100", "NAME": "Travis" }, "geometry": { "type": "LineString", "coordinates": [ [ -97.756811, 30.219363 ], [ -97.757823, 30.219877 ], [ -97.758486, 30.22019 ], [ -97.758526, 30.220207 ], [ -97.760231, 30.220992 ], [ -97.760362, 30.22106 ], [ -97.761042, 30.221418 ], [ -97.76159, 30.221707 ], [ -97.762395, 30.22212 ], [ -97.762418, 30.222131 ], [ -97.763568, 30.222862 ], [ -97.763838, 30.223034 ], [ -97.764036, 30.22315 ], [ -97.764405, 30.223368 ], [ -97.764751, 30.223595 ], [ -97.764902, 30.223695 ], [ -97.765664, 30.224201 ], [ -97.766001, 30.224442 ], [ -97.766732, 30.224938 ], [ -97.76711, 30.225209 ], [ -97.767272, 30.225326 ], [ -97.768225, 30.225958 ], [ -97.76842, 30.226086 ], [ -97.76857, 30.226177 ], [ -97.768714, 30.226273 ], [ -97.76882, 30.226333 ], [ -97.769161, 30.226561 ], [ -97.769279, 30.22664 ], [ -97.769348, 30.226707 ], [ -97.769552, 30.226798 ], [ -97.770462, 30.227205 ], [ -97.770606, 30.227262 ], [ -97.77075, 30.22732 ], [ -97.771044, 30.22742 ], [ -97.771193, 30.227467 ], [ -97.771496, 30.227547 ], [ -97.771812, 30.227619 ], [ -97.771888, 30.227634 ], [ -97.772387, 30.22773 ], [ -97.7727, 30.227772 ], [ -97.773015, 30.227797 ], [ -97.773427, 30.227817 ], [ -97.773667, 30.227819 ], [ -97.774864, 30.227796 ], [ -97.775944, 30.227768 ], [ -97.776105, 30.227771 ], [ -97.776263, 30.227766 ], [ -97.776352, 30.227769 ], [ -97.776439, 30.227764 ], [ -97.776532, 30.227766 ], [ -97.776579, 30.227767 ], [ -97.777673, 30.227814 ], [ -97.778932, 30.227866 ], [ -97.779324, 30.227882 ], [ -97.779837, 30.227903 ], [ -97.781078, 30.227998 ], [ -97.781207, 30.22799 ], [ -97.781483, 30.227972 ], [ -97.781948, 30.228012 ], [ -97.782439, 30.228071 ], [ -97.782821, 30.22812 ], [ -97.78319, 30.228182 ], [ -97.78348, 30.228243 ], [ -97.78364, 30.228282 ], [ -97.784279, 30.228441 ], [ -97.784596, 30.228513 ], [ -97.784897, 30.228598 ], [ -97.785288, 30.228752 ], [ -97.785529, 30.228839 ], [ -97.78586, 30.228975 ], [ -97.787125, 30.229558 ], [ -97.788079, 30.230021 ], [ -97.788224, 30.230092 ], [ -97.788321, 30.230142 ], [ -97.789754, 30.230837 ], [ -97.791629, 30.231757 ], [ -97.791855, 30.231863 ], [ -97.792421, 30.232128 ], [ -97.792709, 30.232268 ], [ -97.793269, 30.232541 ], [ -97.793948, 30.232851 ], [ -97.794006, 30.232874 ], [ -97.794395, 30.233029 ], [ -97.794738, 30.23315 ], [ -97.795302, 30.233296 ], [ -97.795624, 30.233358 ], [ -97.795944, 30.233413 ], [ -97.796294, 30.233453 ], [ -97.79637, 30.233455 ], [ -97.796494, 30.233457 ], [ -97.79672, 30.233451 ], [ -97.796928, 30.233438 ], [ -97.797021, 30.233433 ], [ -97.797305, 30.233415 ], [ -97.797474, 30.233405 ], [ -97.798052, 30.233318 ], [ -97.798804, 30.23314 ], [ -97.800039, 30.232818 ], [ -97.800676, 30.232671 ], [ -97.80093, 30.232614 ], [ -97.80152, 30.232506 ], [ -97.803099, 30.232201 ], [ -97.80315, 30.232191 ], [ -97.803516, 30.232121 ], [ -97.803588, 30.232107 ], [ -97.804212, 30.231987 ], [ -97.80501, 30.231948 ], [ -97.805407, 30.231968 ], [ -97.805633, 30.23198 ], [ -97.806123, 30.232044 ], [ -97.806835, 30.23222 ], [ -97.806923, 30.232254 ], [ -97.808698, 30.232934 ], [ -97.809198, 30.233122 ], [ -97.809775, 30.233332 ], [ -97.81019, 30.233468 ], [ -97.810338, 30.233516 ], [ -97.810729, 30.233617 ], [ -97.811207, 30.233704 ], [ -97.811232, 30.233704 ], [ -97.811763, 30.233767 ], [ -97.813547, 30.233711 ], [ -97.815284, 30.233498 ], [ -97.817812, 30.233278 ], [ -97.818116, 30.233276 ], [ -97.818314, 30.233275 ], [ -97.818335, 30.233269 ], [ -97.818434, 30.233272 ], [ -97.81853, 30.233275 ], [ -97.818896, 30.233285 ], [ -97.819384, 30.233346 ], [ -97.819804, 30.233455 ], [ -97.820452, 30.233721 ], [ -97.820568, 30.233769 ], [ -97.820598, 30.233781 ], [ -97.82245, 30.234541 ], [ -97.823248, 30.2349 ], [ -97.823752, 30.235159 ], [ -97.823898, 30.235233 ], [ -97.82438, 30.235478 ], [ -97.824487, 30.235546 ], [ -97.824539, 30.23557 ], [ -97.824716, 30.235643 ], [ -97.825151, 30.235823 ], [ -97.825298, 30.235883 ], [ -97.825537, 30.235982 ], [ -97.825573, 30.235991 ], [ -97.827217, 30.236446 ], [ -97.827723, 30.236542 ], [ -97.827876, 30.236571 ], [ -97.828512, 30.236662 ], [ -97.828607, 30.236664 ], [ -97.829283, 30.236677 ], [ -97.830156, 30.236709 ], [ -97.831903, 30.236742 ], [ -97.835408, 30.236733 ], [ -97.837769, 30.236729 ], [ -97.838366, 30.236731 ], [ -97.839034, 30.236733 ], [ -97.839612, 30.236755 ], [ -97.839831, 30.236764 ], [ -97.8401, 30.236774 ], [ -97.840464, 30.236788 ], [ -97.840758, 30.236782 ], [ -97.84255, 30.236748 ], [ -97.844116, 30.236618 ], [ -97.8452, 30.236529 ], [ -97.845924, 30.23643 ], [ -97.84619, 30.236393 ], [ -97.846762, 30.236316 ], [ -97.847718, 30.236163 ], [ -97.848418, 30.236051 ], [ -97.84958, 30.235843 ], [ -97.849918, 30.235783 ], [ -97.85077, 30.235642 ], [ -97.851231, 30.235565 ], [ -97.851903, 30.235482 ], [ -97.85198, 30.235472 ], [ -97.852131, 30.235466 ], [ -97.852348, 30.235458 ], [ -97.852945, 30.235436 ], [ -97.853972, 30.235412 ], [ -97.854567, 30.235398 ], [ -97.855321, 30.235415 ], [ -97.855533, 30.235422 ], [ -97.856068, 30.235439 ], [ -97.856172, 30.235453 ], [ -97.8566, 30.235513 ] ] } },
{ "type": "Feature", "properties": { "LINEARID": "1108296485192", "FULLNAME": "Research Blvd", "RTTYP": "M", "MTFCC": "S1100", "NAME": "Travis" }, "geometry": { "type": "LineString", "coordinates": [ [ -97.712543, 30.347639 ], [ -97.712647, 30.347745 ], [ -97.712693, 30.347797 ], [ -97.712759, 30.347873 ], [ -97.712833, 30.347969 ], [ -97.712911, 30.348071 ], [ -97.712988, 30.348182 ], [ -97.713008, 30.348232 ], [ -97.713165, 30.348494 ], [ -97.713285, 30.348818 ], [ -97.713537, 30.349596 ], [ -97.71419, 30.351612 ], [ -97.714611, 30.352946 ], [ -97.714685, 30.353184 ], [ -97.715245, 30.354964 ], [ -97.715427, 30.355569 ], [ -97.715525, 30.355891 ], [ -97.71582, 30.356938 ], [ -97.715855, 30.357061 ], [ -97.71629, 30.358806 ], [ -97.716455, 30.359442 ], [ -97.716746, 30.360413 ], [ -97.716804, 30.360605 ], [ -97.717011, 30.361246 ], [ -97.717079, 30.361477 ], [ -97.717578, 30.363187 ], [ -97.717743, 30.36375 ], [ -97.718121, 30.365196 ], [ -97.71818, 30.365508 ], [ -97.718335, 30.36632 ], [ -97.718384, 30.366624 ], [ -97.718553, 30.367386 ], [ -97.718597, 30.367591 ], [ -97.718793, 30.368057 ], [ -97.718879, 30.36824 ], [ -97.71899, 30.368451 ], [ -97.719182, 30.368772 ], [ -97.719278, 30.368898 ], [ -97.719467, 30.369132 ], [ -97.719664, 30.369414 ], [ -97.719903, 30.369708 ], [ -97.720076, 30.369906 ], [ -97.720268, 30.37007 ], [ -97.720499, 30.37024 ], [ -97.720726, 30.370385 ], [ -97.720943, 30.370515 ], [ -97.721682, 30.370902 ], [ -97.723913, 30.371852 ], [ -97.72395, 30.371871 ], [ -97.724688, 30.372242 ], [ -97.72634, 30.373028 ], [ -97.726542, 30.373124 ], [ -97.727705, 30.373678 ], [ -97.72846, 30.374067 ], [ -97.728645, 30.374162 ], [ -97.729621, 30.374641 ], [ -97.731107, 30.375356 ], [ -97.731162, 30.375384 ], [ -97.731915, 30.375766 ], [ -97.732691, 30.376172 ], [ -97.732847, 30.37626 ], [ -97.734059, 30.376946 ], [ -97.734269, 30.377068 ], [ -97.735215, 30.377654 ], [ -97.735509, 30.377836 ], [ -97.735957, 30.378114 ], [ -97.73617, 30.378237 ], [ -97.736193, 30.378251 ], [ -97.736309, 30.378306 ], [ -97.736442, 30.378391 ], [ -97.737784, 30.379233 ], [ -97.737972, 30.37935 ], [ -97.738004, 30.37937 ], [ -97.738049, 30.379398 ], [ -97.738071, 30.379412 ], [ -97.738094, 30.379427 ], [ -97.738185, 30.379481 ], [ -97.738312, 30.379561 ], [ -97.738409, 30.379622 ], [ -97.738524, 30.379686 ], [ -97.738929, 30.379913 ], [ -97.739497, 30.380274 ], [ -97.740528, 30.381155 ], [ -97.741025, 30.381663 ], [ -97.741048, 30.381693 ], [ -97.741293, 30.382021 ], [ -97.741678, 30.382537 ], [ -97.742645, 30.384259 ], [ -97.743484, 30.385916 ], [ -97.744322, 30.387574 ], [ -97.745136, 30.389216 ], [ -97.745223, 30.389388 ], [ -97.745277, 30.389495 ], [ -97.74576, 30.390453 ], [ -97.746092, 30.39134 ], [ -97.746455, 30.392331 ], [ -97.746595, 30.392975 ], [ -97.746605, 30.39355 ], [ -97.746625, 30.393888 ], [ -97.746632, 30.394013 ], [ -97.74663, 30.394053 ], [ -97.746625, 30.394148 ], [ -97.746612, 30.394374 ], [ -97.746598, 30.394636 ], [ -97.746464, 30.395871 ], [ -97.746282, 30.397537 ], [ -97.746273, 30.397638 ], [ -97.746216, 30.398311 ], [ -97.74606, 30.399962 ], [ -97.746032, 30.400254 ], [ -97.746017, 30.400407 ], [ -97.746015, 30.400433 ], [ -97.746003, 30.400541 ], [ -97.745983, 30.400728 ], [ -97.745823, 30.40214 ], [ -97.745605, 30.404154 ], [ -97.745365, 30.406886 ], [ -97.745338, 30.407711 ], [ -97.745328, 30.407917 ], [ -97.745317, 30.408157 ], [ -97.745301, 30.408499 ], [ -97.745293, 30.408791 ], [ -97.74531, 30.408981 ], [ -97.745316, 30.409141 ], [ -97.745418, 30.410342 ], [ -97.745562, 30.411186 ], [ -97.745651, 30.411832 ], [ -97.745844, 30.412844 ], [ -97.746269, 30.415069 ], [ -97.746649, 30.417061 ], [ -97.74668, 30.417218 ], [ -97.746995, 30.418797 ], [ -97.747032, 30.418983 ], [ -97.747036, 30.419032 ], [ -97.74708, 30.419267 ], [ -97.747452, 30.42123 ], [ -97.747662, 30.421886 ], [ -97.747926, 30.422444 ], [ -97.74807, 30.422698 ], [ -97.748215, 30.422898 ], [ -97.748325, 30.423035 ], [ -97.748372, 30.423094 ], [ -97.748533, 30.423266 ], [ -97.748681, 30.423425 ], [ -97.748969, 30.423706 ], [ -97.74916, 30.423869 ], [ -97.749367, 30.42403 ], [ -97.749559, 30.424169 ], [ -97.749833, 30.424347 ], [ -97.750388, 30.424645 ], [ -97.751809, 30.425355 ], [ -97.753427, 30.426144 ], [ -97.753768, 30.426316 ], [ -97.754731, 30.426787 ], [ -97.754945, 30.426887 ], [ -97.758505, 30.428614 ], [ -97.759104, 30.428925 ], [ -97.759343, 30.429049 ], [ -97.759598, 30.429173 ], [ -97.761887, 30.430283 ], [ -97.762646, 30.430692 ], [ -97.765584, 30.432188 ], [ -97.76568, 30.432233 ], [ -97.766056, 30.432411 ] ] } },
{ "type": "Feature", "properties": { "LINEARID": "110485845766", "FULLNAME": "Airport Blvd", "RTTYP": "M", "MTFCC": "S1200", "NAME": "Travis" }, "geometry": { "type": "LineString", "coordinates": [ [ -97.691244, 30.244952 ], [ -97.69128, 30.245176 ], [ -97.691312, 30.245374 ], [ -97.691343, 30.245573 ], [ -97.691442, 30.246213 ], [ -97.691586, 30.247159 ], [ -97.69172, 30.248105 ], [ -97.692051, 30.248981 ], [ -97.692216, 30.249506 ], [ -97.692296, 30.249789 ], [ -97.6924, 30.250061 ], [ -97.692449, 30.250367 ], [ -97.692486, 30.250767 ], [ -97.692547, 30.252823 ], [ -97.692464, 30.253104 ] ] } },
{ "type": "Feature", "properties": { "LINEARID": "1105598228269", "FULLNAME": "Bastrop Hwy", "RTTYP": "M", "MTFCC": "S1200", "NAME": "Travis" }, "geometry": { "type": "LineString", "coordinates": [ [ -97.677677, 30.222891 ], [ -97.676611, 30.222346 ] ] } },
{ "type": "Feature", "properties": { "LINEARID": "1105319782617", "FULLNAME": "Ed Bluestein Blvd", "RTTYP": "M", "MTFCC": "S1200", "NAME": "Travis" }, "geometry": { "type": "LineString", "coordinates": [ [ -97.667799, 30.275974 ], [ -97.667758, 30.276134 ], [ -97.666889, 30.279402 ], [ -97.666663, 30.280253 ], [ -97.66634, 30.281544 ], [ -97.666278, 30.281782 ], [ -97.666161, 30.282219 ], [ -97.665836, 30.283447 ], [ -97.665472, 30.28482 ], [ -97.66526, 30.28562 ], [ -97.664924, 30.286895 ], [ -97.664652, 30.287931 ], [ -97.664382, 30.288956 ], [ -97.664243, 30.289482 ], [ -97.664108, 30.289996 ], [ -97.66401, 30.290368 ], [ -97.663664, 30.291697 ], [ -97.663527, 30.292202 ], [ -97.663499, 30.29229 ], [ -97.663489, 30.29232 ], [ -97.663449, 30.292505 ], [ -97.662394, 30.296486 ], [ -97.662387, 30.296512 ], [ -97.661725, 30.298978 ], [ -97.661009, 30.301646 ], [ -97.660866, 30.302508 ], [ -97.660845, 30.302622 ], [ -97.660838, 30.302722 ], [ -97.660775, 30.303456 ], [ -97.660724, 30.304052 ], [ -97.660709, 30.305135 ], [ -97.660832, 30.30651 ], [ -97.660988, 30.307517 ], [ -97.661055, 30.307837 ], [ -97.661324, 30.309114 ] ] } },
{ "type": "Feature", "properties": { "LINEARID": "1106087434447", "FULLNAME": "US Hwy 290", "RTTYP": "U", "MTFCC": "S1200", "NAME": "Travis" }, "geometry": { "type": "LineString", "coordinates": [ [ -97.8566, 30.235513 ], [ -97.85753, 30.235477 ], [ -97.857848, 30.235465 ], [ -97.85811, 30.235463 ], [ -97.859454, 30.23545 ], [ -97.859964, 30.23541 ], [ -97.860328, 30.235349 ], [ -97.860644, 30.235296 ] ] } },
{ "type": "Feature", "properties": { "LINEARID": "110485908419", "FULLNAME": "State Loop 343", "RTTYP": "S", "MTFCC": "S1200", "NAME": "Travis" }, "geometry": { "type": "LineString", "coordinates": [ [ -97.757106, 30.264525 ], [ -97.757221, 30.264412 ], [ -97.757342, 30.264079 ], [ -97.757773, 30.263048 ], [ -97.75773, 30.262943 ] ] } },
{ "type": "Feature", "properties": { "LINEARID": "1108296487974", "FULLNAME": "State Hwy 45", "RTTYP": "S", "MTFCC": "S1100", "NAME": "Travis" }, "geometry": { "type": "LineString", "coordinates": [ [ -97.673946, 30.480093 ], [ -97.674399, 30.480076 ], [ -97.674562, 30.480054 ], [ -97.675582, 30.480029 ], [ -97.675683, 30.480026 ], [ -97.676129, 30.479997 ], [ -97.677057, 30.479929 ], [ -97.678223, 30.47985 ], [ -97.680199, 30.479766 ], [ -97.680383, 30.479755 ], [ -97.680477, 30.479748 ], [ -97.680847, 30.479719 ], [ -97.681198, 30.479685 ], [ -97.681543, 30.47965 ], [ -97.681892, 30.479615 ], [ -97.682237, 30.47958 ], [ -97.682351, 30.479568 ], [ -97.682466, 30.479555 ], [ -97.68258, 30.479542 ], [ -97.682695, 30.479529 ], [ -97.682808, 30.479515 ], [ -97.68311, 30.479478 ] ] } },
{ "type": "Feature", "properties": { "LINEARID": "1105320880899", "FULLNAME": "State Hwy 71", "RTTYP": "S", "MTFCC": "S1200", "NAME": "Travis" }, "geometry": { "type": "LineString", "coordinates": [ [ -97.585644, 30.188802 ], [ -97.58565, 30.188861 ] ] } },
{ "type": "Feature", "properties": { "LINEARID": "11017129188419", "FULLNAME": "US Hwy 183", "RTTYP": "U", "MTFCC": "S1200", "NAME": "Travis" }, "geometry": { "type": "LineString", "coordinates": [ [ -97.69372, 30.090248 ], [ -97.693474, 30.08952 ], [ -97.693278, 30.088234 ], [ -97.693114, 30.087599 ], [ -97.692928, 30.086874 ], [ -97.692633, 30.085865 ], [ -97.692297, 30.084884 ], [ -97.692101, 30.084001 ], [ -97.692003, 30.082922 ], [ -97.691971, 30.082353 ], [ -97.691965, 30.082026 ], [ -97.691923, 30.081524 ], [ -97.691881, 30.080825 ], [ -97.691806, 30.079782 ], [ -97.691755, 30.078733 ], [ -97.691708, 30.077427 ], [ -97.69164, 30.076663 ], [ -97.69157, 30.075516 ], [ -97.691581, 30.074482 ], [ -97.691568, 30.073713 ], [ -97.691582, 30.072928 ], [ -97.691566, 30.071853 ], [ -97.691543, 30.070855 ], [ -97.691453, 30.068522 ], [ -97.691308, 30.066037 ], [ -97.691123, 30.06426 ], [ -97.691043, 30.06348 ], [ -97.690812, 30.061361 ], [ -97.690638, 30.059939 ], [ -97.690316, 30.057628 ], [ -97.690149, 30.056188 ], [ -97.690017, 30.054928 ], [ -97.689967, 30.054396 ], [ -97.689884, 30.053463 ], [ -97.689576, 30.050562 ], [ -97.689499, 30.049891 ], [ -97.689427, 30.04927 ], [ -97.68915, 30.047318 ], [ -97.689115, 30.047065 ], [ -97.689041, 30.046544 ], [ -97.689003, 30.046243 ], [ -97.688914, 30.045533 ], [ -97.688735, 30.04411 ], [ -97.688732, 30.044088 ], [ -97.68851, 30.042322 ], [ -97.688336, 30.040674 ] ] } },
{ "type": "Feature", "properties": { "LINEARID": "1108296487889", "FULLNAME": "State Hwy 45", "RTTYP": "S", "MTFCC": "S1100", "NAME": "Travis" }, "geometry": { "type": "LineString", "coordinates": [ [ -97.594469, 30.474561 ], [ -97.594115, 30.474499 ], [ -97.593958, 30.474472 ], [ -97.593365, 30.474431 ], [ -97.592942, 30.474418 ], [ -97.592235, 30.474532 ], [ -97.591939, 30.474571 ], [ -97.591491, 30.474718 ], [ -97.591211, 30.474833 ], [ -97.590778, 30.475029 ], [ -97.59017, 30.475463 ], [ -97.589807, 30.475733 ], [ -97.589378, 30.476244 ], [ -97.588621, 30.477403 ], [ -97.587851, 30.478643 ], [ -97.587633, 30.479011 ], [ -97.587402, 30.479438 ], [ -97.587047, 30.480145 ], [ -97.586681, 30.480975 ] ] } },
{ "type": "Feature", "properties": { "LINEARID": "1108296455782", "FULLNAME": "State Hwy 45", "RTTYP": "S", "MTFCC": "S1100", "NAME": "Travis" }, "geometry": { "type": "LineString", "coordinates": [ [ -97.600275, 30.477198 ], [ -97.599397, 30.476803 ], [ -97.599051, 30.47663 ], [ -97.597127, 30.475706 ], [ -97.59605, 30.475181 ] ] } },
{ "type": "Feature", "properties": { "LINEARID": "1108296488694", "FULLNAME": "US Hwy 290", "RTTYP": "U", "MTFCC": "S1200", "NAME": "Travis" }, "geometry": { "type": "LineString", "coordinates": [ [ -97.579423, 30.344157 ], [ -97.578993, 30.34427 ], [ -97.578575, 30.344367 ], [ -97.578347, 30.344419 ], [ -97.574536, 30.345289 ], [ -97.574267, 30.345351 ], [ -97.573321, 30.345568 ], [ -97.573062, 30.345626 ], [ -97.572761, 30.345678 ], [ -97.572364, 30.345754 ], [ -97.572072, 30.345817 ], [ -97.571982, 30.345838 ], [ -97.571639, 30.345928 ], [ -97.571274, 30.346032 ], [ -97.57085, 30.34613 ], [ -97.570106, 30.3463 ], [ -97.570024, 30.346318 ], [ -97.567506, 30.346938 ], [ -97.56551, 30.347356 ], [ -97.563788, 30.347717 ], [ -97.56233, 30.348023 ], [ -97.561991, 30.348094 ], [ -97.560815, 30.34832 ], [ -97.559432, 30.348584 ], [ -97.559255, 30.348618 ], [ -97.55907, 30.348628 ], [ -97.558226, 30.348666 ], [ -97.558059, 30.348672 ], [ -97.557836, 30.348686 ], [ -97.556969, 30.348731 ], [ -97.555939, 30.348761 ], [ -97.554883, 30.348791 ], [ -97.551889, 30.348877 ], [ -97.54994, 30.348933 ], [ -97.549718, 30.348938 ], [ -97.546615, 30.349 ], [ -97.546205, 30.349009 ], [ -97.545719, 30.349019 ], [ -97.54569, 30.34902 ], [ -97.538855, 30.34916 ], [ -97.538793, 30.34916 ], [ -97.538659, 30.349161 ], [ -97.538505, 30.349164 ], [ -97.538417, 30.349168 ], [ -97.53834, 30.349169 ], [ -97.53762, 30.34918 ], [ -97.537568, 30.349181 ], [ -97.535586, 30.349211 ], [ -97.53468, 30.349226 ], [ -97.530184, 30.349305 ], [ -97.529999, 30.349308 ], [ -97.527692, 30.349349 ], [ -97.526688, 30.349367 ], [ -97.526357, 30.349373 ], [ -97.525169, 30.349393 ], [ -97.525093, 30.349395 ], [ -97.524855, 30.349399 ], [ -97.523798, 30.349462 ], [ -97.523566, 30.349454 ], [ -97.523465, 30.349469 ], [ -97.52331, 30.349492 ], [ -97.523169, 30.349493 ], [ -97.522225, 30.349532 ], [ -97.52081, 30.349578 ], [ -97.51985, 30.349635 ], [ -97.51929, 30.349644 ], [ -97.519043, 30.349656 ], [ -97.518699, 30.349675 ], [ -97.518418, 30.34967 ], [ -97.518243, 30.349669 ], [ -97.517958, 30.349675 ], [ -97.517149, 30.349725 ], [ -97.51693, 30.349739 ], [ -97.516733, 30.349752 ], [ -97.515682, 30.349794 ], [ -97.51514, 30.349815 ], [ -97.514671, 30.349834 ], [ -97.514609, 30.349836 ], [ -97.513616, 30.349875 ], [ -97.512717, 30.349911 ], [ -97.512155, 30.349934 ], [ -97.509847, 30.350039 ], [ -97.509726, 30.350044 ], [ -97.509501, 30.350053 ], [ -97.50934, 30.35006 ], [ -97.505851, 30.35022 ], [ -97.505734, 30.350225 ], [ -97.502961, 30.350352 ], [ -97.501691, 30.35041 ], [ -97.501026, 30.350441 ], [ -97.50082, 30.35045 ], [ -97.500745, 30.350451 ], [ -97.500665, 30.350454 ], [ -97.500395, 30.350467 ], [ -97.500106, 30.350476 ], [ -97.497796, 30.350548 ], [ -97.494139, 30.350662 ], [ -97.492125, 30.350725 ], [ -97.49166, 30.350739 ], [ -97.490163, 30.350786 ], [ -97.487752, 30.350861 ], [ -97.486495, 30.3509 ], [ -97.485604, 30.350928 ], [ -97.484355, 30.350967 ], [ -97.484073, 30.350974 ], [ -97.483814, 30.350981 ], [ -97.481354, 30.35103 ], [ -97.479922, 30.351059 ], [ -97.477964, 30.351098 ], [ -97.477787, 30.351102 ], [ -97.477587, 30.351101 ], [ -97.477392, 30.351111 ], [ -97.476316, 30.351137 ], [ -97.475623, 30.351154 ], [ -97.475292, 30.351149 ], [ -97.475065, 30.351187 ], [ -97.475017, 30.351169 ], [ -97.474974, 30.35117 ], [ -97.468995, 30.351307 ], [ -97.467462, 30.351342 ], [ -97.467424, 30.351343 ], [ -97.466196, 30.351357 ], [ -97.466156, 30.351357 ], [ -97.462328, 30.351403 ], [ -97.45885, 30.351382 ], [ -97.458779, 30.351382 ], [ -97.457012, 30.351372 ], [ -97.45666, 30.351369 ], [ -97.450174, 30.351331 ], [ -97.450089, 30.351331 ], [ -97.450045, 30.351331 ], [ -97.445156, 30.351339 ], [ -97.442549, 30.351433 ], [ -97.441764, 30.351461 ], [ -97.439334, 30.351548 ], [ -97.438688, 30.351572 ], [ -97.437498, 30.351621 ], [ -97.437274, 30.35163 ], [ -97.433841, 30.35177 ], [ -97.42843, 30.351992 ], [ -97.427383, 30.352036 ], [ -97.427093, 30.352048 ], [ -97.42657, 30.352069 ], [ -97.423862, 30.352042 ], [ -97.423329, 30.352037 ], [ -97.423148, 30.352035 ], [ -97.422718, 30.352031 ], [ -97.422298, 30.352029 ], [ -97.421751, 30.352027 ], [ -97.421538, 30.352026 ], [ -97.417891, 30.352011 ], [ -97.416585, 30.352005 ], [ -97.416041, 30.352003 ], [ -97.412469, 30.351988 ], [ -97.41216, 30.351987 ], [ -97.412099, 30.351986 ], [ -97.411954, 30.351985 ], [ -97.411343, 30.351977 ], [ -97.41118, 30.351975 ], [ -97.409698, 30.351957 ], [ -97.409499, 30.351969 ] ] } },
{ "type": "Feature", "properties": { "LINEARID": "1105321221839", "FULLNAME": "US Hwy 290", "RTTYP": "U", "MTFCC": "S1200", "NAME": "Travis" }, "geometry": { "type": "LineString", "coordinates": [ [ -97.409327, 30.352262 ], [ -97.409408, 30.352258 ], [ -97.409479, 30.35225 ], [ -97.410248, 30.352259 ], [ -97.410805, 30.352253 ], [ -97.411247, 30.352249 ], [ -97.41161, 30.352246 ], [ -97.41183, 30.352259 ], [ -97.411918, 30.352261 ], [ -97.412036, 30.352264 ], [ -97.413405, 30.352273 ], [ -97.41376, 30.352275 ], [ -97.414523, 30.35228 ], [ -97.415095, 30.352284 ], [ -97.416041, 30.35229 ], [ -97.416577, 30.352293 ], [ -97.417751, 30.352301 ], [ -97.422346, 30.352331 ], [ -97.422369, 30.352321 ], [ -97.422718, 30.352324 ], [ -97.423145, 30.352332 ], [ -97.423289, 30.352335 ], [ -97.423852, 30.352338 ], [ -97.425658, 30.352349 ], [ -97.427095, 30.352332 ], [ -97.42732, 30.352322 ], [ -97.428445, 30.352281 ], [ -97.433859, 30.35205 ], [ -97.435085, 30.351998 ], [ -97.437289, 30.351905 ], [ -97.437696, 30.35189 ], [ -97.441853, 30.351709 ], [ -97.442569, 30.35168 ], [ -97.442755, 30.351672 ], [ -97.442835, 30.351666 ], [ -97.444203, 30.351609 ], [ -97.444736, 30.351593 ], [ -97.446941, 30.351602 ], [ -97.447758, 30.351598 ], [ -97.448007, 30.351601 ], [ -97.449547, 30.351592 ], [ -97.450047, 30.351614 ], [ -97.450125, 30.351618 ], [ -97.454217, 30.351608 ], [ -97.455287, 30.351613 ], [ -97.456246, 30.351596 ], [ -97.456642, 30.351605 ], [ -97.456773, 30.351608 ], [ -97.457022, 30.351608 ], [ -97.458827, 30.351609 ], [ -97.462335, 30.351614 ], [ -97.466035, 30.351614 ], [ -97.466143, 30.351614 ], [ -97.466552, 30.351602 ], [ -97.467081, 30.351597 ], [ -97.467464, 30.351605 ], [ -97.468996, 30.351606 ], [ -97.469648, 30.351607 ], [ -97.47109, 30.351571 ], [ -97.475049, 30.35146 ], [ -97.475306, 30.351453 ], [ -97.475605, 30.351446 ], [ -97.476679, 30.351404 ], [ -97.476884, 30.3514 ], [ -97.477396, 30.351391 ], [ -97.477578, 30.351409 ], [ -97.477791, 30.3514 ], [ -97.479756, 30.35134 ], [ -97.479963, 30.351334 ], [ -97.481368, 30.351301 ], [ -97.48158, 30.351296 ], [ -97.482951, 30.351252 ], [ -97.483029, 30.351248 ], [ -97.483284, 30.351235 ], [ -97.483789, 30.351226 ], [ -97.484052, 30.351224 ], [ -97.484193, 30.35122 ], [ -97.484383, 30.351216 ], [ -97.484895, 30.351208 ], [ -97.485066, 30.351205 ], [ -97.485125, 30.351205 ], [ -97.485667, 30.351197 ], [ -97.486537, 30.351171 ], [ -97.486947, 30.351159 ], [ -97.487737, 30.351146 ], [ -97.489819, 30.351094 ], [ -97.490714, 30.351047 ], [ -97.49167, 30.351027 ], [ -97.491842, 30.351023 ], [ -97.492915, 30.350978 ], [ -97.495461, 30.350883 ], [ -97.497733, 30.350793 ], [ -97.498899, 30.350747 ], [ -97.500346, 30.350674 ], [ -97.500385, 30.350672 ], [ -97.500405, 30.350661 ], [ -97.500588, 30.35067 ], [ -97.500817, 30.350666 ], [ -97.501479, 30.350647 ], [ -97.507819, 30.350402 ], [ -97.508197, 30.350378 ], [ -97.509339, 30.350334 ], [ -97.509452, 30.350327 ], [ -97.509512, 30.350324 ], [ -97.509739, 30.350315 ], [ -97.509756, 30.350324 ], [ -97.509833, 30.350321 ], [ -97.510674, 30.350292 ], [ -97.511637, 30.350244 ], [ -97.512112, 30.350227 ], [ -97.513863, 30.350164 ], [ -97.514186, 30.350147 ], [ -97.514406, 30.350137 ], [ -97.514667, 30.350127 ], [ -97.517245, 30.350027 ], [ -97.517993, 30.34999 ], [ -97.518254, 30.349981 ], [ -97.518686, 30.349935 ], [ -97.519352, 30.349933 ], [ -97.520981, 30.349877 ], [ -97.52201, 30.349831 ], [ -97.522054, 30.349828 ], [ -97.522246, 30.349814 ], [ -97.523262, 30.349773 ], [ -97.523558, 30.34977 ], [ -97.523818, 30.349764 ], [ -97.524866, 30.349715 ], [ -97.526359, 30.349684 ], [ -97.527675, 30.349658 ], [ -97.529142, 30.349628 ], [ -97.529414, 30.349623 ], [ -97.529634, 30.349618 ], [ -97.529677, 30.349617 ], [ -97.529704, 30.349617 ], [ -97.530007, 30.349611 ], [ -97.530107, 30.349609 ], [ -97.53309, 30.349548 ], [ -97.533923, 30.349525 ], [ -97.536168, 30.349442 ], [ -97.536894, 30.34942 ], [ -97.537577, 30.34941 ], [ -97.538126, 30.349398 ], [ -97.538505, 30.349401 ], [ -97.538636, 30.349399 ], [ -97.538786, 30.3494 ], [ -97.5389, 30.349386 ], [ -97.543189, 30.349301 ], [ -97.543959, 30.349282 ], [ -97.54478, 30.34927 ], [ -97.545636, 30.349247 ], [ -97.546055, 30.349241 ], [ -97.546558, 30.349234 ], [ -97.546627, 30.349231 ], [ -97.546747, 30.349227 ], [ -97.547774, 30.349209 ], [ -97.549694, 30.349174 ], [ -97.549743, 30.349173 ], [ -97.549933, 30.34917 ], [ -97.551892, 30.34911 ], [ -97.552117, 30.349115 ], [ -97.553246, 30.349071 ], [ -97.55464, 30.349005 ], [ -97.554881, 30.348992 ], [ -97.555255, 30.348971 ], [ -97.555935, 30.348946 ], [ -97.556323, 30.348931 ], [ -97.556635, 30.3489 ], [ -97.556957, 30.348887 ], [ -97.557189, 30.348884 ], [ -97.557636, 30.348847 ], [ -97.557861, 30.348841 ], [ -97.55787, 30.348835 ], [ -97.558236, 30.348822 ], [ -97.559123, 30.348741 ], [ -97.559335, 30.348721 ], [ -97.559547, 30.348687 ], [ -97.559815, 30.348643 ], [ -97.560821, 30.348476 ], [ -97.562001, 30.348281 ], [ -97.562366, 30.348208 ], [ -97.563759, 30.347931 ], [ -97.564653, 30.347753 ], [ -97.567557, 30.347139 ], [ -97.569829, 30.34665 ], [ -97.570914, 30.3464 ], [ -97.571922, 30.346171 ], [ -97.572285, 30.346083 ], [ -97.572571, 30.346024 ] ] } },
{ "type": "Feature", "properties": { "LINEARID": "1108296487391", "FULLNAME": "FM 1325", "RTTYP": "O", "MTFCC": "S1100", "NAME": "Travis" }, "geometry": { "type": "LineString", "coordinates": [ [ -97.712328, 30.409351 ], [ -97.71172, 30.409649 ], [ -97.71154, 30.409746 ], [ -97.711021, 30.410026 ], [ -97.710647, 30.410308 ], [ -97.710542, 30.410387 ], [ -97.710156, 30.410701 ], [ -97.709798, 30.411033 ], [ -97.709711, 30.411113 ], [ -97.70861, 30.412174 ], [ -97.707628, 30.413169 ], [ -97.706964, 30.413879 ], [ -97.706545, 30.414354 ], [ -97.706236, 30.41476 ], [ -97.705643, 30.415857 ], [ -97.705109, 30.417347 ], [ -97.704281, 30.419663 ], [ -97.704109, 30.420193 ], [ -97.704077, 30.420292 ], [ -97.704044, 30.420384 ], [ -97.703548, 30.421763 ], [ -97.703535, 30.421823 ], [ -97.703202, 30.422713 ], [ -97.702915, 30.423595 ], [ -97.70216, 30.425853 ], [ -97.701574, 30.427716 ], [ -97.700701, 30.430465 ], [ -97.700626, 30.430702 ], [ -97.700562, 30.430909 ], [ -97.700217, 30.431841 ], [ -97.699847, 30.432841 ], [ -97.699435, 30.434237 ], [ -97.699402, 30.434367 ], [ -97.699203, 30.435639 ], [ -97.699099, 30.436576 ], [ -97.698916, 30.43788 ], [ -97.698797, 30.438405 ], [ -97.698519, 30.439279 ], [ -97.698249, 30.440058 ], [ -97.698202, 30.440208 ], [ -97.698147, 30.440354 ] ] } },
{ "type": "Feature", "properties": { "LINEARID": "1105320994518", "FULLNAME": "State Loop 275", "RTTYP": "S", "MTFCC": "S1200", "NAME": "Travis" }, "geometry": { "type": "LineString", "coordinates": [ [ -97.709153, 30.35081 ], [ -97.707269, 30.352111 ], [ -97.705638, 30.353351 ], [ -97.704707, 30.354046 ], [ -97.704068, 30.354524 ], [ -97.702936, 30.355339 ], [ -97.702688, 30.355497 ], [ -97.701263, 30.35657 ], [ -97.700387, 30.357273 ], [ -97.70036, 30.357309 ], [ -97.700108, 30.357647 ], [ -97.699923, 30.357908 ], [ -97.699707, 30.358266 ], [ -97.698658, 30.360086 ], [ -97.698085, 30.361117 ], [ -97.697045, 30.362985 ], [ -97.697013, 30.363043 ], [ -97.696989, 30.363085 ], [ -97.696977, 30.363107 ], [ -97.69695, 30.363155 ], [ -97.695997, 30.36487 ], [ -97.694587, 30.36736 ], [ -97.693009, 30.370175 ], [ -97.692449, 30.37117 ], [ -97.691612, 30.372665 ], [ -97.691149, 30.373468 ], [ -97.690776, 30.37413 ], [ -97.690125, 30.375257 ], [ -97.689784, 30.375895 ], [ -97.689309, 30.376738 ], [ -97.688948, 30.377396 ], [ -97.688756, 30.377686 ], [ -97.688287, 30.378482 ], [ -97.687684, 30.37954 ], [ -97.687622, 30.379651 ], [ -97.68714, 30.380533 ], [ -97.686701, 30.381334 ], [ -97.686375, 30.38193 ], [ -97.68633, 30.382012 ], [ -97.685803, 30.382932 ], [ -97.685737, 30.383045 ], [ -97.685188, 30.384005 ], [ -97.685078, 30.384288 ], [ -97.684997, 30.384496 ], [ -97.68473, 30.385079 ], [ -97.684689, 30.385162 ], [ -97.684253, 30.386056 ], [ -97.683236, 30.388544 ], [ -97.682903, 30.389362 ], [ -97.682209, 30.390948 ], [ -97.681964, 30.391543 ], [ -97.681769, 30.392045 ], [ -97.681296, 30.393229 ], [ -97.681037, 30.393878 ], [ -97.680842, 30.394335 ], [ -97.680769, 30.394505 ], [ -97.680523, 30.395119 ], [ -97.680514, 30.395141 ], [ -97.679588, 30.39766 ], [ -97.679397, 30.399152 ], [ -97.679342, 30.399553 ], [ -97.679166, 30.401785 ], [ -97.679081, 30.402818 ], [ -97.678972, 30.403442 ], [ -97.678543, 30.405824 ], [ -97.678478, 30.406176 ], [ -97.678257, 30.407365 ], [ -97.678195, 30.4077 ], [ -97.678186, 30.40775 ], [ -97.678176, 30.407802 ], [ -97.678166, 30.407896 ], [ -97.678162, 30.407937 ], [ -97.678124, 30.408306 ], [ -97.678068, 30.408839 ], [ -97.67798, 30.409294 ], [ -97.677939, 30.409828 ], [ -97.677793, 30.412335 ], [ -97.677729, 30.413172 ], [ -97.677619, 30.413602 ], [ -97.677475, 30.414141 ], [ -97.677331, 30.41449 ], [ -97.676833, 30.415475 ], [ -97.674251, 30.420052 ], [ -97.672779, 30.422734 ] ] } },
{ "type": "Feature", "properties": { "LINEARID": "1109097123089", "FULLNAME": "State Hwy 71", "RTTYP": "S", "MTFCC": "S1100", "NAME": "Travis" }, "geometry": { "type": "LineString", "coordinates": [ [ -97.677677, 30.222891 ], [ -97.678065, 30.223004 ], [ -97.678343, 30.223109 ], [ -97.678742, 30.223216 ], [ -97.678842, 30.223233 ], [ -97.67908, 30.223272 ], [ -97.679673, 30.223326 ], [ -97.679848, 30.223323 ], [ -97.680253, 30.223321 ], [ -97.680728, 30.223263 ], [ -97.680956, 30.223223 ], [ -97.681352, 30.223141 ], [ -97.68204, 30.222916 ], [ -97.683012, 30.222438 ], [ -97.683288, 30.22229 ], [ -97.683852, 30.221977 ], [ -97.68411, 30.221834 ], [ -97.684799, 30.221486 ], [ -97.685072, 30.221351 ], [ -97.685877, 30.220999 ], [ -97.686323, 30.22082 ], [ -97.686568, 30.22071 ], [ -97.686917, 30.220553 ], [ -97.687571, 30.220226 ], [ -97.688378, 30.219796 ], [ -97.688492, 30.219736 ], [ -97.689071, 30.219424 ], [ -97.689784, 30.219082 ], [ -97.690348, 30.218845 ], [ -97.690758, 30.218673 ], [ -97.690856, 30.218629 ], [ -97.69088, 30.218618 ], [ -97.690908, 30.218606 ], [ -97.691055, 30.218547 ], [ -97.691165, 30.218503 ], [ -97.69157, 30.218353 ], [ -97.692332, 30.218071 ], [ -97.692735, 30.217909 ], [ -97.693506, 30.217622 ], [ -97.695393, 30.217 ], [ -97.698673, 30.215942 ], [ -97.701054, 30.215178 ], [ -97.703521, 30.214386 ], [ -97.704306, 30.214128 ], [ -97.705463, 30.213783 ], [ -97.707118, 30.213219 ], [ -97.708522, 30.212752 ], [ -97.708798, 30.212678 ], [ -97.709112, 30.212605 ], [ -97.709652, 30.212485 ], [ -97.710553, 30.212365 ], [ -97.710873, 30.21235 ], [ -97.71114, 30.212347 ], [ -97.711997, 30.212381 ], [ -97.712066, 30.212387 ], [ -97.712177, 30.212402 ], [ -97.712265, 30.212404 ], [ -97.712317, 30.21241 ], [ -97.712509, 30.212432 ], [ -97.714139, 30.212712 ], [ -97.716396, 30.213057 ], [ -97.718003, 30.213238 ], [ -97.719381, 30.213391 ], [ -97.720293, 30.213471 ], [ -97.720444, 30.213485 ], [ -97.72066, 30.213505 ], [ -97.722999, 30.213723 ], [ -97.727955, 30.214325 ], [ -97.730518, 30.214699 ], [ -97.731921, 30.214903 ], [ -97.733442, 30.215113 ], [ -97.734431, 30.215257 ], [ -97.73463, 30.215287 ], [ -97.734911, 30.215326 ], [ -97.73498, 30.215336 ], [ -97.73508, 30.215351 ], [ -97.735321, 30.215386 ], [ -97.738722, 30.215884 ], [ -97.738858, 30.215902 ], [ -97.739045, 30.215926 ], [ -97.739872, 30.21602 ], [ -97.740932, 30.216117 ], [ -97.743793, 30.216311 ], [ -97.743973, 30.216326 ], [ -97.744468, 30.216367 ], [ -97.7447, 30.216406 ], [ -97.745958, 30.216493 ], [ -97.747168, 30.216522 ], [ -97.748978, 30.216488 ], [ -97.749561, 30.216461 ], [ -97.749962, 30.216459 ], [ -97.750147, 30.216465 ], [ -97.750384, 30.216486 ], [ -97.750659, 30.216499 ], [ -97.750942, 30.216528 ], [ -97.751048, 30.216539 ], [ -97.751287, 30.216572 ], [ -97.751604, 30.216648 ], [ -97.751962, 30.216713 ], [ -97.752113, 30.216774 ], [ -97.752539, 30.216903 ], [ -97.752695, 30.216964 ], [ -97.752838, 30.217025 ], [ -97.75321, 30.217174 ], [ -97.75345, 30.217282 ], [ -97.753601, 30.217383 ], [ -97.753767, 30.217509 ], [ -97.753916, 30.217594 ], [ -97.754102, 30.217727 ], [ -97.754322, 30.217903 ], [ -97.754549, 30.218087 ], [ -97.755003, 30.218412 ], [ -97.755354, 30.218603 ], [ -97.755856, 30.218894 ], [ -97.756811, 30.219363 ], [ -97.757823, 30.219877 ], [ -97.758486, 30.22019 ], [ -97.758526, 30.220207 ], [ -97.760231, 30.220992 ], [ -97.760362, 30.22106 ], [ -97.761042, 30.221418 ], [ -97.76159, 30.221707 ], [ -97.762395, 30.22212 ], [ -97.762418, 30.222131 ], [ -97.763568, 30.222862 ], [ -97.763838, 30.223034 ], [ -97.764036, 30.22315 ], [ -97.764405, 30.223368 ], [ -97.764751, 30.223595 ], [ -97.764902, 30.223695 ], [ -97.765664, 30.224201 ], [ -97.766001, 30.224442 ], [ -97.766732, 30.224938 ], [ -97.76711, 30.225209 ], [ -97.767272, 30.225326 ], [ -97.768225, 30.225958 ], [ -97.76842, 30.226086 ], [ -97.76857, 30.226177 ], [ -97.768714, 30.226273 ], [ -97.76882, 30.226333 ], [ -97.769161, 30.226561 ], [ -97.769279, 30.22664 ], [ -97.769348, 30.226707 ], [ -97.769552, 30.226798 ], [ -97.770462, 30.227205 ], [ -97.770606, 30.227262 ], [ -97.77075, 30.22732 ], [ -97.771044, 30.22742 ], [ -97.771193, 30.227467 ], [ -97.771496, 30.227547 ], [ -97.771812, 30.227619 ], [ -97.771888, 30.227634 ], [ -97.772387, 30.22773 ], [ -97.7727, 30.227772 ], [ -97.773015, 30.227797 ], [ -97.773427, 30.227817 ], [ -97.773667, 30.227819 ], [ -97.774864, 30.227796 ], [ -97.775944, 30.227768 ], [ -97.776105, 30.227771 ], [ -97.776263, 30.227766 ], [ -97.776352, 30.227769 ], [ -97.776439, 30.227764 ], [ -97.776532, 30.227766 ], [ -97.776579, 30.227767 ], [ -97.777673, 30.227814 ], [ -97.778932, 30.227866 ], [ -97.779324, 30.227882 ], [ -97.779837, 30.227903 ], [ -97.781078, 30.227998 ], [ -97.781207, 30.22799 ], [ -97.781483, 30.227972 ], [ -97.781948, 30.228012 ], [ -97.782439, 30.228071 ], [ -97.782821, 30.22812 ], [ -97.78319, 30.228182 ], [ -97.78348, 30.228243 ], [ -97.78364, 30.228282 ], [ -97.784279, 30.228441 ], [ -97.784596, 30.228513 ], [ -97.784897, 30.228598 ], [ -97.785288, 30.228752 ], [ -97.785529, 30.228839 ], [ -97.78586, 30.228975 ], [ -97.787125, 30.229558 ], [ -97.788079, 30.230021 ], [ -97.788224, 30.230092 ], [ -97.788321, 30.230142 ], [ -97.789754, 30.230837 ], [ -97.791629, 30.231757 ], [ -97.791855, 30.231863 ], [ -97.792421, 30.232128 ], [ -97.792709, 30.232268 ], [ -97.793269, 30.232541 ], [ -97.793948, 30.232851 ], [ -97.794006, 30.232874 ], [ -97.794395, 30.233029 ], [ -97.794738, 30.23315 ], [ -97.795302, 30.233296 ], [ -97.795624, 30.233358 ], [ -97.795944, 30.233413 ], [ -97.796294, 30.233453 ], [ -97.79637, 30.233455 ], [ -97.796494, 30.233457 ], [ -97.79672, 30.233451 ], [ -97.796928, 30.233438 ], [ -97.797021, 30.233433 ], [ -97.797305, 30.233415 ], [ -97.797474, 30.233405 ], [ -97.798052, 30.233318 ], [ -97.798804, 30.23314 ], [ -97.800039, 30.232818 ], [ -97.800676, 30.232671 ], [ -97.80093, 30.232614 ], [ -97.80152, 30.232506 ], [ -97.803099, 30.232201 ], [ -97.80315, 30.232191 ], [ -97.803516, 30.232121 ], [ -97.803588, 30.232107 ], [ -97.804212, 30.231987 ], [ -97.80501, 30.231948 ], [ -97.805407, 30.231968 ], [ -97.805633, 30.23198 ], [ -97.806123, 30.232044 ], [ -97.806835, 30.23222 ], [ -97.806923, 30.232254 ], [ -97.808698, 30.232934 ], [ -97.809198, 30.233122 ], [ -97.809775, 30.233332 ], [ -97.81019, 30.233468 ], [ -97.810338, 30.233516 ], [ -97.810729, 30.233617 ], [ -97.811207, 30.233704 ], [ -97.811232, 30.233704 ], [ -97.811763, 30.233767 ], [ -97.813547, 30.233711 ], [ -97.815284, 30.233498 ], [ -97.817812, 30.233278 ], [ -97.818116, 30.233276 ], [ -97.818314, 30.233275 ], [ -97.818335, 30.233269 ], [ -97.818434, 30.233272 ], [ -97.81853, 30.233275 ], [ -97.818896, 30.233285 ], [ -97.819384, 30.233346 ], [ -97.819804, 30.233455 ], [ -97.820452, 30.233721 ], [ -97.820568, 30.233769 ], [ -97.820598, 30.233781 ], [ -97.82245, 30.234541 ], [ -97.823248, 30.2349 ], [ -97.823752, 30.235159 ], [ -97.823898, 30.235233 ], [ -97.82438, 30.235478 ], [ -97.824487, 30.235546 ], [ -97.824539, 30.23557 ], [ -97.824716, 30.235643 ], [ -97.825151, 30.235823 ], [ -97.825298, 30.235883 ], [ -97.825537, 30.235982 ], [ -97.825573, 30.235991 ], [ -97.827217, 30.236446 ], [ -97.827723, 30.236542 ], [ -97.827876, 30.236571 ], [ -97.828512, 30.236662 ], [ -97.828607, 30.236664 ], [ -97.829283, 30.236677 ], [ -97.830156, 30.236709 ], [ -97.831903, 30.236742 ], [ -97.835408, 30.236733 ], [ -97.837769, 30.236729 ], [ -97.838366, 30.236731 ], [ -97.839034, 30.236733 ], [ -97.839612, 30.236755 ], [ -97.839831, 30.236764 ], [ -97.8401, 30.236774 ], [ -97.840464, 30.236788 ], [ -97.840758, 30.236782 ], [ -97.84255, 30.236748 ], [ -97.844116, 30.236618 ], [ -97.8452, 30.236529 ], [ -97.845924, 30.23643 ], [ -97.84619, 30.236393 ], [ -97.846762, 30.236316 ], [ -97.847718, 30.236163 ], [ -97.848418, 30.236051 ], [ -97.84958, 30.235843 ], [ -97.849918, 30.235783 ], [ -97.85077, 30.235642 ], [ -97.851231, 30.235565 ], [ -97.851903, 30.235482 ], [ -97.85198, 30.235472 ], [ -97.852131, 30.235466 ], [ -97.852348, 30.235458 ], [ -97.852945, 30.235436 ], [ -97.853972, 30.235412 ], [ -97.854567, 30.235398 ], [ -97.855321, 30.235415 ], [ -97.855533, 30.235422 ], [ -97.856068, 30.235439 ], [ -97.856172, 30.235453 ], [ -97.8566, 30.235513 ] ] } },
{ "type": "Feature", "properties": { "LINEARID": "1104475260946", "FULLNAME": "US Hwy 183", "RTTYP": "U", "MTFCC": "S1200", "NAME": "Travis" }, "geometry": { "type": "LineString", "coordinates": [ [ -97.69372, 30.090248 ], [ -97.693876, 30.09352 ], [ -97.694058, 30.096664 ], [ -97.694263, 30.100193 ], [ -97.694287, 30.100593 ], [ -97.694349, 30.10167 ], [ -97.694363, 30.101914 ], [ -97.694369, 30.102027 ], [ -97.694425, 30.102972 ], [ -97.694553, 30.105173 ], [ -97.694661, 30.107029 ], [ -97.694708, 30.107487 ], [ -97.69474, 30.108206 ], [ -97.694813, 30.10982 ], [ -97.694866, 30.110985 ], [ -97.694926, 30.112321 ], [ -97.694998, 30.113337 ], [ -97.695029, 30.113775 ], [ -97.695064, 30.115399 ], [ -97.695089, 30.115714 ], [ -97.695255, 30.117868 ], [ -97.695479, 30.122788 ], [ -97.695542, 30.123763 ], [ -97.69576, 30.127636 ], [ -97.695814, 30.128605 ], [ -97.69587, 30.129519 ], [ -97.695935, 30.130674 ], [ -97.69594, 30.130772 ], [ -97.695953, 30.130989 ], [ -97.696069, 30.132779 ], [ -97.696117, 30.133444 ], [ -97.696222, 30.135823 ], [ -97.696731, 30.14419 ], [ -97.696964, 30.147588 ], [ -97.696965, 30.147652 ], [ -97.696913, 30.14978 ], [ -97.696821, 30.150407 ], [ -97.69672, 30.151089 ], [ -97.696689, 30.151302 ], [ -97.696669, 30.151436 ], [ -97.696385, 30.152608 ], [ -97.694238, 30.159879 ], [ -97.693524, 30.162353 ] ] } },
{ "type": "Feature", "properties": { "LINEARID": "1105319782557", "FULLNAME": "Ed Bluestein Blvd", "RTTYP": "M", "MTFCC": "S1200", "NAME": "Travis" }, "geometry": { "type": "LineString", "coordinates": [ [ -97.69054, 30.243015 ], [ -97.690579, 30.243114 ], [ -97.690673, 30.243376 ], [ -97.690752, 30.243641 ], [ -97.690815, 30.243909 ], [ -97.690862, 30.24418 ], [ -97.690906, 30.24452 ], [ -97.690967, 30.24498 ], [ -97.690973, 30.24502 ], [ -97.691011, 30.245343 ], [ -97.691069, 30.245605 ], [ -97.691072, 30.24564 ], [ -97.691116, 30.246091 ], [ -97.691126, 30.246171 ], [ -97.691124, 30.24624 ], [ -97.691143, 30.246655 ], [ -97.691102, 30.247068 ], [ -97.691062, 30.247269 ], [ -97.690894, 30.24777 ], [ -97.690855, 30.247855 ], [ -97.690754, 30.24807 ], [ -97.690636, 30.248247 ], [ -97.690524, 30.248468 ], [ -97.690446, 30.248581 ], [ -97.690275, 30.248806 ], [ -97.690136, 30.248964 ], [ -97.689696, 30.249436 ], [ -97.689355, 30.249668 ], [ -97.689053, 30.24986 ], [ -97.688579, 30.250086 ], [ -97.688142, 30.250278 ], [ -97.687459, 30.250392 ], [ -97.686687, 30.250536 ], [ -97.685733, 30.250669 ], [ -97.6849, 30.250793 ], [ -97.684644, 30.250843 ], [ -97.684199, 30.250925 ], [ -97.683267, 30.251107 ], [ -97.682508, 30.251412 ], [ -97.681312, 30.25203 ], [ -97.68014, 30.252905 ], [ -97.679769, 30.253193 ], [ -97.67954, 30.253371 ], [ -97.679338, 30.253571 ], [ -97.678804, 30.254101 ], [ -97.67821, 30.254827 ], [ -97.677633, 30.255833 ], [ -97.677397, 30.256432 ], [ -97.677143, 30.256795 ], [ -97.675739, 30.258957 ], [ -97.675471, 30.259362 ], [ -97.675218, 30.259767 ], [ -97.674218, 30.261339 ], [ -97.673843, 30.261928 ], [ -97.672912, 30.263342 ], [ -97.672814, 30.263492 ], [ -97.672643, 30.263749 ], [ -97.672602, 30.26381 ], [ -97.672478, 30.264005 ], [ -97.671064, 30.266235 ], [ -97.670777, 30.266794 ], [ -97.670614, 30.267111 ], [ -97.670572, 30.267206 ], [ -97.670272, 30.267882 ], [ -97.670019, 30.268739 ], [ -97.669924, 30.269042 ], [ -97.669837, 30.269385 ], [ -97.669055, 30.272221 ], [ -97.668926, 30.272687 ], [ -97.668784, 30.273202 ], [ -97.668703, 30.273512 ], [ -97.66864, 30.273742 ], [ -97.668193, 30.275481 ], [ -97.668118, 30.275777 ], [ -97.668063, 30.275968 ], [ -97.66801, 30.276187 ], [ -97.667918, 30.276528 ], [ -97.667153, 30.279394 ], [ -97.6669, 30.28034 ], [ -97.666572, 30.281708 ], [ -97.666552, 30.281798 ], [ -97.666526, 30.281877 ], [ -97.666354, 30.282516 ], [ -97.666057, 30.283621 ], [ -97.665508, 30.285658 ], [ -97.664468, 30.289526 ], [ -97.664313, 30.290102 ], [ -97.66388, 30.291861 ], [ -97.663808, 30.292261 ], [ -97.663771, 30.292353 ], [ -97.663762, 30.292376 ], [ -97.663707, 30.292559 ], [ -97.662628, 30.296566 ], [ -97.662605, 30.296655 ], [ -97.661982, 30.299028 ], [ -97.661278, 30.301709 ], [ -97.661116, 30.302549 ], [ -97.661102, 30.302655 ], [ -97.661091, 30.302756 ], [ -97.661042, 30.303475 ], [ -97.660966, 30.30459 ], [ -97.661027, 30.30608 ], [ -97.661151, 30.306781 ], [ -97.661425, 30.307997 ], [ -97.661624, 30.308876 ] ] } },
{ "type": "Feature", "properties": { "LINEARID": "11010865772116", "FULLNAME": "US Hwy 183", "RTTYP": "U", "MTFCC": "S1200", "NAME": "Travis" }, "geometry": { "type": "LineString", "coordinates": [ [ -97.661624, 30.308876 ], [ -97.661425, 30.307997 ], [ -97.661151, 30.306781 ], [ -97.661027, 30.30608 ], [ -97.660966, 30.30459 ], [ -97.661042, 30.303475 ], [ -97.661091, 30.302756 ], [ -97.661102, 30.302655 ], [ -97.661116, 30.302549 ], [ -97.661278, 30.301709 ], [ -97.661982, 30.299028 ], [ -97.662605, 30.296655 ], [ -97.662628, 30.296566 ], [ -97.663707, 30.292559 ], [ -97.663762, 30.292376 ], [ -97.663771, 30.292353 ], [ -97.663808, 30.292261 ], [ -97.66388, 30.291861 ], [ -97.664313, 30.290102 ], [ -97.664468, 30.289526 ], [ -97.665508, 30.285658 ], [ -97.666057, 30.283621 ], [ -97.666354, 30.282516 ], [ -97.666526, 30.281877 ], [ -97.666552, 30.281798 ], [ -97.666572, 30.281708 ], [ -97.6669, 30.28034 ], [ -97.667153, 30.279394 ], [ -97.667918, 30.276528 ], [ -97.66801, 30.276187 ], [ -97.668063, 30.275968 ], [ -97.668118, 30.275777 ], [ -97.668193, 30.275481 ], [ -97.66864, 30.273742 ], [ -97.668703, 30.273512 ], [ -97.668784, 30.273202 ], [ -97.668926, 30.272687 ], [ -97.669055, 30.272221 ], [ -97.669837, 30.269385 ], [ -97.669924, 30.269042 ], [ -97.670019, 30.268739 ], [ -97.670272, 30.267882 ], [ -97.670572, 30.267206 ], [ -97.670614, 30.267111 ], [ -97.670777, 30.266794 ], [ -97.671064, 30.266235 ], [ -97.672478, 30.264005 ], [ -97.672602, 30.26381 ], [ -97.672643, 30.263749 ], [ -97.672814, 30.263492 ], [ -97.672912, 30.263342 ], [ -97.673843, 30.261928 ], [ -97.674218, 30.261339 ], [ -97.675218, 30.259767 ], [ -97.675471, 30.259362 ], [ -97.675739, 30.258957 ], [ -97.677143, 30.256795 ], [ -97.677397, 30.256432 ], [ -97.677633, 30.255833 ], [ -97.67821, 30.254827 ], [ -97.678804, 30.254101 ], [ -97.679338, 30.253571 ], [ -97.67954, 30.253371 ], [ -97.679769, 30.253193 ], [ -97.68014, 30.252905 ], [ -97.681312, 30.25203 ], [ -97.682508, 30.251412 ], [ -97.683267, 30.251107 ], [ -97.684199, 30.250925 ], [ -97.684644, 30.250843 ], [ -97.6849, 30.250793 ], [ -97.685733, 30.250669 ], [ -97.686687, 30.250536 ], [ -97.687459, 30.250392 ], [ -97.688142, 30.250278 ], [ -97.688579, 30.250086 ], [ -97.689053, 30.24986 ], [ -97.689355, 30.249668 ], [ -97.689696, 30.249436 ], [ -97.690136, 30.248964 ], [ -97.690275, 30.248806 ], [ -97.690446, 30.248581 ], [ -97.690524, 30.248468 ], [ -97.690636, 30.248247 ], [ -97.690754, 30.24807 ], [ -97.690855, 30.247855 ], [ -97.690894, 30.24777 ], [ -97.691062, 30.247269 ], [ -97.691102, 30.247068 ], [ -97.691143, 30.246655 ], [ -97.691124, 30.24624 ], [ -97.691126, 30.246171 ], [ -97.691116, 30.246091 ], [ -97.691072, 30.24564 ], [ -97.691069, 30.245605 ], [ -97.691011, 30.245343 ], [ -97.690973, 30.24502 ], [ -97.690967, 30.24498 ], [ -97.690906, 30.24452 ], [ -97.690862, 30.24418 ], [ -97.690815, 30.243909 ], [ -97.690752, 30.243641 ], [ -97.690673, 30.243376 ], [ -97.690579, 30.243114 ], [ -97.69054, 30.243015 ], [ -97.690459, 30.24281 ], [ -97.689532, 30.241454 ], [ -97.68911, 30.240898 ], [ -97.688786, 30.24045 ], [ -97.688325, 30.239734 ], [ -97.687599, 30.238563 ], [ -97.687421, 30.238253 ], [ -97.686996, 30.237513 ], [ -97.68657, 30.236771 ], [ -97.686391, 30.236469 ], [ -97.686236, 30.236186 ], [ -97.685893, 30.235581 ], [ -97.685771, 30.235367 ], [ -97.68536, 30.234653 ], [ -97.685191, 30.234359 ], [ -97.684462, 30.23309 ], [ -97.684237, 30.232665 ], [ -97.683855, 30.231944 ], [ -97.683416, 30.230794 ], [ -97.683228, 30.230204 ], [ -97.683184, 30.229945 ], [ -97.6831, 30.22945 ], [ -97.683101, 30.229361 ], [ -97.683092, 30.22857 ], [ -97.683094, 30.228481 ], [ -97.683142, 30.226726 ], [ -97.683213, 30.225492 ], [ -97.68328, 30.222798 ], [ -97.683284, 30.222526 ], [ -97.683288, 30.22229 ], [ -97.68331, 30.221701 ], [ -97.683315, 30.221586 ], [ -97.683303, 30.221124 ], [ -97.683385, 30.219197 ], [ -97.683387, 30.219162 ], [ -97.683401, 30.218838 ], [ -97.683413, 30.218554 ], [ -97.683424, 30.217827 ], [ -97.683421, 30.217663 ], [ -97.683419, 30.217529 ], [ -97.683419, 30.217457 ], [ -97.683418, 30.217405 ], [ -97.683439, 30.216879 ], [ -97.683457, 30.216058 ], [ -97.683473, 30.215336 ], [ -97.683476, 30.214508 ], [ -97.683467, 30.213707 ], [ -97.68346, 30.213547 ], [ -97.683414, 30.211919 ], [ -97.683412, 30.209949 ], [ -97.683434, 30.208471 ], [ -97.683484, 30.205112 ], [ -97.683702, 30.202225 ], [ -97.683747, 30.201627 ], [ -97.68401, 30.199951 ], [ -97.684246, 30.198441 ], [ -97.684274, 30.198315 ], [ -97.684305, 30.198179 ], [ -97.684873, 30.194621 ], [ -97.685044, 30.193416 ], [ -97.685294, 30.191848 ], [ -97.685691, 30.190187 ], [ -97.686041, 30.188855 ], [ -97.686274, 30.188031 ], [ -97.686945, 30.185659 ], [ -97.687211, 30.184718 ], [ -97.68755, 30.183521 ], [ -97.687754, 30.183 ], [ -97.687796, 30.182843 ], [ -97.687824, 30.182733 ], [ -97.688534, 30.180062 ], [ -97.689135, 30.178025 ], [ -97.689183, 30.177852 ], [ -97.689487, 30.176765 ], [ -97.690052, 30.174752 ], [ -97.690077, 30.174664 ], [ -97.69032, 30.1738 ], [ -97.691124, 30.170932 ], [ -97.691574, 30.169368 ], [ -97.691959, 30.167971 ], [ -97.692108, 30.167433 ], [ -97.692355, 30.166538 ], [ -97.692378, 30.166455 ], [ -97.692987, 30.164246 ], [ -97.693002, 30.164193 ], [ -97.693028, 30.164102 ], [ -97.693297, 30.163231 ], [ -97.693347, 30.163058 ], [ -97.693365, 30.162995 ], [ -97.693415, 30.162823 ], [ -97.693432, 30.162764 ], [ -97.693524, 30.162353 ] ] } },
{ "type": "Feature", "properties": { "LINEARID": "1105320994475", "FULLNAME": "State Hwy 71", "RTTYP": "S", "MTFCC": "S1200", "NAME": "Travis" }, "geometry": { "type": "LineString", "coordinates": [ [ -97.529228, 30.176525 ], [ -97.530253, 30.177013 ], [ -97.534846, 30.179479 ], [ -97.535143, 30.179642 ], [ -97.535625, 30.179906 ], [ -97.535962, 30.180081 ], [ -97.536609, 30.180425 ], [ -97.53683, 30.180531 ], [ -97.536904, 30.18057 ], [ -97.538974, 30.181666 ], [ -97.540195, 30.182321 ], [ -97.540419, 30.182428 ], [ -97.540591, 30.182517 ], [ -97.541007, 30.182738 ], [ -97.541142, 30.182816 ], [ -97.541223, 30.182853 ], [ -97.54134, 30.182895 ], [ -97.54283, 30.183724 ], [ -97.543944, 30.18421 ], [ -97.545043, 30.18463 ], [ -97.545919, 30.184933 ], [ -97.546925, 30.1852 ], [ -97.547703, 30.185385 ], [ -97.549024, 30.185616 ], [ -97.550644, 30.185898 ], [ -97.551838, 30.1861 ], [ -97.553363, 30.186354 ], [ -97.555486, 30.186737 ], [ -97.558532, 30.187195 ], [ -97.561265, 30.187532 ], [ -97.562012, 30.187628 ], [ -97.5622, 30.187656 ], [ -97.562418, 30.187693 ], [ -97.563205, 30.187824 ], [ -97.563271, 30.187834 ], [ -97.564601, 30.188052 ], [ -97.564804, 30.188076 ], [ -97.565302, 30.188164 ], [ -97.565424, 30.188192 ], [ -97.56558, 30.188213 ], [ -97.569627, 30.188908 ], [ -97.57196, 30.189309 ], [ -97.572763, 30.189442 ], [ -97.573997, 30.189643 ], [ -97.574153, 30.18968 ], [ -97.574285, 30.189693 ], [ -97.5743, 30.189705 ], [ -97.57441, 30.189727 ], [ -97.574707, 30.189766 ], [ -97.57504, 30.189802 ], [ -97.575367, 30.189828 ], [ -97.575694, 30.189843 ], [ -97.57601, 30.189853 ], [ -97.576351, 30.189855 ], [ -97.576679, 30.189848 ], [ -97.577143, 30.189825 ], [ -97.577607, 30.189791 ], [ -97.579995, 30.189567 ], [ -97.580976, 30.189478 ], [ -97.583014, 30.189297 ], [ -97.585557, 30.189052 ], [ -97.585669, 30.18904 ], [ -97.585817, 30.189028 ], [ -97.59171, 30.188479 ], [ -97.594011, 30.188267 ], [ -97.594545, 30.1882 ], [ -97.597955, 30.187768 ], [ -97.598134, 30.18775 ], [ -97.601888, 30.18728 ], [ -97.602172, 30.18724 ], [ -97.602464, 30.187199 ], [ -97.602695, 30.187176 ], [ -97.60343, 30.187081 ], [ -97.6046, 30.186931 ], [ -97.604957, 30.186885 ], [ -97.606009, 30.186763 ], [ -97.606553, 30.1867 ], [ -97.608327, 30.186539 ], [ -97.608767, 30.1865 ], [ -97.608918, 30.186486 ], [ -97.609354, 30.186446 ], [ -97.609488, 30.186437 ], [ -97.609677, 30.186417 ], [ -97.60992, 30.186395 ], [ -97.610803, 30.186324 ], [ -97.61164, 30.186252 ], [ -97.612247, 30.186215 ], [ -97.612619, 30.186213 ], [ -97.613136, 30.186249 ], [ -97.613549, 30.18629 ], [ -97.613873, 30.186357 ], [ -97.614415, 30.186495 ], [ -97.61485, 30.186633 ], [ -97.615079, 30.18672 ], [ -97.615769, 30.187048 ], [ -97.616397, 30.187471 ], [ -97.616488, 30.187529 ], [ -97.616595, 30.187626 ], [ -97.617012, 30.187987 ], [ -97.617949, 30.18886 ], [ -97.61846, 30.189335 ], [ -97.619202, 30.190019 ], [ -97.619408, 30.190209 ], [ -97.621019, 30.191696 ], [ -97.621194, 30.19197 ], [ -97.621391, 30.192308 ], [ -97.621754, 30.192844 ], [ -97.622156, 30.19337 ], [ -97.622414, 30.193628 ], [ -97.622902, 30.194068 ], [ -97.623438, 30.194528 ], [ -97.623664, 30.194727 ], [ -97.624088, 30.195092 ], [ -97.624356, 30.195312 ], [ -97.624758, 30.195685 ], [ -97.625246, 30.196106 ], [ -97.625734, 30.196469 ], [ -97.626499, 30.197062 ], [ -97.627398, 30.197636 ], [ -97.628144, 30.198095 ], [ -97.629091, 30.198583 ], [ -97.630105, 30.199052 ], [ -97.631406, 30.199607 ], [ -97.632359, 30.19996 ], [ -97.632898, 30.200171 ], [ -97.633862, 30.200532 ], [ -97.63444, 30.200772 ], [ -97.636028, 30.201602 ], [ -97.636124, 30.201649 ], [ -97.636196, 30.201685 ], [ -97.637409, 30.202284 ], [ -97.637513, 30.202338 ], [ -97.63759, 30.202375 ], [ -97.637694, 30.20243 ], [ -97.637727, 30.20244 ], [ -97.63804, 30.20259 ], [ -97.639274, 30.203236 ], [ -97.639367, 30.20329 ], [ -97.639513, 30.203358 ], [ -97.641288, 30.204245 ], [ -97.641392, 30.204297 ], [ -97.641555, 30.204379 ], [ -97.641896, 30.204551 ], [ -97.642046, 30.204627 ], [ -97.642064, 30.204636 ], [ -97.645716, 30.206493 ], [ -97.645856, 30.206564 ], [ -97.645987, 30.206632 ], [ -97.646525, 30.206911 ], [ -97.650997, 30.209185 ], [ -97.651113, 30.209239 ], [ -97.651351, 30.209362 ], [ -97.652369, 30.209886 ], [ -97.652501, 30.209956 ], [ -97.652598, 30.210007 ], [ -97.652658, 30.210045 ], [ -97.653124, 30.210314 ], [ -97.653529, 30.210548 ], [ -97.654192, 30.210847 ], [ -97.65527, 30.211348 ], [ -97.65533, 30.211378 ], [ -97.655908, 30.211635 ], [ -97.656616, 30.211949 ], [ -97.656893, 30.212072 ], [ -97.657149, 30.212186 ], [ -97.658541, 30.212864 ], [ -97.658646, 30.212915 ], [ -97.658712, 30.212951 ], [ -97.660217, 30.213759 ], [ -97.660342, 30.213826 ], [ -97.661548, 30.2145 ], [ -97.662879, 30.215259 ], [ -97.66364, 30.215693 ], [ -97.664001, 30.215907 ], [ -97.664503, 30.216206 ], [ -97.66503, 30.21652 ], [ -97.667583, 30.217922 ], [ -97.668054, 30.218169 ], [ -97.668787, 30.218554 ], [ -97.66892, 30.218624 ], [ -97.669174, 30.218754 ], [ -97.670093, 30.219205 ], [ -97.670759, 30.219551 ], [ -97.671651, 30.220015 ], [ -97.672023, 30.220209 ], [ -97.672235, 30.22032 ], [ -97.672361, 30.220384 ], [ -97.673219, 30.220822 ], [ -97.674016, 30.221226 ], [ -97.675158, 30.221723 ], [ -97.675874, 30.222035 ], [ -97.676611, 30.222346 ], [ -97.677677, 30.222891 ] ] } },
{ "type": "Feature", "properties": { "LINEARID": "1108296485168", "FULLNAME": "Research Blvd", "RTTYP": "M", "MTFCC": "S1100", "NAME": "Travis" }, "geometry": { "type": "LineString", "coordinates": [ [ -97.712439, 30.347805 ], [ -97.712527, 30.347895 ], [ -97.712705, 30.348133 ], [ -97.712814, 30.348286 ], [ -97.712827, 30.348328 ], [ -97.713056, 30.348739 ], [ -97.713358, 30.34967 ], [ -97.713987, 30.351613 ], [ -97.714411, 30.353019 ], [ -97.714566, 30.353553 ], [ -97.715038, 30.354982 ], [ -97.715228, 30.35561 ], [ -97.71562, 30.35698 ], [ -97.715742, 30.357408 ], [ -97.716293, 30.359485 ], [ -97.716496, 30.360266 ], [ -97.716549, 30.360467 ], [ -97.716585, 30.360605 ], [ -97.71738, 30.363234 ], [ -97.717542, 30.363771 ], [ -97.717866, 30.36493 ], [ -97.717979, 30.365531 ], [ -97.718107, 30.366208 ], [ -97.718166, 30.366584 ], [ -97.718363, 30.367415 ], [ -97.718657, 30.36817 ], [ -97.718759, 30.368355 ], [ -97.71899, 30.36877 ], [ -97.719029, 30.368833 ], [ -97.71923, 30.369158 ], [ -97.71936, 30.369358 ], [ -97.719461, 30.369492 ], [ -97.719589, 30.369644 ], [ -97.719877, 30.36994 ], [ -97.71997, 30.370036 ], [ -97.720429, 30.370439 ], [ -97.720682, 30.370601 ], [ -97.720868, 30.370728 ], [ -97.721101, 30.370849 ], [ -97.721699, 30.371139 ], [ -97.723804, 30.372043 ], [ -97.723914, 30.372095 ], [ -97.726302, 30.373232 ], [ -97.726497, 30.373325 ], [ -97.72818, 30.374128 ], [ -97.728661, 30.374358 ], [ -97.729496, 30.37479 ], [ -97.731047, 30.375561 ], [ -97.731262, 30.375671 ], [ -97.731776, 30.375934 ], [ -97.732464, 30.376321 ], [ -97.73274, 30.376476 ], [ -97.732836, 30.376532 ], [ -97.733058, 30.376661 ], [ -97.73354, 30.376954 ], [ -97.735073, 30.37797 ], [ -97.735123, 30.378003 ], [ -97.735222, 30.378069 ], [ -97.735851, 30.378486 ], [ -97.736006, 30.378579 ], [ -97.736176, 30.378682 ], [ -97.736293, 30.378753 ], [ -97.736351, 30.378788 ], [ -97.737416, 30.379453 ], [ -97.737616, 30.379582 ], [ -97.737737, 30.37966 ], [ -97.737855, 30.379729 ], [ -97.737901, 30.379756 ], [ -97.737952, 30.379786 ], [ -97.738007, 30.379818 ], [ -97.738187, 30.379923 ], [ -97.738264, 30.37997 ], [ -97.738299, 30.379988 ], [ -97.738447, 30.380071 ], [ -97.739123, 30.380489 ], [ -97.740089, 30.381251 ], [ -97.740871, 30.381987 ], [ -97.7412, 30.382394 ], [ -97.741452, 30.382706 ], [ -97.741729, 30.383135 ], [ -97.741983, 30.383632 ], [ -97.742344, 30.384363 ], [ -97.743704, 30.38708 ], [ -97.743966, 30.387699 ], [ -97.744766, 30.389288 ], [ -97.744886, 30.389525 ], [ -97.744927, 30.389608 ], [ -97.744941, 30.389638 ], [ -97.745452, 30.390523 ], [ -97.745835, 30.391384 ], [ -97.745968, 30.391681 ], [ -97.746012, 30.391867 ], [ -97.746188, 30.392617 ], [ -97.746306, 30.393626 ], [ -97.746314, 30.393868 ], [ -97.74632, 30.394051 ], [ -97.746314, 30.394146 ], [ -97.746297, 30.394358 ], [ -97.746275, 30.394638 ], [ -97.74619, 30.395831 ], [ -97.746114, 30.396908 ], [ -97.746069, 30.397557 ], [ -97.74606, 30.39764 ], [ -97.745988, 30.398268 ], [ -97.745796, 30.399929 ], [ -97.745763, 30.400216 ], [ -97.745748, 30.400345 ], [ -97.745741, 30.400403 ], [ -97.745734, 30.40048 ], [ -97.745712, 30.400708 ], [ -97.745586, 30.402025 ], [ -97.745385, 30.404131 ], [ -97.745096, 30.406864 ], [ -97.744995, 30.407588 ], [ -97.744989, 30.407698 ], [ -97.744978, 30.407882 ], [ -97.744965, 30.408094 ], [ -97.744946, 30.408396 ], [ -97.744945, 30.40883 ], [ -97.744979, 30.409207 ], [ -97.745053, 30.410208 ], [ -97.745254, 30.411249 ], [ -97.745376, 30.412096 ], [ -97.745524, 30.412834 ], [ -97.745932, 30.414863 ], [ -97.74599, 30.41519 ], [ -97.746295, 30.416919 ], [ -97.746655, 30.418832 ], [ -97.746688, 30.419009 ], [ -97.7467, 30.419072 ], [ -97.746748, 30.419314 ], [ -97.747142, 30.42132 ], [ -97.747213, 30.421575 ], [ -97.74749, 30.42229 ], [ -97.747671, 30.422621 ], [ -97.747837, 30.422872 ], [ -97.748052, 30.423145 ], [ -97.748171, 30.423273 ], [ -97.748434, 30.423557 ], [ -97.748602, 30.423737 ], [ -97.748817, 30.423969 ], [ -97.74933, 30.424362 ], [ -97.749533, 30.424487 ], [ -97.749747, 30.424613 ], [ -97.750204, 30.424853 ], [ -97.751636, 30.425558 ], [ -97.753542, 30.426479 ], [ -97.75359, 30.426502 ], [ -97.753615, 30.426514 ], [ -97.753633, 30.426523 ], [ -97.754734, 30.427052 ], [ -97.75494, 30.427159 ], [ -97.755084, 30.427231 ], [ -97.758301, 30.428852 ], [ -97.75896, 30.429183 ], [ -97.759178, 30.429292 ], [ -97.759449, 30.429426 ], [ -97.761716, 30.430546 ], [ -97.762461, 30.43091 ], [ -97.765609, 30.432407 ] ] } },
{ "type": "Feature", "properties": { "LINEARID": "1108296486635", "FULLNAME": "State Spur 69", "RTTYP": "S", "MTFCC": "S1100", "NAME": "Travis" }, "geometry": { "type": "LineString", "coordinates": [ [ -97.696464, 30.32156 ], [ -97.696646, 30.321576 ], [ -97.698304, 30.321745 ], [ -97.700954, 30.322058 ], [ -97.701745, 30.322129 ], [ -97.704687, 30.322346 ], [ -97.70565, 30.322349 ], [ -97.706001, 30.322312 ], [ -97.706165, 30.322295 ], [ -97.706539, 30.322273 ], [ -97.706602, 30.322258 ], [ -97.706761, 30.322218 ], [ -97.706858, 30.322197 ], [ -97.706981, 30.32217 ], [ -97.707138, 30.322135 ], [ -97.707293, 30.322088 ], [ -97.707449, 30.322042 ], [ -97.707612, 30.321988 ], [ -97.708302, 30.321762 ], [ -97.709109, 30.321496 ], [ -97.709377, 30.321402 ], [ -97.70959, 30.321335 ], [ -97.710112, 30.32117 ], [ -97.710481, 30.321059 ], [ -97.710782, 30.320953 ], [ -97.710873, 30.320925 ], [ -97.711072, 30.320865 ], [ -97.711736, 30.320672 ], [ -97.71243, 30.320502 ], [ -97.712582, 30.320459 ], [ -97.712423, 30.32048 ], [ -97.712036, 30.320536 ], [ -97.711747, 30.320604 ], [ -97.711579, 30.320644 ], [ -97.711084, 30.32077 ], [ -97.710706, 30.320869 ], [ -97.710038, 30.321061 ], [ -97.709691, 30.321165 ], [ -97.709417, 30.321247 ], [ -97.708995, 30.321381 ], [ -97.708229, 30.321594 ], [ -97.707866, 30.321693 ], [ -97.707626, 30.321773 ], [ -97.707462, 30.321828 ], [ -97.707053, 30.321922 ], [ -97.706891, 30.321963 ], [ -97.706791, 30.321982 ], [ -97.706637, 30.322011 ], [ -97.706521, 30.322032 ], [ -97.706262, 30.32208 ], [ -97.706111, 30.322113 ], [ -97.705997, 30.322137 ], [ -97.705955, 30.322146 ], [ -97.705875, 30.322156 ], [ -97.70581, 30.322164 ], [ -97.705384, 30.32217 ], [ -97.705106, 30.322152 ], [ -97.702668, 30.322024 ], [ -97.701979, 30.321964 ] ] } },
{ "type": "Feature", "properties": { "LINEARID": "1104475227853", "FULLNAME": "State Spur 69", "RTTYP": "S", "MTFCC": "S1200", "NAME": "Travis" }, "geometry": { "type": "LineString", "coordinates": [ [ -97.712582, 30.320459 ], [ -97.712645, 30.320446 ], [ -97.712756, 30.320435 ], [ -97.712924, 30.320416 ], [ -97.713229, 30.320381 ], [ -97.713467, 30.320356 ], [ -97.71373, 30.320342 ], [ -97.71408, 30.320317 ], [ -97.714621, 30.320311 ], [ -97.715374, 30.320422 ], [ -97.7159, 30.320655 ], [ -97.715961, 30.320682 ], [ -97.716678, 30.32104 ], [ -97.717641, 30.321494 ], [ -97.718574, 30.321964 ], [ -97.719558, 30.322422 ], [ -97.720403, 30.322712 ], [ -97.721186, 30.322873 ], [ -97.721988, 30.32295 ], [ -97.722699, 30.323102 ], [ -97.722728, 30.323108 ], [ -97.72383, 30.323502 ], [ -97.724557, 30.323918 ], [ -97.724853, 30.324123 ], [ -97.725184, 30.32441 ], [ -97.725389, 30.324632 ], [ -97.725533, 30.324829 ], [ -97.725672, 30.325086 ], [ -97.725799, 30.325367 ], [ -97.725879, 30.325519 ], [ -97.725947, 30.325609 ], [ -97.726041, 30.32572 ], [ -97.726326, 30.32596 ] ] } },
{ "type": "Feature", "properties": { "LINEARID": "1104474975778", "FULLNAME": "State Hwy 165", "RTTYP": "S", "MTFCC": "S1200", "NAME": "Travis" }, "geometry": { "type": "LineString", "coordinates": [ [ -97.726807, 30.264901 ], [ -97.726432, 30.26575 ], [ -97.726297, 30.26609 ] ] } },
{ "type": "Feature", "properties": { "LINEARID": "110485908377", "FULLNAME": "State Loop 111", "RTTYP": "S", "MTFCC": "S1200", "NAME": "Travis" }, "geometry": { "type": "LineString", "coordinates": [ [ -97.692464, 30.253104 ], [ -97.692547, 30.252823 ], [ -97.692486, 30.250767 ], [ -97.692449, 30.250367 ], [ -97.6924, 30.250061 ], [ -97.692296, 30.249789 ], [ -97.692216, 30.249506 ], [ -97.692051, 30.248981 ], [ -97.69172, 30.248105 ], [ -97.691586, 30.247159 ], [ -97.691442, 30.246213 ], [ -97.691343, 30.245573 ], [ -97.691312, 30.245374 ], [ -97.69128, 30.245176 ], [ -97.691244, 30.244952 ], [ -97.691129, 30.24424 ], [ -97.691081, 30.243934 ], [ -97.690682, 30.242861 ], [ -97.690668, 30.242822 ], [ -97.69038, 30.242349 ], [ -97.689532, 30.241454 ] ] } },
{ "type": "Feature", "properties": { "LINEARID": "1108296487971", "FULLNAME": "State Hwy 45", "RTTYP": "S", "MTFCC": "S1100", "NAME": "Travis" }, "geometry": { "type": "LineString", "coordinates": [ [ -97.679525, 30.09145 ], [ -97.681131, 30.089942 ], [ -97.682396, 30.088841 ], [ -97.683616, 30.087681 ], [ -97.68564, 30.085754 ], [ -97.686883, 30.084581 ], [ -97.687902, 30.083729 ], [ -97.689312, 30.082766 ], [ -97.690359, 30.082208 ], [ -97.691923, 30.081524 ], [ -97.692937, 30.08119 ], [ -97.693159, 30.081119 ], [ -97.693349, 30.081069 ], [ -97.69371, 30.080961 ], [ -97.694036, 30.080897 ], [ -97.694439, 30.08078 ], [ -97.69496, 30.080681 ], [ -97.696101, 30.080476 ], [ -97.697039, 30.080336 ], [ -97.697728, 30.080315 ], [ -97.698195, 30.080311 ], [ -97.699107, 30.080336 ], [ -97.70061, 30.080477 ], [ -97.701433, 30.080595 ], [ -97.703534, 30.080961 ], [ -97.706001, 30.081338 ], [ -97.707519, 30.081597 ], [ -97.70893, 30.081844 ], [ -97.709932, 30.081952 ], [ -97.710945, 30.081974 ], [ -97.712162, 30.081909 ], [ -97.713702, 30.081769 ], [ -97.715663, 30.081564 ], [ -97.718571, 30.081273 ], [ -97.722341, 30.080929 ], [ -97.724118, 30.080735 ], [ -97.725034, 30.080681 ], [ -97.725616, 30.08067 ], [ -97.725626, 30.080659 ], [ -97.726014, 30.080659 ], [ -97.726908, 30.080703 ], [ -97.727727, 30.080789 ], [ -97.728966, 30.080972 ], [ -97.73029, 30.081273 ], [ -97.730689, 30.081413 ], [ -97.7314, 30.081704 ], [ -97.732671, 30.082232 ], [ -97.734534, 30.083094 ], [ -97.735279, 30.083419 ], [ -97.735626, 30.083583 ], [ -97.735703, 30.08362 ], [ -97.735939, 30.08373 ], [ -97.736174, 30.08384 ], [ -97.736408, 30.083949 ], [ -97.736641, 30.084057 ], [ -97.736842, 30.084148 ], [ -97.737111, 30.08427 ], [ -97.737581, 30.084475 ], [ -97.738042, 30.084683 ], [ -97.738495, 30.084902 ], [ -97.738962, 30.085127 ], [ -97.739444, 30.085355 ], [ -97.739689, 30.08547 ], [ -97.739937, 30.085586 ], [ -97.740187, 30.085703 ], [ -97.740438, 30.085819 ], [ -97.740689, 30.085933 ], [ -97.740939, 30.086048 ], [ -97.74119, 30.086163 ], [ -97.741441, 30.086278 ], [ -97.741693, 30.086393 ], [ -97.741946, 30.086509 ], [ -97.742201, 30.086626 ], [ -97.742456, 30.086744 ], [ -97.742712, 30.086861 ], [ -97.742969, 30.086979 ], [ -97.742999, 30.086993 ], [ -97.743057, 30.087019 ], [ -97.743225, 30.087097 ], [ -97.743482, 30.087215 ], [ -97.743997, 30.087451 ], [ -97.744254, 30.087569 ], [ -97.744646, 30.087749 ], [ -97.744767, 30.087805 ], [ -97.745022, 30.087922 ], [ -97.745278, 30.088038 ], [ -97.745791, 30.088273 ], [ -97.746304, 30.08851 ], [ -97.746561, 30.088628 ], [ -97.746818, 30.088746 ], [ -97.747074, 30.088863 ], [ -97.74733, 30.088981 ], [ -97.747846, 30.089216 ], [ -97.748106, 30.089334 ], [ -97.748369, 30.089452 ], [ -97.748634, 30.089568 ], [ -97.7489, 30.089683 ], [ -97.749168, 30.089796 ], [ -97.749436, 30.089908 ], [ -97.749705, 30.090019 ], [ -97.749975, 30.090127 ], [ -97.750245, 30.090233 ], [ -97.750515, 30.090338 ], [ -97.750785, 30.090441 ], [ -97.751055, 30.090543 ], [ -97.751324, 30.090644 ], [ -97.751593, 30.090743 ], [ -97.751862, 30.090839 ], [ -97.752132, 30.090932 ], [ -97.752669, 30.091116 ], [ -97.7532, 30.091297 ], [ -97.753729, 30.091477 ], [ -97.754265, 30.09166 ], [ -97.754807, 30.091845 ], [ -97.755125, 30.091954 ], [ -97.755328, 30.092024 ], [ -97.755573, 30.092108 ], [ -97.755816, 30.092192 ], [ -97.756056, 30.092276 ], [ -97.756296, 30.092358 ], [ -97.756474, 30.092419 ], [ -97.758113, 30.092971 ], [ -97.760785, 30.093876 ], [ -97.76239, 30.094394 ], [ -97.764232, 30.095039 ], [ -97.767161, 30.096084 ], [ -97.770231, 30.097086 ], [ -97.770935, 30.097348 ], [ -97.771513, 30.097538 ], [ -97.773678, 30.098282 ], [ -97.775789, 30.099014 ], [ -97.776985, 30.099477 ], [ -97.777923, 30.099865 ], [ -97.778967, 30.100307 ], [ -97.780626, 30.101115 ], [ -97.782032, 30.10188 ], [ -97.783588, 30.102741 ], [ -97.785419, 30.103883 ], [ -97.786389, 30.104465 ], [ -97.787821, 30.105434 ], [ -97.789333, 30.106365 ], [ -97.790224, 30.106964 ], [ -97.790917, 30.107443 ], [ -97.792033, 30.108192 ], [ -97.793757, 30.109301 ], [ -97.795362, 30.110206 ], [ -97.795645, 30.110373 ], [ -97.796202, 30.110658 ], [ -97.797031, 30.110949 ], [ -97.797548, 30.111121 ], [ -97.798313, 30.111272 ], [ -97.799002, 30.111358 ], [ -97.799552, 30.11138 ], [ -97.800252, 30.111358 ], [ -97.801921, 30.111315 ], [ -97.802936, 30.11127 ], [ -97.803902, 30.111216 ], [ -97.804381, 30.111158 ], [ -97.804816, 30.111068 ], [ -97.805243, 30.110933 ], [ -97.805656, 30.11078 ], [ -97.805959, 30.110657 ], [ -97.806228, 30.110514 ], [ -97.806505, 30.110344 ], [ -97.806845, 30.110084 ], [ -97.807153, 30.109834 ], [ -97.807239, 30.109746 ], [ -97.80748, 30.109499 ], [ -97.807657, 30.109248 ], [ -97.807726, 30.10915 ], [ -97.808012, 30.108667 ], [ -97.808407, 30.107799 ], [ -97.808505, 30.10758 ], [ -97.808764, 30.107064 ], [ -97.809364, 30.1058 ], [ -97.810041, 30.104382 ], [ -97.810656, 30.103313 ], [ -97.810985, 30.102701 ], [ -97.811198, 30.102298 ], [ -97.811858, 30.101127 ], [ -97.812162, 30.100611 ], [ -97.812414, 30.100203 ], [ -97.812824, 30.099455 ], [ -97.813107, 30.099006 ] ] } },
{ "type": "Feature", "properties": { "LINEARID": "110485898117", "FULLNAME": "Ed Bluestein Dr", "RTTYP": "M", "MTFCC": "S1200", "NAME": "Travis" }, "geometry": { "type": "LineString", "coordinates": [ [ -97.668453, 30.273451 ], [ -97.668386, 30.273672 ], [ -97.667863, 30.27573 ], [ -97.667799, 30.275974 ] ] } },
{ "type": "Feature", "properties": { "LINEARID": "110485712542", "FULLNAME": "State Hwy 45", "RTTYP": "S", "MTFCC": "S1200", "NAME": "Travis" }, "geometry": { "type": "LineString", "coordinates": [ [ -97.892274, 30.175604 ], [ -97.892923, 30.176205 ], [ -97.893889, 30.177079 ], [ -97.894922, 30.178019 ], [ -97.895954, 30.1788 ], [ -97.89708, 30.179541 ], [ -97.898258, 30.18015 ], [ -97.89985, 30.180898 ], [ -97.900129, 30.181029 ], [ -97.900204, 30.181064 ], [ -97.900322, 30.181126 ], [ -97.900372, 30.181153 ], [ -97.900797, 30.181327 ], [ -97.901262, 30.181563 ], [ -97.902733, 30.182295 ], [ -97.902957, 30.182398 ], [ -97.904639, 30.18305 ], [ -97.906083, 30.183523 ], [ -97.90787, 30.184109 ], [ -97.909842, 30.184771 ], [ -97.911328, 30.185375 ], [ -97.913616, 30.186426 ], [ -97.913866, 30.186541 ], [ -97.918724, 30.18924 ], [ -97.918924, 30.189351 ], [ -97.924709, 30.192165 ], [ -97.924957, 30.192283 ], [ -97.925205, 30.1924 ] ] } },
{ "type": "Feature", "properties": { "LINEARID": "1104475157995", "FULLNAME": "State Hwy 71", "RTTYP": "S", "MTFCC": "S1200", "NAME": "Travis" }, "geometry": { "type": "LineString", "coordinates": [ [ -97.87578, 30.234695 ], [ -97.875172, 30.234144 ], [ -97.874969, 30.233902 ], [ -97.874851, 30.233695 ], [ -97.874723, 30.233418 ], [ -97.87454, 30.233351 ], [ -97.874368, 30.233345 ], [ -97.87423, 30.233361 ], [ -97.873771, 30.233517 ], [ -97.87307, 30.233706 ], [ -97.872308, 30.233864 ], [ -97.871875, 30.233925 ], [ -97.871638, 30.233993 ] ] } }
]
}
